{"type":"FeatureCollection","features":[{"type":"Feature","id":0,"geometry":{"type":"Point","coordinates":[71.40922,51.191898]},"properties":{"id":0,"category":"vandalism","label":"Vandalism","severity":1,"year":2024,"month":3,"hour":20,"area":"Railway Station / Sortirovka","mock":true}},{"type":"Feature","id":1,"geometry":{"type":"Point","coordinates":[71.344407,51.196361]},"properties":{"id":1,"category":"theft","label":"Theft","severity":1,"year":2024,"month":2,"hour":14,"area":"Koktal / Northwest","mock":true}},{"type":"Feature","id":2,"geometry":{"type":"Point","coordinates":[71.4233,51.124261]},"properties":{"id":2,"category":"theft","label":"Theft","severity":1,"year":2025,"month":12,"hour":23,"area":"Left Bank Boulevard","mock":true}},{"type":"Feature","id":3,"geometry":{"type":"Point","coordinates":[71.419146,51.126268]},"properties":{"id":3,"category":"vandalism","label":"Vandalism","severity":2,"year":2025,"month":4,"hour":9,"area":"Left Bank Boulevard","mock":true}},{"type":"Feature","id":4,"geometry":{"type":"Point","coordinates":[71.450489,51.097185]},"properties":{"id":4,"category":"burglary","label":"Burglary","severity":1,"year":2024,"month":2,"hour":22,"area":"Highway Corridor South","mock":true}},{"type":"Feature","id":5,"geometry":{"type":"Point","coordinates":[71.419874,51.12761]},"properties":{"id":5,"category":"vandalism","label":"Vandalism","severity":2,"year":2025,"month":3,"hour":6,"area":"Left Bank Boulevard","mock":true}},{"type":"Feature","id":6,"geometry":{"type":"Point","coordinates":[71.423799,51.130986]},"properties":{"id":6,"category":"vandalism","label":"Vandalism","severity":1,"year":2024,"month":1,"hour":14,"area":"Left Bank Boulevard","mock":true}},{"type":"Feature","id":7,"geometry":{"type":"Point","coordinates":[71.417868,51.087694]},"properties":{"id":7,"category":"theft","label":"Theft","severity":1,"year":2024,"month":5,"hour":17,"area":"EXPO / Nazarbayev Univ.","mock":true}},{"type":"Feature","id":8,"geometry":{"type":"Point","coordinates":[71.40825,51.197025]},"properties":{"id":8,"category":"burglary","label":"Burglary","severity":2,"year":2025,"month":11,"hour":5,"area":"Railway Station / Sortirovka","mock":true}},{"type":"Feature","id":9,"geometry":{"type":"Point","coordinates":[71.411403,51.169018]},"properties":{"id":9,"category":"traffic","label":"Road Accident","severity":1,"year":2025,"month":8,"hour":11,"area":"Old Center (Right Bank)","mock":true}},{"type":"Feature","id":10,"geometry":{"type":"Point","coordinates":[71.428638,51.129661]},"properties":{"id":10,"category":"theft","label":"Theft","severity":1,"year":2024,"month":4,"hour":0,"area":"Left Bank Boulevard","mock":true}},{"type":"Feature","id":11,"geometry":{"type":"Point","coordinates":[71.378518,51.179435]},"properties":{"id":11,"category":"burglary","label":"Burglary","severity":1,"year":2025,"month":9,"hour":2,"area":"Saryarka Industrial Belt","mock":true}},{"type":"Feature","id":12,"geometry":{"type":"Point","coordinates":[71.406664,51.199513]},"properties":{"id":12,"category":"theft","label":"Theft","severity":2,"year":2024,"month":12,"hour":0,"area":"Railway Station / Sortirovka","mock":true}},{"type":"Feature","id":13,"geometry":{"type":"Point","coordinates":[71.417475,51.167932]},"properties":{"id":13,"category":"vandalism","label":"Vandalism","severity":2,"year":2025,"month":5,"hour":15,"area":"Old Center (Right Bank)","mock":true}},{"type":"Feature","id":14,"geometry":{"type":"Point","coordinates":[71.408659,51.191531]},"properties":{"id":14,"category":"theft","label":"Theft","severity":2,"year":2025,"month":12,"hour":16,"area":"Railway Station / Sortirovka","mock":true}},{"type":"Feature","id":15,"geometry":{"type":"Point","coordinates":[71.464142,51.156296]},"properties":{"id":15,"category":"theft","label":"Theft","severity":2,"year":2025,"month":4,"hour":10,"area":"Eurasia Bazaar Area","mock":true}},{"type":"Feature","id":16,"geometry":{"type":"Point","coordinates":[71.408956,51.195754]},"properties":{"id":16,"category":"theft","label":"Theft","severity":1,"year":2025,"month":11,"hour":20,"area":"Railway Station / Sortirovka","mock":true}},{"type":"Feature","id":17,"geometry":{"type":"Point","coordinates":[71.417705,51.165252]},"properties":{"id":17,"category":"assault","label":"Assault","severity":1,"year":2024,"month":9,"hour":23,"area":"Old Center (Right Bank)","mock":true}},{"type":"Feature","id":18,"geometry":{"type":"Point","coordinates":[71.422791,51.166339]},"properties":{"id":18,"category":"theft","label":"Theft","severity":2,"year":2025,"month":2,"hour":20,"area":"Old Center (Right Bank)","mock":true}},{"type":"Feature","id":19,"geometry":{"type":"Point","coordinates":[71.462947,51.1514]},"properties":{"id":19,"category":"vandalism","label":"Vandalism","severity":1,"year":2024,"month":12,"hour":10,"area":"Eurasia Bazaar Area","mock":true}},{"type":"Feature","id":20,"geometry":{"type":"Point","coordinates":[71.465233,51.153675]},"properties":{"id":20,"category":"assault","label":"Assault","severity":3,"year":2025,"month":4,"hour":22,"area":"Eurasia Bazaar Area","mock":true}},{"type":"Feature","id":21,"geometry":{"type":"Point","coordinates":[71.418717,51.088928]},"properties":{"id":21,"category":"assault","label":"Assault","severity":1,"year":2024,"month":9,"hour":23,"area":"EXPO / Nazarbayev Univ.","mock":true}},{"type":"Feature","id":22,"geometry":{"type":"Point","coordinates":[71.42329,51.128207]},"properties":{"id":22,"category":"assault","label":"Assault","severity":3,"year":2024,"month":2,"hour":22,"area":"Left Bank Boulevard","mock":true}},{"type":"Feature","id":23,"geometry":{"type":"Point","coordinates":[71.400392,51.191129]},"properties":{"id":23,"category":"vandalism","label":"Vandalism","severity":1,"year":2024,"month":9,"hour":13,"area":"Railway Station / Sortirovka","mock":true}},{"type":"Feature","id":24,"geometry":{"type":"Point","coordinates":[71.423292,51.1684]},"properties":{"id":24,"category":"theft","label":"Theft","severity":2,"year":2025,"month":7,"hour":21,"area":"Old Center (Right Bank)","mock":true}},{"type":"Feature","id":25,"geometry":{"type":"Point","coordinates":[71.403051,51.201434]},"properties":{"id":25,"category":"vandalism","label":"Vandalism","severity":3,"year":2024,"month":1,"hour":2,"area":"Railway Station / Sortirovka","mock":true}},{"type":"Feature","id":26,"geometry":{"type":"Point","coordinates":[71.420061,51.08529]},"properties":{"id":26,"category":"theft","label":"Theft","severity":1,"year":2024,"month":3,"hour":7,"area":"EXPO / Nazarbayev Univ.","mock":true}},{"type":"Feature","id":27,"geometry":{"type":"Point","coordinates":[71.418417,51.129342]},"properties":{"id":27,"category":"theft","label":"Theft","severity":1,"year":2025,"month":9,"hour":16,"area":"Left Bank Boulevard","mock":true}},{"type":"Feature","id":28,"geometry":{"type":"Point","coordinates":[71.414612,51.166286]},"properties":{"id":28,"category":"vandalism","label":"Vandalism","severity":2,"year":2024,"month":8,"hour":15,"area":"Old Center (Right Bank)","mock":true}},{"type":"Feature","id":29,"geometry":{"type":"Point","coordinates":[71.465304,51.153159]},"properties":{"id":29,"category":"vandalism","label":"Vandalism","severity":1,"year":2024,"month":8,"hour":22,"area":"Eurasia Bazaar Area","mock":true}},{"type":"Feature","id":30,"geometry":{"type":"Point","coordinates":[71.380459,51.184175]},"properties":{"id":30,"category":"assault","label":"Assault","severity":2,"year":2025,"month":8,"hour":0,"area":"Saryarka Industrial Belt","mock":true}},{"type":"Feature","id":31,"geometry":{"type":"Point","coordinates":[71.409229,51.200266]},"properties":{"id":31,"category":"theft","label":"Theft","severity":2,"year":2024,"month":4,"hour":23,"area":"Railway Station / Sortirovka","mock":true}},{"type":"Feature","id":32,"geometry":{"type":"Point","coordinates":[71.425959,51.16128]},"properties":{"id":32,"category":"theft","label":"Theft","severity":1,"year":2025,"month":3,"hour":12,"area":"Old Center (Right Bank)","mock":true}},{"type":"Feature","id":33,"geometry":{"type":"Point","coordinates":[71.421092,51.161867]},"properties":{"id":33,"category":"theft","label":"Theft","severity":2,"year":2024,"month":1,"hour":15,"area":"Old Center (Right Bank)","mock":true}},{"type":"Feature","id":34,"geometry":{"type":"Point","coordinates":[71.42389,51.124603]},"properties":{"id":34,"category":"assault","label":"Assault","severity":2,"year":2024,"month":7,"hour":0,"area":"Left Bank Boulevard","mock":true}},{"type":"Feature","id":35,"geometry":{"type":"Point","coordinates":[71.420331,51.166063]},"properties":{"id":35,"category":"traffic","label":"Road Accident","severity":1,"year":2024,"month":3,"hour":19,"area":"Old Center (Right Bank)","mock":true}},{"type":"Feature","id":36,"geometry":{"type":"Point","coordinates":[71.413855,51.16358]},"properties":{"id":36,"category":"vandalism","label":"Vandalism","severity":1,"year":2024,"month":1,"hour":13,"area":"Old Center (Right Bank)","mock":true}},{"type":"Feature","id":37,"geometry":{"type":"Point","coordinates":[71.420819,51.123506]},"properties":{"id":37,"category":"theft","label":"Theft","severity":2,"year":2024,"month":5,"hour":5,"area":"Left Bank Boulevard","mock":true}},{"type":"Feature","id":38,"geometry":{"type":"Point","coordinates":[71.443008,51.100409]},"properties":{"id":38,"category":"traffic","label":"Road Accident","severity":1,"year":2025,"month":6,"hour":10,"area":"Highway Corridor South","mock":true}},{"type":"Feature","id":39,"geometry":{"type":"Point","coordinates":[71.410086,51.196869]},"properties":{"id":39,"category":"burglary","label":"Burglary","severity":2,"year":2025,"month":8,"hour":10,"area":"Railway Station / Sortirovka","mock":true}},{"type":"Feature","id":40,"geometry":{"type":"Point","coordinates":[71.465617,51.154946]},"properties":{"id":40,"category":"vandalism","label":"Vandalism","severity":1,"year":2025,"month":10,"hour":13,"area":"Eurasia Bazaar Area","mock":true}},{"type":"Feature","id":41,"geometry":{"type":"Point","coordinates":[71.41625,51.165921]},"properties":{"id":41,"category":"burglary","label":"Burglary","severity":2,"year":2024,"month":2,"hour":13,"area":"Old Center (Right Bank)","mock":true}},{"type":"Feature","id":42,"geometry":{"type":"Point","coordinates":[71.41294,51.168957]},"properties":{"id":42,"category":"traffic","label":"Road Accident","severity":2,"year":2025,"month":1,"hour":16,"area":"Old Center (Right Bank)","mock":true}},{"type":"Feature","id":43,"geometry":{"type":"Point","coordinates":[71.382533,51.178705]},"properties":{"id":43,"category":"theft","label":"Theft","severity":1,"year":2024,"month":9,"hour":15,"area":"Saryarka Industrial Belt","mock":true}},{"type":"Feature","id":44,"geometry":{"type":"Point","coordinates":[71.41485,51.195567]},"properties":{"id":44,"category":"traffic","label":"Road Accident","severity":1,"year":2024,"month":2,"hour":8,"area":"Railway Station / Sortirovka","mock":true}},{"type":"Feature","id":45,"geometry":{"type":"Point","coordinates":[71.416287,51.168832]},"properties":{"id":45,"category":"theft","label":"Theft","severity":1,"year":2024,"month":12,"hour":2,"area":"Old Center (Right Bank)","mock":true}},{"type":"Feature","id":46,"geometry":{"type":"Point","coordinates":[71.434951,51.093921]},"properties":{"id":46,"category":"theft","label":"Theft","severity":1,"year":2025,"month":9,"hour":13,"area":"Highway Corridor South","mock":true}},{"type":"Feature","id":47,"geometry":{"type":"Point","coordinates":[71.407376,51.200705]},"properties":{"id":47,"category":"theft","label":"Theft","severity":2,"year":2024,"month":9,"hour":7,"area":"Railway Station / Sortirovka","mock":true}},{"type":"Feature","id":48,"geometry":{"type":"Point","coordinates":[71.41523,51.091356]},"properties":{"id":48,"category":"assault","label":"Assault","severity":1,"year":2025,"month":11,"hour":0,"area":"EXPO / Nazarbayev Univ.","mock":true}},{"type":"Feature","id":49,"geometry":{"type":"Point","coordinates":[71.46911,51.148274]},"properties":{"id":49,"category":"theft","label":"Theft","severity":1,"year":2024,"month":12,"hour":4,"area":"Eurasia Bazaar Area","mock":true}},{"type":"Feature","id":50,"geometry":{"type":"Point","coordinates":[71.466686,51.156742]},"properties":{"id":50,"category":"vandalism","label":"Vandalism","severity":1,"year":2025,"month":8,"hour":18,"area":"Eurasia Bazaar Area","mock":true}},{"type":"Feature","id":51,"geometry":{"type":"Point","coordinates":[71.402748,51.19974]},"properties":{"id":51,"category":"theft","label":"Theft","severity":1,"year":2025,"month":11,"hour":20,"area":"Railway Station / Sortirovka","mock":true}},{"type":"Feature","id":52,"geometry":{"type":"Point","coordinates":[71.369304,51.177325]},"properties":{"id":52,"category":"theft","label":"Theft","severity":3,"year":2024,"month":5,"hour":15,"area":"Saryarka Industrial Belt","mock":true}},{"type":"Feature","id":53,"geometry":{"type":"Point","coordinates":[71.450251,51.093296]},"properties":{"id":53,"category":"burglary","label":"Burglary","severity":1,"year":2024,"month":12,"hour":19,"area":"Highway Corridor South","mock":true}},{"type":"Feature","id":54,"geometry":{"type":"Point","coordinates":[71.418912,51.165799]},"properties":{"id":54,"category":"theft","label":"Theft","severity":1,"year":2024,"month":1,"hour":22,"area":"Old Center (Right Bank)","mock":true}},{"type":"Feature","id":55,"geometry":{"type":"Point","coordinates":[71.448106,51.088272]},"properties":{"id":55,"category":"traffic","label":"Road Accident","severity":1,"year":2025,"month":2,"hour":9,"area":"Highway Corridor South","mock":true}},{"type":"Feature","id":56,"geometry":{"type":"Point","coordinates":[71.369287,51.177579]},"properties":{"id":56,"category":"burglary","label":"Burglary","severity":3,"year":2024,"month":10,"hour":18,"area":"Saryarka Industrial Belt","mock":true}},{"type":"Feature","id":57,"geometry":{"type":"Point","coordinates":[71.405712,51.191533]},"properties":{"id":57,"category":"burglary","label":"Burglary","severity":3,"year":2025,"month":10,"hour":10,"area":"Railway Station / Sortirovka","mock":true}},{"type":"Feature","id":58,"geometry":{"type":"Point","coordinates":[71.430607,51.166298]},"properties":{"id":58,"category":"traffic","label":"Road Accident","severity":1,"year":2025,"month":3,"hour":19,"area":"Old Center (Right Bank)","mock":true}},{"type":"Feature","id":59,"geometry":{"type":"Point","coordinates":[71.462462,51.152864]},"properties":{"id":59,"category":"theft","label":"Theft","severity":1,"year":2024,"month":2,"hour":15,"area":"Eurasia Bazaar Area","mock":true}},{"type":"Feature","id":60,"geometry":{"type":"Point","coordinates":[71.41393,51.08692]},"properties":{"id":60,"category":"burglary","label":"Burglary","severity":1,"year":2025,"month":9,"hour":3,"area":"EXPO / Nazarbayev Univ.","mock":true}},{"type":"Feature","id":61,"geometry":{"type":"Point","coordinates":[71.352482,51.195852]},"properties":{"id":61,"category":"theft","label":"Theft","severity":2,"year":2024,"month":7,"hour":7,"area":"Koktal / Northwest","mock":true}},{"type":"Feature","id":62,"geometry":{"type":"Point","coordinates":[71.444908,51.101666]},"properties":{"id":62,"category":"traffic","label":"Road Accident","severity":1,"year":2024,"month":2,"hour":9,"area":"Highway Corridor South","mock":true}},{"type":"Feature","id":63,"geometry":{"type":"Point","coordinates":[71.381478,51.167079]},"properties":{"id":63,"category":"burglary","label":"Burglary","severity":1,"year":2024,"month":8,"hour":12,"area":"Saryarka Industrial Belt","mock":true}},{"type":"Feature","id":64,"geometry":{"type":"Point","coordinates":[71.404864,51.191877]},"properties":{"id":64,"category":"burglary","label":"Burglary","severity":3,"year":2025,"month":8,"hour":17,"area":"Railway Station / Sortirovka","mock":true}},{"type":"Feature","id":65,"geometry":{"type":"Point","coordinates":[71.376255,51.174018]},"properties":{"id":65,"category":"theft","label":"Theft","severity":1,"year":2024,"month":1,"hour":12,"area":"Saryarka Industrial Belt","mock":true}},{"type":"Feature","id":66,"geometry":{"type":"Point","coordinates":[71.387929,51.17281]},"properties":{"id":66,"category":"traffic","label":"Road Accident","severity":2,"year":2025,"month":11,"hour":20,"area":"Saryarka Industrial Belt","mock":true}},{"type":"Feature","id":67,"geometry":{"type":"Point","coordinates":[71.37502,51.17986]},"properties":{"id":67,"category":"assault","label":"Assault","severity":2,"year":2025,"month":10,"hour":22,"area":"Saryarka Industrial Belt","mock":true}},{"type":"Feature","id":68,"geometry":{"type":"Point","coordinates":[71.422303,51.171571]},"properties":{"id":68,"category":"traffic","label":"Road Accident","severity":2,"year":2024,"month":2,"hour":20,"area":"Old Center (Right Bank)","mock":true}},{"type":"Feature","id":69,"geometry":{"type":"Point","coordinates":[71.40666,51.196191]},"properties":{"id":69,"category":"vandalism","label":"Vandalism","severity":3,"year":2024,"month":2,"hour":7,"area":"Railway Station / Sortirovka","mock":true}},{"type":"Feature","id":70,"geometry":{"type":"Point","coordinates":[71.404081,51.193988]},"properties":{"id":70,"category":"theft","label":"Theft","severity":1,"year":2025,"month":7,"hour":22,"area":"Railway Station / Sortirovka","mock":true}},{"type":"Feature","id":71,"geometry":{"type":"Point","coordinates":[71.474025,51.151269]},"properties":{"id":71,"category":"traffic","label":"Road Accident","severity":2,"year":2025,"month":11,"hour":14,"area":"Eurasia Bazaar Area","mock":true}},{"type":"Feature","id":72,"geometry":{"type":"Point","coordinates":[71.397646,51.196848]},"properties":{"id":72,"category":"traffic","label":"Road Accident","severity":2,"year":2024,"month":12,"hour":19,"area":"Railway Station / Sortirovka","mock":true}},{"type":"Feature","id":73,"geometry":{"type":"Point","coordinates":[71.410969,51.088694]},"properties":{"id":73,"category":"burglary","label":"Burglary","severity":1,"year":2024,"month":3,"hour":2,"area":"EXPO / Nazarbayev Univ.","mock":true}},{"type":"Feature","id":74,"geometry":{"type":"Point","coordinates":[71.411238,51.09224]},"properties":{"id":74,"category":"theft","label":"Theft","severity":1,"year":2025,"month":7,"hour":20,"area":"EXPO / Nazarbayev Univ.","mock":true}},{"type":"Feature","id":75,"geometry":{"type":"Point","coordinates":[71.447052,51.094335]},"properties":{"id":75,"category":"burglary","label":"Burglary","severity":1,"year":2024,"month":11,"hour":8,"area":"Highway Corridor South","mock":true}},{"type":"Feature","id":76,"geometry":{"type":"Point","coordinates":[71.42002,51.16375]},"properties":{"id":76,"category":"vandalism","label":"Vandalism","severity":2,"year":2024,"month":5,"hour":7,"area":"Old Center (Right Bank)","mock":true}},{"type":"Feature","id":77,"geometry":{"type":"Point","coordinates":[71.345621,51.195433]},"properties":{"id":77,"category":"assault","label":"Assault","severity":2,"year":2025,"month":3,"hour":21,"area":"Koktal / Northwest","mock":true}},{"type":"Feature","id":78,"geometry":{"type":"Point","coordinates":[71.418307,51.159378]},"properties":{"id":78,"category":"theft","label":"Theft","severity":2,"year":2025,"month":3,"hour":19,"area":"Old Center (Right Bank)","mock":true}},{"type":"Feature","id":79,"geometry":{"type":"Point","coordinates":[71.422811,51.08448]},"properties":{"id":79,"category":"theft","label":"Theft","severity":1,"year":2024,"month":8,"hour":8,"area":"EXPO / Nazarbayev Univ.","mock":true}},{"type":"Feature","id":80,"geometry":{"type":"Point","coordinates":[71.409557,51.167812]},"properties":{"id":80,"category":"theft","label":"Theft","severity":1,"year":2025,"month":5,"hour":12,"area":"Old Center (Right Bank)","mock":true}},{"type":"Feature","id":81,"geometry":{"type":"Point","coordinates":[71.35023,51.198715]},"properties":{"id":81,"category":"burglary","label":"Burglary","severity":1,"year":2024,"month":1,"hour":22,"area":"Koktal / Northwest","mock":true}},{"type":"Feature","id":82,"geometry":{"type":"Point","coordinates":[71.469392,51.152192]},"properties":{"id":82,"category":"assault","label":"Assault","severity":2,"year":2024,"month":3,"hour":23,"area":"Eurasia Bazaar Area","mock":true}},{"type":"Feature","id":83,"geometry":{"type":"Point","coordinates":[71.353859,51.190862]},"properties":{"id":83,"category":"theft","label":"Theft","severity":2,"year":2025,"month":3,"hour":17,"area":"Koktal / Northwest","mock":true}},{"type":"Feature","id":84,"geometry":{"type":"Point","coordinates":[71.421575,51.091848]},"properties":{"id":84,"category":"traffic","label":"Road Accident","severity":3,"year":2025,"month":6,"hour":11,"area":"Highway Corridor South","mock":true}},{"type":"Feature","id":85,"geometry":{"type":"Point","coordinates":[71.42083,51.127649]},"properties":{"id":85,"category":"burglary","label":"Burglary","severity":1,"year":2025,"month":7,"hour":6,"area":"Left Bank Boulevard","mock":true}},{"type":"Feature","id":86,"geometry":{"type":"Point","coordinates":[71.396413,51.192155]},"properties":{"id":86,"category":"traffic","label":"Road Accident","severity":1,"year":2025,"month":1,"hour":9,"area":"Railway Station / Sortirovka","mock":true}},{"type":"Feature","id":87,"geometry":{"type":"Point","coordinates":[71.401637,51.199974]},"properties":{"id":87,"category":"theft","label":"Theft","severity":2,"year":2024,"month":4,"hour":4,"area":"Railway Station / Sortirovka","mock":true}},{"type":"Feature","id":88,"geometry":{"type":"Point","coordinates":[71.449536,51.098155]},"properties":{"id":88,"category":"vandalism","label":"Vandalism","severity":2,"year":2024,"month":2,"hour":5,"area":"Highway Corridor South","mock":true}},{"type":"Feature","id":89,"geometry":{"type":"Point","coordinates":[71.418617,51.126789]},"properties":{"id":89,"category":"traffic","label":"Road Accident","severity":2,"year":2024,"month":7,"hour":9,"area":"Left Bank Boulevard","mock":true}},{"type":"Feature","id":90,"geometry":{"type":"Point","coordinates":[71.373349,51.171841]},"properties":{"id":90,"category":"vandalism","label":"Vandalism","severity":1,"year":2025,"month":1,"hour":7,"area":"Saryarka Industrial Belt","mock":true}},{"type":"Feature","id":91,"geometry":{"type":"Point","coordinates":[71.40175,51.197523]},"properties":{"id":91,"category":"theft","label":"Theft","severity":2,"year":2024,"month":7,"hour":10,"area":"Railway Station / Sortirovka","mock":true}},{"type":"Feature","id":92,"geometry":{"type":"Point","coordinates":[71.420742,51.164871]},"properties":{"id":92,"category":"theft","label":"Theft","severity":1,"year":2024,"month":7,"hour":17,"area":"Old Center (Right Bank)","mock":true}},{"type":"Feature","id":93,"geometry":{"type":"Point","coordinates":[71.469357,51.156091]},"properties":{"id":93,"category":"assault","label":"Assault","severity":1,"year":2024,"month":4,"hour":21,"area":"Eurasia Bazaar Area","mock":true}},{"type":"Feature","id":94,"geometry":{"type":"Point","coordinates":[71.402595,51.195477]},"properties":{"id":94,"category":"vandalism","label":"Vandalism","severity":1,"year":2024,"month":12,"hour":9,"area":"Railway Station / Sortirovka","mock":true}},{"type":"Feature","id":95,"geometry":{"type":"Point","coordinates":[71.423713,51.127056]},"properties":{"id":95,"category":"theft","label":"Theft","severity":3,"year":2025,"month":9,"hour":7,"area":"Left Bank Boulevard","mock":true}},{"type":"Feature","id":96,"geometry":{"type":"Point","coordinates":[71.470864,51.153169]},"properties":{"id":96,"category":"vandalism","label":"Vandalism","severity":2,"year":2025,"month":1,"hour":7,"area":"Eurasia Bazaar Area","mock":true}},{"type":"Feature","id":97,"geometry":{"type":"Point","coordinates":[71.415632,51.092038]},"properties":{"id":97,"category":"vandalism","label":"Vandalism","severity":3,"year":2024,"month":5,"hour":20,"area":"EXPO / Nazarbayev Univ.","mock":true}},{"type":"Feature","id":98,"geometry":{"type":"Point","coordinates":[71.406227,51.090001]},"properties":{"id":98,"category":"traffic","label":"Road Accident","severity":2,"year":2024,"month":2,"hour":11,"area":"EXPO / Nazarbayev Univ.","mock":true}},{"type":"Feature","id":99,"geometry":{"type":"Point","coordinates":[71.41476,51.086412]},"properties":{"id":99,"category":"theft","label":"Theft","severity":1,"year":2025,"month":5,"hour":18,"area":"EXPO / Nazarbayev Univ.","mock":true}},{"type":"Feature","id":100,"geometry":{"type":"Point","coordinates":[71.418302,51.163163]},"properties":{"id":100,"category":"assault","label":"Assault","severity":1,"year":2025,"month":2,"hour":21,"area":"Old Center (Right Bank)","mock":true}},{"type":"Feature","id":101,"geometry":{"type":"Point","coordinates":[71.447435,51.096081]},"properties":{"id":101,"category":"traffic","label":"Road Accident","severity":1,"year":2025,"month":1,"hour":19,"area":"Highway Corridor South","mock":true}},{"type":"Feature","id":102,"geometry":{"type":"Point","coordinates":[71.457536,51.152156]},"properties":{"id":102,"category":"traffic","label":"Road Accident","severity":2,"year":2024,"month":7,"hour":16,"area":"Eurasia Bazaar Area","mock":true}},{"type":"Feature","id":103,"geometry":{"type":"Point","coordinates":[71.40517,51.164094]},"properties":{"id":103,"category":"traffic","label":"Road Accident","severity":1,"year":2024,"month":3,"hour":17,"area":"Old Center (Right Bank)","mock":true}},{"type":"Feature","id":104,"geometry":{"type":"Point","coordinates":[71.408147,51.128973]},"properties":{"id":104,"category":"traffic","label":"Road Accident","severity":2,"year":2025,"month":5,"hour":8,"area":"Left Bank Boulevard","mock":true}},{"type":"Feature","id":105,"geometry":{"type":"Point","coordinates":[71.415574,51.165566]},"properties":{"id":105,"category":"traffic","label":"Road Accident","severity":2,"year":2025,"month":9,"hour":8,"area":"Old Center (Right Bank)","mock":true}},{"type":"Feature","id":106,"geometry":{"type":"Point","coordinates":[71.463439,51.153151]},"properties":{"id":106,"category":"burglary","label":"Burglary","severity":2,"year":2024,"month":11,"hour":6,"area":"Eurasia Bazaar Area","mock":true}},{"type":"Feature","id":107,"geometry":{"type":"Point","coordinates":[71.412879,51.160914]},"properties":{"id":107,"category":"theft","label":"Theft","severity":2,"year":2025,"month":6,"hour":23,"area":"Old Center (Right Bank)","mock":true}},{"type":"Feature","id":108,"geometry":{"type":"Point","coordinates":[71.468576,51.153604]},"properties":{"id":108,"category":"assault","label":"Assault","severity":1,"year":2025,"month":6,"hour":23,"area":"Eurasia Bazaar Area","mock":true}},{"type":"Feature","id":109,"geometry":{"type":"Point","coordinates":[71.374695,51.176287]},"properties":{"id":109,"category":"burglary","label":"Burglary","severity":1,"year":2024,"month":6,"hour":13,"area":"Saryarka Industrial Belt","mock":true}},{"type":"Feature","id":110,"geometry":{"type":"Point","coordinates":[71.373061,51.177196]},"properties":{"id":110,"category":"vandalism","label":"Vandalism","severity":2,"year":2025,"month":7,"hour":22,"area":"Saryarka Industrial Belt","mock":true}},{"type":"Feature","id":111,"geometry":{"type":"Point","coordinates":[71.416171,51.168931]},"properties":{"id":111,"category":"theft","label":"Theft","severity":2,"year":2025,"month":9,"hour":5,"area":"Old Center (Right Bank)","mock":true}},{"type":"Feature","id":112,"geometry":{"type":"Point","coordinates":[71.402377,51.194498]},"properties":{"id":112,"category":"theft","label":"Theft","severity":1,"year":2024,"month":3,"hour":12,"area":"Railway Station / Sortirovka","mock":true}},{"type":"Feature","id":113,"geometry":{"type":"Point","coordinates":[71.425993,51.16286]},"properties":{"id":113,"category":"traffic","label":"Road Accident","severity":2,"year":2024,"month":12,"hour":17,"area":"Old Center (Right Bank)","mock":true}},{"type":"Feature","id":114,"geometry":{"type":"Point","coordinates":[71.37797,51.173515]},"properties":{"id":114,"category":"theft","label":"Theft","severity":1,"year":2024,"month":10,"hour":14,"area":"Saryarka Industrial Belt","mock":true}},{"type":"Feature","id":115,"geometry":{"type":"Point","coordinates":[71.337842,51.195722]},"properties":{"id":115,"category":"traffic","label":"Road Accident","severity":2,"year":2024,"month":11,"hour":16,"area":"Koktal / Northwest","mock":true}},{"type":"Feature","id":116,"geometry":{"type":"Point","coordinates":[71.395037,51.200652]},"properties":{"id":116,"category":"traffic","label":"Road Accident","severity":1,"year":2024,"month":2,"hour":12,"area":"Railway Station / Sortirovka","mock":true}},{"type":"Feature","id":117,"geometry":{"type":"Point","coordinates":[71.350527,51.197318]},"properties":{"id":117,"category":"vandalism","label":"Vandalism","severity":2,"year":2025,"month":2,"hour":15,"area":"Koktal / Northwest","mock":true}},{"type":"Feature","id":118,"geometry":{"type":"Point","coordinates":[71.427269,51.127193]},"properties":{"id":118,"category":"theft","label":"Theft","severity":1,"year":2024,"month":8,"hour":23,"area":"Left Bank Boulevard","mock":true}},{"type":"Feature","id":119,"geometry":{"type":"Point","coordinates":[71.383632,51.174584]},"properties":{"id":119,"category":"traffic","label":"Road Accident","severity":1,"year":2025,"month":4,"hour":17,"area":"Saryarka Industrial Belt","mock":true}},{"type":"Feature","id":120,"geometry":{"type":"Point","coordinates":[71.384184,51.180855]},"properties":{"id":120,"category":"vandalism","label":"Vandalism","severity":2,"year":2025,"month":8,"hour":20,"area":"Saryarka Industrial Belt","mock":true}},{"type":"Feature","id":121,"geometry":{"type":"Point","coordinates":[71.410022,51.19382]},"properties":{"id":121,"category":"assault","label":"Assault","severity":2,"year":2024,"month":8,"hour":20,"area":"Railway Station / Sortirovka","mock":true}},{"type":"Feature","id":122,"geometry":{"type":"Point","coordinates":[71.466766,51.153277]},"properties":{"id":122,"category":"theft","label":"Theft","severity":2,"year":2025,"month":4,"hour":21,"area":"Eurasia Bazaar Area","mock":true}},{"type":"Feature","id":123,"geometry":{"type":"Point","coordinates":[71.350497,51.196595]},"properties":{"id":123,"category":"theft","label":"Theft","severity":1,"year":2024,"month":3,"hour":18,"area":"Koktal / Northwest","mock":true}},{"type":"Feature","id":124,"geometry":{"type":"Point","coordinates":[71.412059,51.158649]},"properties":{"id":124,"category":"traffic","label":"Road Accident","severity":1,"year":2025,"month":12,"hour":20,"area":"Old Center (Right Bank)","mock":true}},{"type":"Feature","id":125,"geometry":{"type":"Point","coordinates":[71.377352,51.179045]},"properties":{"id":125,"category":"traffic","label":"Road Accident","severity":1,"year":2025,"month":5,"hour":20,"area":"Saryarka Industrial Belt","mock":true}},{"type":"Feature","id":126,"geometry":{"type":"Point","coordinates":[71.34917,51.201447]},"properties":{"id":126,"category":"theft","label":"Theft","severity":3,"year":2025,"month":3,"hour":4,"area":"Koktal / Northwest","mock":true}},{"type":"Feature","id":127,"geometry":{"type":"Point","coordinates":[71.373155,51.181707]},"properties":{"id":127,"category":"vandalism","label":"Vandalism","severity":1,"year":2025,"month":8,"hour":21,"area":"Saryarka Industrial Belt","mock":true}},{"type":"Feature","id":128,"geometry":{"type":"Point","coordinates":[71.420128,51.090672]},"properties":{"id":128,"category":"theft","label":"Theft","severity":1,"year":2024,"month":11,"hour":17,"area":"EXPO / Nazarbayev Univ.","mock":true}},{"type":"Feature","id":129,"geometry":{"type":"Point","coordinates":[71.422038,51.087458]},"properties":{"id":129,"category":"theft","label":"Theft","severity":1,"year":2025,"month":5,"hour":14,"area":"EXPO / Nazarbayev Univ.","mock":true}},{"type":"Feature","id":130,"geometry":{"type":"Point","coordinates":[71.420163,51.121673]},"properties":{"id":130,"category":"assault","label":"Assault","severity":1,"year":2024,"month":12,"hour":19,"area":"Left Bank Boulevard","mock":true}},{"type":"Feature","id":131,"geometry":{"type":"Point","coordinates":[71.350504,51.196458]},"properties":{"id":131,"category":"theft","label":"Theft","severity":1,"year":2024,"month":7,"hour":13,"area":"Koktal / Northwest","mock":true}},{"type":"Feature","id":132,"geometry":{"type":"Point","coordinates":[71.376849,51.178816]},"properties":{"id":132,"category":"assault","label":"Assault","severity":2,"year":2025,"month":10,"hour":0,"area":"Saryarka Industrial Belt","mock":true}},{"type":"Feature","id":133,"geometry":{"type":"Point","coordinates":[71.404009,51.194698]},"properties":{"id":133,"category":"theft","label":"Theft","severity":3,"year":2025,"month":5,"hour":1,"area":"Railway Station / Sortirovka","mock":true}},{"type":"Feature","id":134,"geometry":{"type":"Point","coordinates":[71.419291,51.126537]},"properties":{"id":134,"category":"vandalism","label":"Vandalism","severity":2,"year":2025,"month":1,"hour":7,"area":"Left Bank Boulevard","mock":true}},{"type":"Feature","id":135,"geometry":{"type":"Point","coordinates":[71.421062,51.127309]},"properties":{"id":135,"category":"vandalism","label":"Vandalism","severity":2,"year":2024,"month":12,"hour":16,"area":"Left Bank Boulevard","mock":true}},{"type":"Feature","id":136,"geometry":{"type":"Point","coordinates":[71.464162,51.152032]},"properties":{"id":136,"category":"vandalism","label":"Vandalism","severity":1,"year":2024,"month":12,"hour":5,"area":"Eurasia Bazaar Area","mock":true}},{"type":"Feature","id":137,"geometry":{"type":"Point","coordinates":[71.416333,51.164263]},"properties":{"id":137,"category":"traffic","label":"Road Accident","severity":2,"year":2024,"month":7,"hour":15,"area":"Old Center (Right Bank)","mock":true}},{"type":"Feature","id":138,"geometry":{"type":"Point","coordinates":[71.421899,51.16926]},"properties":{"id":138,"category":"theft","label":"Theft","severity":2,"year":2024,"month":5,"hour":9,"area":"Old Center (Right Bank)","mock":true}},{"type":"Feature","id":139,"geometry":{"type":"Point","coordinates":[71.371628,51.175545]},"properties":{"id":139,"category":"burglary","label":"Burglary","severity":1,"year":2025,"month":4,"hour":2,"area":"Saryarka Industrial Belt","mock":true}},{"type":"Feature","id":140,"geometry":{"type":"Point","coordinates":[71.432316,51.095293]},"properties":{"id":140,"category":"traffic","label":"Road Accident","severity":2,"year":2024,"month":2,"hour":18,"area":"Highway Corridor South","mock":true}},{"type":"Feature","id":141,"geometry":{"type":"Point","coordinates":[71.398389,51.19548]},"properties":{"id":141,"category":"theft","label":"Theft","severity":2,"year":2025,"month":7,"hour":4,"area":"Railway Station / Sortirovka","mock":true}},{"type":"Feature","id":142,"geometry":{"type":"Point","coordinates":[71.38883,51.170791]},"properties":{"id":142,"category":"traffic","label":"Road Accident","severity":1,"year":2025,"month":9,"hour":15,"area":"Saryarka Industrial Belt","mock":true}},{"type":"Feature","id":143,"geometry":{"type":"Point","coordinates":[71.418693,51.166008]},"properties":{"id":143,"category":"assault","label":"Assault","severity":3,"year":2024,"month":11,"hour":21,"area":"Old Center (Right Bank)","mock":true}},{"type":"Feature","id":144,"geometry":{"type":"Point","coordinates":[71.406735,51.159689]},"properties":{"id":144,"category":"traffic","label":"Road Accident","severity":2,"year":2024,"month":11,"hour":11,"area":"Old Center (Right Bank)","mock":true}},{"type":"Feature","id":145,"geometry":{"type":"Point","coordinates":[71.417096,51.159351]},"properties":{"id":145,"category":"theft","label":"Theft","severity":2,"year":2025,"month":5,"hour":13,"area":"Old Center (Right Bank)","mock":true}},{"type":"Feature","id":146,"geometry":{"type":"Point","coordinates":[71.35835,51.199981]},"properties":{"id":146,"category":"traffic","label":"Road Accident","severity":1,"year":2025,"month":5,"hour":9,"area":"Koktal / Northwest","mock":true}},{"type":"Feature","id":147,"geometry":{"type":"Point","coordinates":[71.419531,51.165636]},"properties":{"id":147,"category":"theft","label":"Theft","severity":1,"year":2024,"month":3,"hour":11,"area":"Old Center (Right Bank)","mock":true}},{"type":"Feature","id":148,"geometry":{"type":"Point","coordinates":[71.421746,51.16922]},"properties":{"id":148,"category":"theft","label":"Theft","severity":1,"year":2024,"month":8,"hour":4,"area":"Old Center (Right Bank)","mock":true}},{"type":"Feature","id":149,"geometry":{"type":"Point","coordinates":[71.35878,51.192402]},"properties":{"id":149,"category":"assault","label":"Assault","severity":1,"year":2024,"month":6,"hour":0,"area":"Koktal / Northwest","mock":true}},{"type":"Feature","id":150,"geometry":{"type":"Point","coordinates":[71.419566,51.124971]},"properties":{"id":150,"category":"theft","label":"Theft","severity":1,"year":2025,"month":10,"hour":3,"area":"Left Bank Boulevard","mock":true}},{"type":"Feature","id":151,"geometry":{"type":"Point","coordinates":[71.370998,51.179969]},"properties":{"id":151,"category":"traffic","label":"Road Accident","severity":1,"year":2024,"month":12,"hour":19,"area":"Saryarka Industrial Belt","mock":true}},{"type":"Feature","id":152,"geometry":{"type":"Point","coordinates":[71.466217,51.151717]},"properties":{"id":152,"category":"burglary","label":"Burglary","severity":1,"year":2025,"month":6,"hour":22,"area":"Eurasia Bazaar Area","mock":true}},{"type":"Feature","id":153,"geometry":{"type":"Point","coordinates":[71.421532,51.126051]},"properties":{"id":153,"category":"traffic","label":"Road Accident","severity":3,"year":2024,"month":1,"hour":11,"area":"Left Bank Boulevard","mock":true}},{"type":"Feature","id":154,"geometry":{"type":"Point","coordinates":[71.438904,51.09124]},"properties":{"id":154,"category":"burglary","label":"Burglary","severity":1,"year":2025,"month":5,"hour":20,"area":"Highway Corridor South","mock":true}},{"type":"Feature","id":155,"geometry":{"type":"Point","coordinates":[71.349077,51.196952]},"properties":{"id":155,"category":"traffic","label":"Road Accident","severity":1,"year":2025,"month":7,"hour":17,"area":"Koktal / Northwest","mock":true}},{"type":"Feature","id":156,"geometry":{"type":"Point","coordinates":[71.423049,51.124202]},"properties":{"id":156,"category":"traffic","label":"Road Accident","severity":1,"year":2024,"month":10,"hour":10,"area":"Left Bank Boulevard","mock":true}},{"type":"Feature","id":157,"geometry":{"type":"Point","coordinates":[71.350792,51.200021]},"properties":{"id":157,"category":"theft","label":"Theft","severity":2,"year":2024,"month":3,"hour":22,"area":"Koktal / Northwest","mock":true}},{"type":"Feature","id":158,"geometry":{"type":"Point","coordinates":[71.413059,51.157411]},"properties":{"id":158,"category":"burglary","label":"Burglary","severity":2,"year":2025,"month":5,"hour":6,"area":"Old Center (Right Bank)","mock":true}},{"type":"Feature","id":159,"geometry":{"type":"Point","coordinates":[71.467583,51.151142]},"properties":{"id":159,"category":"theft","label":"Theft","severity":2,"year":2025,"month":1,"hour":5,"area":"Eurasia Bazaar Area","mock":true}},{"type":"Feature","id":160,"geometry":{"type":"Point","coordinates":[71.367474,51.176602]},"properties":{"id":160,"category":"traffic","label":"Road Accident","severity":1,"year":2025,"month":5,"hour":11,"area":"Saryarka Industrial Belt","mock":true}},{"type":"Feature","id":161,"geometry":{"type":"Point","coordinates":[71.350238,51.196361]},"properties":{"id":161,"category":"traffic","label":"Road Accident","severity":1,"year":2025,"month":2,"hour":7,"area":"Koktal / Northwest","mock":true}},{"type":"Feature","id":162,"geometry":{"type":"Point","coordinates":[71.413074,51.161953]},"properties":{"id":162,"category":"traffic","label":"Road Accident","severity":2,"year":2025,"month":1,"hour":18,"area":"Old Center (Right Bank)","mock":true}},{"type":"Feature","id":163,"geometry":{"type":"Point","coordinates":[71.347972,51.195586]},"properties":{"id":163,"category":"traffic","label":"Road Accident","severity":3,"year":2024,"month":1,"hour":7,"area":"Koktal / Northwest","mock":true}},{"type":"Feature","id":164,"geometry":{"type":"Point","coordinates":[71.423618,51.127845]},"properties":{"id":164,"category":"theft","label":"Theft","severity":2,"year":2024,"month":11,"hour":3,"area":"Left Bank Boulevard","mock":true}},{"type":"Feature","id":165,"geometry":{"type":"Point","coordinates":[71.40079,51.195097]},"properties":{"id":165,"category":"burglary","label":"Burglary","severity":1,"year":2024,"month":5,"hour":2,"area":"Railway Station / Sortirovka","mock":true}},{"type":"Feature","id":166,"geometry":{"type":"Point","coordinates":[71.461397,51.152364]},"properties":{"id":166,"category":"traffic","label":"Road Accident","severity":1,"year":2024,"month":3,"hour":10,"area":"Eurasia Bazaar Area","mock":true}},{"type":"Feature","id":167,"geometry":{"type":"Point","coordinates":[71.427512,51.126832]},"properties":{"id":167,"category":"theft","label":"Theft","severity":1,"year":2025,"month":10,"hour":3,"area":"Left Bank Boulevard","mock":true}},{"type":"Feature","id":168,"geometry":{"type":"Point","coordinates":[71.403441,51.19614]},"properties":{"id":168,"category":"theft","label":"Theft","severity":2,"year":2024,"month":8,"hour":7,"area":"Railway Station / Sortirovka","mock":true}},{"type":"Feature","id":169,"geometry":{"type":"Point","coordinates":[71.399313,51.197071]},"properties":{"id":169,"category":"traffic","label":"Road Accident","severity":3,"year":2024,"month":10,"hour":15,"area":"Railway Station / Sortirovka","mock":true}},{"type":"Feature","id":170,"geometry":{"type":"Point","coordinates":[71.467758,51.157698]},"properties":{"id":170,"category":"traffic","label":"Road Accident","severity":1,"year":2024,"month":8,"hour":18,"area":"Eurasia Bazaar Area","mock":true}},{"type":"Feature","id":171,"geometry":{"type":"Point","coordinates":[71.37413,51.179825]},"properties":{"id":171,"category":"traffic","label":"Road Accident","severity":1,"year":2025,"month":7,"hour":8,"area":"Saryarka Industrial Belt","mock":true}},{"type":"Feature","id":172,"geometry":{"type":"Point","coordinates":[71.371975,51.18034]},"properties":{"id":172,"category":"theft","label":"Theft","severity":1,"year":2025,"month":8,"hour":9,"area":"Saryarka Industrial Belt","mock":true}},{"type":"Feature","id":173,"geometry":{"type":"Point","coordinates":[71.421134,51.125713]},"properties":{"id":173,"category":"theft","label":"Theft","severity":1,"year":2025,"month":3,"hour":19,"area":"Left Bank Boulevard","mock":true}},{"type":"Feature","id":174,"geometry":{"type":"Point","coordinates":[71.408851,51.165328]},"properties":{"id":174,"category":"traffic","label":"Road Accident","severity":3,"year":2024,"month":2,"hour":8,"area":"Old Center (Right Bank)","mock":true}},{"type":"Feature","id":175,"geometry":{"type":"Point","coordinates":[71.417403,51.123651]},"properties":{"id":175,"category":"theft","label":"Theft","severity":2,"year":2025,"month":4,"hour":10,"area":"Left Bank Boulevard","mock":true}},{"type":"Feature","id":176,"geometry":{"type":"Point","coordinates":[71.422442,51.166647]},"properties":{"id":176,"category":"burglary","label":"Burglary","severity":1,"year":2024,"month":6,"hour":12,"area":"Old Center (Right Bank)","mock":true}},{"type":"Feature","id":177,"geometry":{"type":"Point","coordinates":[71.420025,51.17166]},"properties":{"id":177,"category":"theft","label":"Theft","severity":3,"year":2024,"month":12,"hour":4,"area":"Old Center (Right Bank)","mock":true}},{"type":"Feature","id":178,"geometry":{"type":"Point","coordinates":[71.412414,51.168208]},"properties":{"id":178,"category":"vandalism","label":"Vandalism","severity":2,"year":2025,"month":11,"hour":8,"area":"Old Center (Right Bank)","mock":true}},{"type":"Feature","id":179,"geometry":{"type":"Point","coordinates":[71.441987,51.093684]},"properties":{"id":179,"category":"theft","label":"Theft","severity":1,"year":2024,"month":7,"hour":3,"area":"Highway Corridor South","mock":true}},{"type":"Feature","id":180,"geometry":{"type":"Point","coordinates":[71.423634,51.127496]},"properties":{"id":180,"category":"theft","label":"Theft","severity":1,"year":2024,"month":1,"hour":21,"area":"Left Bank Boulevard","mock":true}},{"type":"Feature","id":181,"geometry":{"type":"Point","coordinates":[71.403549,51.194256]},"properties":{"id":181,"category":"traffic","label":"Road Accident","severity":1,"year":2024,"month":7,"hour":12,"area":"Railway Station / Sortirovka","mock":true}},{"type":"Feature","id":182,"geometry":{"type":"Point","coordinates":[71.422472,51.127408]},"properties":{"id":182,"category":"vandalism","label":"Vandalism","severity":1,"year":2024,"month":12,"hour":12,"area":"Left Bank Boulevard","mock":true}},{"type":"Feature","id":183,"geometry":{"type":"Point","coordinates":[71.409047,51.194598]},"properties":{"id":183,"category":"traffic","label":"Road Accident","severity":1,"year":2024,"month":2,"hour":11,"area":"Railway Station / Sortirovka","mock":true}},{"type":"Feature","id":184,"geometry":{"type":"Point","coordinates":[71.412775,51.087982]},"properties":{"id":184,"category":"theft","label":"Theft","severity":1,"year":2024,"month":12,"hour":14,"area":"EXPO / Nazarbayev Univ.","mock":true}},{"type":"Feature","id":185,"geometry":{"type":"Point","coordinates":[71.411262,51.163431]},"properties":{"id":185,"category":"assault","label":"Assault","severity":3,"year":2024,"month":5,"hour":21,"area":"Old Center (Right Bank)","mock":true}},{"type":"Feature","id":186,"geometry":{"type":"Point","coordinates":[71.416027,51.162984]},"properties":{"id":186,"category":"traffic","label":"Road Accident","severity":2,"year":2024,"month":8,"hour":17,"area":"Old Center (Right Bank)","mock":true}},{"type":"Feature","id":187,"geometry":{"type":"Point","coordinates":[71.409344,51.091934]},"properties":{"id":187,"category":"theft","label":"Theft","severity":1,"year":2024,"month":11,"hour":15,"area":"EXPO / Nazarbayev Univ.","mock":true}},{"type":"Feature","id":188,"geometry":{"type":"Point","coordinates":[71.349382,51.201319]},"properties":{"id":188,"category":"vandalism","label":"Vandalism","severity":2,"year":2025,"month":9,"hour":15,"area":"Koktal / Northwest","mock":true}},{"type":"Feature","id":189,"geometry":{"type":"Point","coordinates":[71.348615,51.195569]},"properties":{"id":189,"category":"traffic","label":"Road Accident","severity":3,"year":2024,"month":11,"hour":17,"area":"Koktal / Northwest","mock":true}},{"type":"Feature","id":190,"geometry":{"type":"Point","coordinates":[71.343135,51.197908]},"properties":{"id":190,"category":"traffic","label":"Road Accident","severity":3,"year":2025,"month":5,"hour":7,"area":"Koktal / Northwest","mock":true}},{"type":"Feature","id":191,"geometry":{"type":"Point","coordinates":[71.47035,51.1543]},"properties":{"id":191,"category":"assault","label":"Assault","severity":1,"year":2025,"month":11,"hour":19,"area":"Eurasia Bazaar Area","mock":true}},{"type":"Feature","id":192,"geometry":{"type":"Point","coordinates":[71.463619,51.154924]},"properties":{"id":192,"category":"burglary","label":"Burglary","severity":2,"year":2025,"month":1,"hour":16,"area":"Eurasia Bazaar Area","mock":true}},{"type":"Feature","id":193,"geometry":{"type":"Point","coordinates":[71.415846,51.093685]},"properties":{"id":193,"category":"theft","label":"Theft","severity":1,"year":2024,"month":12,"hour":8,"area":"EXPO / Nazarbayev Univ.","mock":true}},{"type":"Feature","id":194,"geometry":{"type":"Point","coordinates":[71.423852,51.160625]},"properties":{"id":194,"category":"traffic","label":"Road Accident","severity":1,"year":2024,"month":5,"hour":15,"area":"Old Center (Right Bank)","mock":true}},{"type":"Feature","id":195,"geometry":{"type":"Point","coordinates":[71.418096,51.169113]},"properties":{"id":195,"category":"traffic","label":"Road Accident","severity":1,"year":2025,"month":2,"hour":8,"area":"Old Center (Right Bank)","mock":true}},{"type":"Feature","id":196,"geometry":{"type":"Point","coordinates":[71.40926,51.163341]},"properties":{"id":196,"category":"vandalism","label":"Vandalism","severity":1,"year":2025,"month":5,"hour":2,"area":"Old Center (Right Bank)","mock":true}},{"type":"Feature","id":197,"geometry":{"type":"Point","coordinates":[71.379485,51.178059]},"properties":{"id":197,"category":"burglary","label":"Burglary","severity":2,"year":2024,"month":7,"hour":17,"area":"Saryarka Industrial Belt","mock":true}},{"type":"Feature","id":198,"geometry":{"type":"Point","coordinates":[71.401125,51.191156]},"properties":{"id":198,"category":"theft","label":"Theft","severity":2,"year":2025,"month":2,"hour":13,"area":"Railway Station / Sortirovka","mock":true}},{"type":"Feature","id":199,"geometry":{"type":"Point","coordinates":[71.416181,51.125313]},"properties":{"id":199,"category":"burglary","label":"Burglary","severity":3,"year":2024,"month":3,"hour":19,"area":"Left Bank Boulevard","mock":true}},{"type":"Feature","id":200,"geometry":{"type":"Point","coordinates":[71.466111,51.152628]},"properties":{"id":200,"category":"burglary","label":"Burglary","severity":1,"year":2024,"month":5,"hour":22,"area":"Eurasia Bazaar Area","mock":true}},{"type":"Feature","id":201,"geometry":{"type":"Point","coordinates":[71.409756,51.168845]},"properties":{"id":201,"category":"assault","label":"Assault","severity":1,"year":2025,"month":9,"hour":18,"area":"Old Center (Right Bank)","mock":true}},{"type":"Feature","id":202,"geometry":{"type":"Point","coordinates":[71.412278,51.087484]},"properties":{"id":202,"category":"assault","label":"Assault","severity":1,"year":2024,"month":9,"hour":23,"area":"EXPO / Nazarbayev Univ.","mock":true}},{"type":"Feature","id":203,"geometry":{"type":"Point","coordinates":[71.463285,51.152483]},"properties":{"id":203,"category":"theft","label":"Theft","severity":2,"year":2024,"month":8,"hour":19,"area":"Eurasia Bazaar Area","mock":true}},{"type":"Feature","id":204,"geometry":{"type":"Point","coordinates":[71.419841,51.127671]},"properties":{"id":204,"category":"traffic","label":"Road Accident","severity":3,"year":2024,"month":7,"hour":8,"area":"Left Bank Boulevard","mock":true}},{"type":"Feature","id":205,"geometry":{"type":"Point","coordinates":[71.416716,51.087989]},"properties":{"id":205,"category":"theft","label":"Theft","severity":1,"year":2025,"month":9,"hour":19,"area":"EXPO / Nazarbayev Univ.","mock":true}},{"type":"Feature","id":206,"geometry":{"type":"Point","coordinates":[71.463668,51.153145]},"properties":{"id":206,"category":"theft","label":"Theft","severity":2,"year":2024,"month":9,"hour":6,"area":"Eurasia Bazaar Area","mock":true}},{"type":"Feature","id":207,"geometry":{"type":"Point","coordinates":[71.420646,51.090446]},"properties":{"id":207,"category":"traffic","label":"Road Accident","severity":1,"year":2025,"month":6,"hour":19,"area":"EXPO / Nazarbayev Univ.","mock":true}},{"type":"Feature","id":208,"geometry":{"type":"Point","coordinates":[71.40853,51.19268]},"properties":{"id":208,"category":"traffic","label":"Road Accident","severity":1,"year":2025,"month":6,"hour":13,"area":"Railway Station / Sortirovka","mock":true}},{"type":"Feature","id":209,"geometry":{"type":"Point","coordinates":[71.422823,51.162307]},"properties":{"id":209,"category":"theft","label":"Theft","severity":2,"year":2025,"month":12,"hour":5,"area":"Old Center (Right Bank)","mock":true}},{"type":"Feature","id":210,"geometry":{"type":"Point","coordinates":[71.435564,51.167091]},"properties":{"id":210,"category":"traffic","label":"Road Accident","severity":2,"year":2024,"month":6,"hour":16,"area":"Old Center (Right Bank)","mock":true}},{"type":"Feature","id":211,"geometry":{"type":"Point","coordinates":[71.386818,51.181173]},"properties":{"id":211,"category":"traffic","label":"Road Accident","severity":2,"year":2025,"month":3,"hour":11,"area":"Saryarka Industrial Belt","mock":true}},{"type":"Feature","id":212,"geometry":{"type":"Point","coordinates":[71.440589,51.09511]},"properties":{"id":212,"category":"traffic","label":"Road Accident","severity":2,"year":2024,"month":6,"hour":18,"area":"Highway Corridor South","mock":true}},{"type":"Feature","id":213,"geometry":{"type":"Point","coordinates":[71.358174,51.195421]},"properties":{"id":213,"category":"theft","label":"Theft","severity":1,"year":2025,"month":1,"hour":4,"area":"Koktal / Northwest","mock":true}},{"type":"Feature","id":214,"geometry":{"type":"Point","coordinates":[71.465846,51.15641]},"properties":{"id":214,"category":"theft","label":"Theft","severity":3,"year":2024,"month":7,"hour":14,"area":"Eurasia Bazaar Area","mock":true}},{"type":"Feature","id":215,"geometry":{"type":"Point","coordinates":[71.412231,51.131675]},"properties":{"id":215,"category":"traffic","label":"Road Accident","severity":1,"year":2024,"month":3,"hour":13,"area":"Left Bank Boulevard","mock":true}},{"type":"Feature","id":216,"geometry":{"type":"Point","coordinates":[71.414306,51.125939]},"properties":{"id":216,"category":"theft","label":"Theft","severity":3,"year":2024,"month":4,"hour":21,"area":"Left Bank Boulevard","mock":true}},{"type":"Feature","id":217,"geometry":{"type":"Point","coordinates":[71.386094,51.175584]},"properties":{"id":217,"category":"theft","label":"Theft","severity":3,"year":2024,"month":1,"hour":5,"area":"Saryarka Industrial Belt","mock":true}},{"type":"Feature","id":218,"geometry":{"type":"Point","coordinates":[71.415848,51.09058]},"properties":{"id":218,"category":"vandalism","label":"Vandalism","severity":2,"year":2025,"month":11,"hour":16,"area":"EXPO / Nazarbayev Univ.","mock":true}},{"type":"Feature","id":219,"geometry":{"type":"Point","coordinates":[71.41826,51.128018]},"properties":{"id":219,"category":"burglary","label":"Burglary","severity":2,"year":2024,"month":7,"hour":22,"area":"Left Bank Boulevard","mock":true}},{"type":"Feature","id":220,"geometry":{"type":"Point","coordinates":[71.421741,51.120008]},"properties":{"id":220,"category":"burglary","label":"Burglary","severity":1,"year":2024,"month":4,"hour":21,"area":"Left Bank Boulevard","mock":true}},{"type":"Feature","id":221,"geometry":{"type":"Point","coordinates":[71.418066,51.164994]},"properties":{"id":221,"category":"theft","label":"Theft","severity":1,"year":2024,"month":8,"hour":6,"area":"Old Center (Right Bank)","mock":true}},{"type":"Feature","id":222,"geometry":{"type":"Point","coordinates":[71.409888,51.193412]},"properties":{"id":222,"category":"theft","label":"Theft","severity":1,"year":2025,"month":6,"hour":21,"area":"Railway Station / Sortirovka","mock":true}},{"type":"Feature","id":223,"geometry":{"type":"Point","coordinates":[71.435951,51.099406]},"properties":{"id":223,"category":"traffic","label":"Road Accident","severity":1,"year":2025,"month":9,"hour":17,"area":"Highway Corridor South","mock":true}},{"type":"Feature","id":224,"geometry":{"type":"Point","coordinates":[71.412236,51.090728]},"properties":{"id":224,"category":"burglary","label":"Burglary","severity":2,"year":2025,"month":11,"hour":21,"area":"EXPO / Nazarbayev Univ.","mock":true}},{"type":"Feature","id":225,"geometry":{"type":"Point","coordinates":[71.347957,51.196736]},"properties":{"id":225,"category":"traffic","label":"Road Accident","severity":1,"year":2025,"month":4,"hour":19,"area":"Koktal / Northwest","mock":true}},{"type":"Feature","id":226,"geometry":{"type":"Point","coordinates":[71.355805,51.194698]},"properties":{"id":226,"category":"assault","label":"Assault","severity":1,"year":2025,"month":1,"hour":20,"area":"Koktal / Northwest","mock":true}},{"type":"Feature","id":227,"geometry":{"type":"Point","coordinates":[71.37268,51.182956]},"properties":{"id":227,"category":"assault","label":"Assault","severity":1,"year":2025,"month":9,"hour":23,"area":"Saryarka Industrial Belt","mock":true}},{"type":"Feature","id":228,"geometry":{"type":"Point","coordinates":[71.444096,51.097317]},"properties":{"id":228,"category":"vandalism","label":"Vandalism","severity":1,"year":2024,"month":1,"hour":9,"area":"Highway Corridor South","mock":true}},{"type":"Feature","id":229,"geometry":{"type":"Point","coordinates":[71.468198,51.155822]},"properties":{"id":229,"category":"assault","label":"Assault","severity":1,"year":2025,"month":5,"hour":23,"area":"Eurasia Bazaar Area","mock":true}},{"type":"Feature","id":230,"geometry":{"type":"Point","coordinates":[71.361137,51.195268]},"properties":{"id":230,"category":"burglary","label":"Burglary","severity":2,"year":2024,"month":10,"hour":5,"area":"Koktal / Northwest","mock":true}},{"type":"Feature","id":231,"geometry":{"type":"Point","coordinates":[71.424049,51.126573]},"properties":{"id":231,"category":"theft","label":"Theft","severity":1,"year":2025,"month":5,"hour":13,"area":"Left Bank Boulevard","mock":true}},{"type":"Feature","id":232,"geometry":{"type":"Point","coordinates":[71.357149,51.200689]},"properties":{"id":232,"category":"traffic","label":"Road Accident","severity":1,"year":2025,"month":2,"hour":13,"area":"Koktal / Northwest","mock":true}},{"type":"Feature","id":233,"geometry":{"type":"Point","coordinates":[71.414816,51.126826]},"properties":{"id":233,"category":"theft","label":"Theft","severity":1,"year":2024,"month":11,"hour":18,"area":"Left Bank Boulevard","mock":true}},{"type":"Feature","id":234,"geometry":{"type":"Point","coordinates":[71.351918,51.196396]},"properties":{"id":234,"category":"assault","label":"Assault","severity":2,"year":2025,"month":1,"hour":23,"area":"Koktal / Northwest","mock":true}},{"type":"Feature","id":235,"geometry":{"type":"Point","coordinates":[71.418083,51.090442]},"properties":{"id":235,"category":"traffic","label":"Road Accident","severity":1,"year":2024,"month":3,"hour":19,"area":"EXPO / Nazarbayev Univ.","mock":true}},{"type":"Feature","id":236,"geometry":{"type":"Point","coordinates":[71.422778,51.157287]},"properties":{"id":236,"category":"traffic","label":"Road Accident","severity":2,"year":2024,"month":3,"hour":11,"area":"Old Center (Right Bank)","mock":true}},{"type":"Feature","id":237,"geometry":{"type":"Point","coordinates":[71.439881,51.100486]},"properties":{"id":237,"category":"theft","label":"Theft","severity":2,"year":2025,"month":6,"hour":12,"area":"Highway Corridor South","mock":true}},{"type":"Feature","id":238,"geometry":{"type":"Point","coordinates":[71.44566,51.092943]},"properties":{"id":238,"category":"vandalism","label":"Vandalism","severity":2,"year":2025,"month":8,"hour":12,"area":"Highway Corridor South","mock":true}},{"type":"Feature","id":239,"geometry":{"type":"Point","coordinates":[71.462853,51.157007]},"properties":{"id":239,"category":"burglary","label":"Burglary","severity":1,"year":2025,"month":8,"hour":12,"area":"Eurasia Bazaar Area","mock":true}},{"type":"Feature","id":240,"geometry":{"type":"Point","coordinates":[71.465547,51.153022]},"properties":{"id":240,"category":"theft","label":"Theft","severity":1,"year":2025,"month":6,"hour":13,"area":"Eurasia Bazaar Area","mock":true}},{"type":"Feature","id":241,"geometry":{"type":"Point","coordinates":[71.424064,51.160562]},"properties":{"id":241,"category":"traffic","label":"Road Accident","severity":2,"year":2025,"month":7,"hour":14,"area":"Old Center (Right Bank)","mock":true}},{"type":"Feature","id":242,"geometry":{"type":"Point","coordinates":[71.423071,51.160078]},"properties":{"id":242,"category":"theft","label":"Theft","severity":3,"year":2025,"month":5,"hour":9,"area":"Old Center (Right Bank)","mock":true}},{"type":"Feature","id":243,"geometry":{"type":"Point","coordinates":[71.450914,51.090719]},"properties":{"id":243,"category":"theft","label":"Theft","severity":1,"year":2024,"month":6,"hour":14,"area":"Highway Corridor South","mock":true}},{"type":"Feature","id":244,"geometry":{"type":"Point","coordinates":[71.412375,51.16891]},"properties":{"id":244,"category":"theft","label":"Theft","severity":1,"year":2025,"month":12,"hour":0,"area":"Old Center (Right Bank)","mock":true}},{"type":"Feature","id":245,"geometry":{"type":"Point","coordinates":[71.418951,51.088876]},"properties":{"id":245,"category":"traffic","label":"Road Accident","severity":2,"year":2024,"month":5,"hour":14,"area":"EXPO / Nazarbayev Univ.","mock":true}},{"type":"Feature","id":246,"geometry":{"type":"Point","coordinates":[71.447321,51.100615]},"properties":{"id":246,"category":"traffic","label":"Road Accident","severity":2,"year":2025,"month":7,"hour":19,"area":"Highway Corridor South","mock":true}},{"type":"Feature","id":247,"geometry":{"type":"Point","coordinates":[71.465274,51.155402]},"properties":{"id":247,"category":"theft","label":"Theft","severity":2,"year":2024,"month":5,"hour":14,"area":"Eurasia Bazaar Area","mock":true}},{"type":"Feature","id":248,"geometry":{"type":"Point","coordinates":[71.417125,51.089805]},"properties":{"id":248,"category":"vandalism","label":"Vandalism","severity":1,"year":2024,"month":8,"hour":22,"area":"EXPO / Nazarbayev Univ.","mock":true}},{"type":"Feature","id":249,"geometry":{"type":"Point","coordinates":[71.411008,51.092844]},"properties":{"id":249,"category":"traffic","label":"Road Accident","severity":3,"year":2024,"month":11,"hour":10,"area":"EXPO / Nazarbayev Univ.","mock":true}},{"type":"Feature","id":250,"geometry":{"type":"Point","coordinates":[71.417523,51.168477]},"properties":{"id":250,"category":"vandalism","label":"Vandalism","severity":1,"year":2024,"month":6,"hour":18,"area":"Old Center (Right Bank)","mock":true}},{"type":"Feature","id":251,"geometry":{"type":"Point","coordinates":[71.369103,51.177617]},"properties":{"id":251,"category":"burglary","label":"Burglary","severity":1,"year":2024,"month":5,"hour":5,"area":"Saryarka Industrial Belt","mock":true}},{"type":"Feature","id":252,"geometry":{"type":"Point","coordinates":[71.466028,51.148164]},"properties":{"id":252,"category":"assault","label":"Assault","severity":2,"year":2025,"month":4,"hour":23,"area":"Eurasia Bazaar Area","mock":true}},{"type":"Feature","id":253,"geometry":{"type":"Point","coordinates":[71.414613,51.086938]},"properties":{"id":253,"category":"traffic","label":"Road Accident","severity":2,"year":2024,"month":2,"hour":15,"area":"EXPO / Nazarbayev Univ.","mock":true}},{"type":"Feature","id":254,"geometry":{"type":"Point","coordinates":[71.407236,51.197105]},"properties":{"id":254,"category":"burglary","label":"Burglary","severity":1,"year":2025,"month":4,"hour":4,"area":"Railway Station / Sortirovka","mock":true}},{"type":"Feature","id":255,"geometry":{"type":"Point","coordinates":[71.382177,51.173997]},"properties":{"id":255,"category":"theft","label":"Theft","severity":1,"year":2025,"month":5,"hour":19,"area":"Saryarka Industrial Belt","mock":true}},{"type":"Feature","id":256,"geometry":{"type":"Point","coordinates":[71.467406,51.152352]},"properties":{"id":256,"category":"assault","label":"Assault","severity":1,"year":2024,"month":11,"hour":18,"area":"Eurasia Bazaar Area","mock":true}},{"type":"Feature","id":257,"geometry":{"type":"Point","coordinates":[71.469061,51.15094]},"properties":{"id":257,"category":"burglary","label":"Burglary","severity":2,"year":2024,"month":2,"hour":10,"area":"Eurasia Bazaar Area","mock":true}},{"type":"Feature","id":258,"geometry":{"type":"Point","coordinates":[71.420726,51.12881]},"properties":{"id":258,"category":"vandalism","label":"Vandalism","severity":1,"year":2024,"month":1,"hour":18,"area":"Left Bank Boulevard","mock":true}},{"type":"Feature","id":259,"geometry":{"type":"Point","coordinates":[71.40934,51.199839]},"properties":{"id":259,"category":"traffic","label":"Road Accident","severity":3,"year":2025,"month":2,"hour":12,"area":"Railway Station / Sortirovka","mock":true}},{"type":"Feature","id":260,"geometry":{"type":"Point","coordinates":[71.464111,51.156842]},"properties":{"id":260,"category":"theft","label":"Theft","severity":2,"year":2024,"month":5,"hour":8,"area":"Eurasia Bazaar Area","mock":true}},{"type":"Feature","id":261,"geometry":{"type":"Point","coordinates":[71.406055,51.197508]},"properties":{"id":261,"category":"theft","label":"Theft","severity":1,"year":2024,"month":7,"hour":13,"area":"Railway Station / Sortirovka","mock":true}},{"type":"Feature","id":262,"geometry":{"type":"Point","coordinates":[71.415692,51.0917]},"properties":{"id":262,"category":"vandalism","label":"Vandalism","severity":1,"year":2025,"month":9,"hour":15,"area":"EXPO / Nazarbayev Univ.","mock":true}},{"type":"Feature","id":263,"geometry":{"type":"Point","coordinates":[71.378959,51.182357]},"properties":{"id":263,"category":"burglary","label":"Burglary","severity":1,"year":2025,"month":7,"hour":20,"area":"Saryarka Industrial Belt","mock":true}},{"type":"Feature","id":264,"geometry":{"type":"Point","coordinates":[71.462796,51.153078]},"properties":{"id":264,"category":"assault","label":"Assault","severity":2,"year":2025,"month":1,"hour":23,"area":"Eurasia Bazaar Area","mock":true}},{"type":"Feature","id":265,"geometry":{"type":"Point","coordinates":[71.350477,51.197056]},"properties":{"id":265,"category":"vandalism","label":"Vandalism","severity":2,"year":2025,"month":11,"hour":22,"area":"Koktal / Northwest","mock":true}},{"type":"Feature","id":266,"geometry":{"type":"Point","coordinates":[71.418383,51.16256]},"properties":{"id":266,"category":"theft","label":"Theft","severity":1,"year":2025,"month":6,"hour":7,"area":"Old Center (Right Bank)","mock":true}},{"type":"Feature","id":267,"geometry":{"type":"Point","coordinates":[71.376216,51.17484]},"properties":{"id":267,"category":"burglary","label":"Burglary","severity":1,"year":2025,"month":11,"hour":18,"area":"Saryarka Industrial Belt","mock":true}},{"type":"Feature","id":268,"geometry":{"type":"Point","coordinates":[71.47192,51.153426]},"properties":{"id":268,"category":"traffic","label":"Road Accident","severity":1,"year":2025,"month":2,"hour":16,"area":"Eurasia Bazaar Area","mock":true}},{"type":"Feature","id":269,"geometry":{"type":"Point","coordinates":[71.44582,51.096313]},"properties":{"id":269,"category":"traffic","label":"Road Accident","severity":2,"year":2024,"month":7,"hour":18,"area":"Highway Corridor South","mock":true}},{"type":"Feature","id":270,"geometry":{"type":"Point","coordinates":[71.45937,51.151669]},"properties":{"id":270,"category":"traffic","label":"Road Accident","severity":3,"year":2024,"month":4,"hour":12,"area":"Eurasia Bazaar Area","mock":true}},{"type":"Feature","id":271,"geometry":{"type":"Point","coordinates":[71.408975,51.19222]},"properties":{"id":271,"category":"theft","label":"Theft","severity":1,"year":2024,"month":6,"hour":1,"area":"Railway Station / Sortirovka","mock":true}},{"type":"Feature","id":272,"geometry":{"type":"Point","coordinates":[71.402549,51.193784]},"properties":{"id":272,"category":"vandalism","label":"Vandalism","severity":2,"year":2024,"month":10,"hour":2,"area":"Railway Station / Sortirovka","mock":true}},{"type":"Feature","id":273,"geometry":{"type":"Point","coordinates":[71.421998,51.127925]},"properties":{"id":273,"category":"theft","label":"Theft","severity":1,"year":2024,"month":2,"hour":9,"area":"Left Bank Boulevard","mock":true}},{"type":"Feature","id":274,"geometry":{"type":"Point","coordinates":[71.416477,51.165233]},"properties":{"id":274,"category":"theft","label":"Theft","severity":3,"year":2025,"month":12,"hour":5,"area":"Old Center (Right Bank)","mock":true}},{"type":"Feature","id":275,"geometry":{"type":"Point","coordinates":[71.426055,51.127133]},"properties":{"id":275,"category":"vandalism","label":"Vandalism","severity":1,"year":2025,"month":2,"hour":8,"area":"Left Bank Boulevard","mock":true}},{"type":"Feature","id":276,"geometry":{"type":"Point","coordinates":[71.408182,51.192684]},"properties":{"id":276,"category":"theft","label":"Theft","severity":3,"year":2025,"month":9,"hour":17,"area":"Railway Station / Sortirovka","mock":true}},{"type":"Feature","id":277,"geometry":{"type":"Point","coordinates":[71.416873,51.163701]},"properties":{"id":277,"category":"theft","label":"Theft","severity":2,"year":2024,"month":8,"hour":3,"area":"Old Center (Right Bank)","mock":true}},{"type":"Feature","id":278,"geometry":{"type":"Point","coordinates":[71.465166,51.152525]},"properties":{"id":278,"category":"burglary","label":"Burglary","severity":2,"year":2024,"month":2,"hour":18,"area":"Eurasia Bazaar Area","mock":true}},{"type":"Feature","id":279,"geometry":{"type":"Point","coordinates":[71.394619,51.194603]},"properties":{"id":279,"category":"traffic","label":"Road Accident","severity":1,"year":2025,"month":4,"hour":17,"area":"Railway Station / Sortirovka","mock":true}},{"type":"Feature","id":280,"geometry":{"type":"Point","coordinates":[71.41305,51.15999]},"properties":{"id":280,"category":"theft","label":"Theft","severity":1,"year":2025,"month":4,"hour":19,"area":"Old Center (Right Bank)","mock":true}},{"type":"Feature","id":281,"geometry":{"type":"Point","coordinates":[71.423398,51.129639]},"properties":{"id":281,"category":"burglary","label":"Burglary","severity":1,"year":2025,"month":12,"hour":17,"area":"Left Bank Boulevard","mock":true}},{"type":"Feature","id":282,"geometry":{"type":"Point","coordinates":[71.470877,51.153636]},"properties":{"id":282,"category":"traffic","label":"Road Accident","severity":1,"year":2025,"month":4,"hour":11,"area":"Eurasia Bazaar Area","mock":true}},{"type":"Feature","id":283,"geometry":{"type":"Point","coordinates":[71.411267,51.19999]},"properties":{"id":283,"category":"traffic","label":"Road Accident","severity":1,"year":2024,"month":9,"hour":18,"area":"Railway Station / Sortirovka","mock":true}},{"type":"Feature","id":284,"geometry":{"type":"Point","coordinates":[71.416082,51.086516]},"properties":{"id":284,"category":"theft","label":"Theft","severity":1,"year":2025,"month":2,"hour":0,"area":"EXPO / Nazarbayev Univ.","mock":true}},{"type":"Feature","id":285,"geometry":{"type":"Point","coordinates":[71.371519,51.178198]},"properties":{"id":285,"category":"traffic","label":"Road Accident","severity":1,"year":2024,"month":5,"hour":11,"area":"Saryarka Industrial Belt","mock":true}},{"type":"Feature","id":286,"geometry":{"type":"Point","coordinates":[71.422372,51.126795]},"properties":{"id":286,"category":"theft","label":"Theft","severity":2,"year":2024,"month":7,"hour":4,"area":"Left Bank Boulevard","mock":true}},{"type":"Feature","id":287,"geometry":{"type":"Point","coordinates":[71.474728,51.149746]},"properties":{"id":287,"category":"traffic","label":"Road Accident","severity":2,"year":2025,"month":11,"hour":9,"area":"Eurasia Bazaar Area","mock":true}},{"type":"Feature","id":288,"geometry":{"type":"Point","coordinates":[71.425214,51.157565]},"properties":{"id":288,"category":"theft","label":"Theft","severity":2,"year":2024,"month":11,"hour":1,"area":"Old Center (Right Bank)","mock":true}},{"type":"Feature","id":289,"geometry":{"type":"Point","coordinates":[71.467357,51.155877]},"properties":{"id":289,"category":"traffic","label":"Road Accident","severity":2,"year":2025,"month":12,"hour":17,"area":"Eurasia Bazaar Area","mock":true}},{"type":"Feature","id":290,"geometry":{"type":"Point","coordinates":[71.402692,51.193854]},"properties":{"id":290,"category":"traffic","label":"Road Accident","severity":1,"year":2025,"month":8,"hour":10,"area":"Railway Station / Sortirovka","mock":true}},{"type":"Feature","id":291,"geometry":{"type":"Point","coordinates":[71.413094,51.165419]},"properties":{"id":291,"category":"traffic","label":"Road Accident","severity":3,"year":2024,"month":11,"hour":11,"area":"Old Center (Right Bank)","mock":true}},{"type":"Feature","id":292,"geometry":{"type":"Point","coordinates":[71.468879,51.148614]},"properties":{"id":292,"category":"theft","label":"Theft","severity":1,"year":2024,"month":11,"hour":4,"area":"Eurasia Bazaar Area","mock":true}},{"type":"Feature","id":293,"geometry":{"type":"Point","coordinates":[71.358381,51.195764]},"properties":{"id":293,"category":"traffic","label":"Road Accident","severity":1,"year":2025,"month":11,"hour":20,"area":"Koktal / Northwest","mock":true}},{"type":"Feature","id":294,"geometry":{"type":"Point","coordinates":[71.40346,51.197109]},"properties":{"id":294,"category":"theft","label":"Theft","severity":3,"year":2025,"month":4,"hour":0,"area":"Railway Station / Sortirovka","mock":true}},{"type":"Feature","id":295,"geometry":{"type":"Point","coordinates":[71.448943,51.088212]},"properties":{"id":295,"category":"vandalism","label":"Vandalism","severity":2,"year":2025,"month":12,"hour":18,"area":"Highway Corridor South","mock":true}},{"type":"Feature","id":296,"geometry":{"type":"Point","coordinates":[71.41686,51.160767]},"properties":{"id":296,"category":"theft","label":"Theft","severity":2,"year":2024,"month":6,"hour":9,"area":"Old Center (Right Bank)","mock":true}},{"type":"Feature","id":297,"geometry":{"type":"Point","coordinates":[71.355257,51.200875]},"properties":{"id":297,"category":"theft","label":"Theft","severity":2,"year":2025,"month":12,"hour":16,"area":"Koktal / Northwest","mock":true}},{"type":"Feature","id":298,"geometry":{"type":"Point","coordinates":[71.412691,51.16748]},"properties":{"id":298,"category":"traffic","label":"Road Accident","severity":2,"year":2025,"month":1,"hour":11,"area":"Old Center (Right Bank)","mock":true}},{"type":"Feature","id":299,"geometry":{"type":"Point","coordinates":[71.414376,51.171641]},"properties":{"id":299,"category":"traffic","label":"Road Accident","severity":3,"year":2024,"month":2,"hour":19,"area":"Old Center (Right Bank)","mock":true}},{"type":"Feature","id":300,"geometry":{"type":"Point","coordinates":[71.404539,51.198879]},"properties":{"id":300,"category":"vandalism","label":"Vandalism","severity":1,"year":2025,"month":7,"hour":12,"area":"Railway Station / Sortirovka","mock":true}},{"type":"Feature","id":301,"geometry":{"type":"Point","coordinates":[71.421695,51.085102]},"properties":{"id":301,"category":"vandalism","label":"Vandalism","severity":3,"year":2025,"month":2,"hour":10,"area":"EXPO / Nazarbayev Univ.","mock":true}},{"type":"Feature","id":302,"geometry":{"type":"Point","coordinates":[71.402776,51.197981]},"properties":{"id":302,"category":"assault","label":"Assault","severity":2,"year":2025,"month":7,"hour":0,"area":"Railway Station / Sortirovka","mock":true}},{"type":"Feature","id":303,"geometry":{"type":"Point","coordinates":[71.424296,51.126818]},"properties":{"id":303,"category":"burglary","label":"Burglary","severity":1,"year":2025,"month":7,"hour":16,"area":"Left Bank Boulevard","mock":true}},{"type":"Feature","id":304,"geometry":{"type":"Point","coordinates":[71.371093,51.167835]},"properties":{"id":304,"category":"traffic","label":"Road Accident","severity":2,"year":2024,"month":7,"hour":17,"area":"Saryarka Industrial Belt","mock":true}},{"type":"Feature","id":305,"geometry":{"type":"Point","coordinates":[71.420467,51.130405]},"properties":{"id":305,"category":"theft","label":"Theft","severity":1,"year":2025,"month":7,"hour":21,"area":"Left Bank Boulevard","mock":true}},{"type":"Feature","id":306,"geometry":{"type":"Point","coordinates":[71.375345,51.180378]},"properties":{"id":306,"category":"burglary","label":"Burglary","severity":2,"year":2025,"month":3,"hour":2,"area":"Saryarka Industrial Belt","mock":true}},{"type":"Feature","id":307,"geometry":{"type":"Point","coordinates":[71.459585,51.149669]},"properties":{"id":307,"category":"theft","label":"Theft","severity":2,"year":2024,"month":3,"hour":4,"area":"Eurasia Bazaar Area","mock":true}},{"type":"Feature","id":308,"geometry":{"type":"Point","coordinates":[71.428164,51.165359]},"properties":{"id":308,"category":"traffic","label":"Road Accident","severity":3,"year":2025,"month":5,"hour":7,"area":"Old Center (Right Bank)","mock":true}},{"type":"Feature","id":309,"geometry":{"type":"Point","coordinates":[71.435501,51.093692]},"properties":{"id":309,"category":"traffic","label":"Road Accident","severity":3,"year":2025,"month":12,"hour":8,"area":"Highway Corridor South","mock":true}},{"type":"Feature","id":310,"geometry":{"type":"Point","coordinates":[71.425655,51.166679]},"properties":{"id":310,"category":"burglary","label":"Burglary","severity":3,"year":2025,"month":2,"hour":4,"area":"Old Center (Right Bank)","mock":true}},{"type":"Feature","id":311,"geometry":{"type":"Point","coordinates":[71.442403,51.093077]},"properties":{"id":311,"category":"burglary","label":"Burglary","severity":2,"year":2024,"month":2,"hour":1,"area":"Highway Corridor South","mock":true}},{"type":"Feature","id":312,"geometry":{"type":"Point","coordinates":[71.472227,51.152205]},"properties":{"id":312,"category":"burglary","label":"Burglary","severity":1,"year":2025,"month":7,"hour":7,"area":"Eurasia Bazaar Area","mock":true}},{"type":"Feature","id":313,"geometry":{"type":"Point","coordinates":[71.410482,51.0852]},"properties":{"id":313,"category":"theft","label":"Theft","severity":3,"year":2024,"month":3,"hour":22,"area":"EXPO / Nazarbayev Univ.","mock":true}},{"type":"Feature","id":314,"geometry":{"type":"Point","coordinates":[71.462892,51.153221]},"properties":{"id":314,"category":"theft","label":"Theft","severity":1,"year":2024,"month":5,"hour":6,"area":"Eurasia Bazaar Area","mock":true}},{"type":"Feature","id":315,"geometry":{"type":"Point","coordinates":[71.403415,51.089667]},"properties":{"id":315,"category":"traffic","label":"Road Accident","severity":2,"year":2024,"month":7,"hour":8,"area":"EXPO / Nazarbayev Univ.","mock":true}},{"type":"Feature","id":316,"geometry":{"type":"Point","coordinates":[71.417571,51.092347]},"properties":{"id":316,"category":"theft","label":"Theft","severity":2,"year":2025,"month":12,"hour":5,"area":"EXPO / Nazarbayev Univ.","mock":true}},{"type":"Feature","id":317,"geometry":{"type":"Point","coordinates":[71.411089,51.0937]},"properties":{"id":317,"category":"vandalism","label":"Vandalism","severity":1,"year":2025,"month":12,"hour":14,"area":"EXPO / Nazarbayev Univ.","mock":true}},{"type":"Feature","id":318,"geometry":{"type":"Point","coordinates":[71.4215,51.169129]},"properties":{"id":318,"category":"traffic","label":"Road Accident","severity":2,"year":2024,"month":9,"hour":12,"area":"Old Center (Right Bank)","mock":true}},{"type":"Feature","id":319,"geometry":{"type":"Point","coordinates":[71.411972,51.194149]},"properties":{"id":319,"category":"traffic","label":"Road Accident","severity":3,"year":2025,"month":5,"hour":18,"area":"Railway Station / Sortirovka","mock":true}},{"type":"Feature","id":320,"geometry":{"type":"Point","coordinates":[71.41598,51.16852]},"properties":{"id":320,"category":"theft","label":"Theft","severity":1,"year":2025,"month":5,"hour":6,"area":"Old Center (Right Bank)","mock":true}},{"type":"Feature","id":321,"geometry":{"type":"Point","coordinates":[71.377791,51.177963]},"properties":{"id":321,"category":"theft","label":"Theft","severity":1,"year":2025,"month":4,"hour":17,"area":"Saryarka Industrial Belt","mock":true}},{"type":"Feature","id":322,"geometry":{"type":"Point","coordinates":[71.372334,51.174108]},"properties":{"id":322,"category":"theft","label":"Theft","severity":2,"year":2025,"month":9,"hour":8,"area":"Saryarka Industrial Belt","mock":true}},{"type":"Feature","id":323,"geometry":{"type":"Point","coordinates":[71.406466,51.196896]},"properties":{"id":323,"category":"burglary","label":"Burglary","severity":2,"year":2025,"month":4,"hour":19,"area":"Railway Station / Sortirovka","mock":true}},{"type":"Feature","id":324,"geometry":{"type":"Point","coordinates":[71.445316,51.091199]},"properties":{"id":324,"category":"assault","label":"Assault","severity":2,"year":2025,"month":6,"hour":1,"area":"Highway Corridor South","mock":true}},{"type":"Feature","id":325,"geometry":{"type":"Point","coordinates":[71.355954,51.177721]},"properties":{"id":325,"category":"traffic","label":"Road Accident","severity":1,"year":2024,"month":2,"hour":19,"area":"Saryarka Industrial Belt","mock":true}},{"type":"Feature","id":326,"geometry":{"type":"Point","coordinates":[71.420935,51.166938]},"properties":{"id":326,"category":"theft","label":"Theft","severity":2,"year":2025,"month":6,"hour":22,"area":"Old Center (Right Bank)","mock":true}},{"type":"Feature","id":327,"geometry":{"type":"Point","coordinates":[71.459701,51.153085]},"properties":{"id":327,"category":"theft","label":"Theft","severity":1,"year":2025,"month":5,"hour":7,"area":"Eurasia Bazaar Area","mock":true}},{"type":"Feature","id":328,"geometry":{"type":"Point","coordinates":[71.432084,51.124854]},"properties":{"id":328,"category":"theft","label":"Theft","severity":1,"year":2025,"month":12,"hour":5,"area":"Left Bank Boulevard","mock":true}},{"type":"Feature","id":329,"geometry":{"type":"Point","coordinates":[71.401042,51.196623]},"properties":{"id":329,"category":"theft","label":"Theft","severity":2,"year":2025,"month":12,"hour":6,"area":"Railway Station / Sortirovka","mock":true}},{"type":"Feature","id":330,"geometry":{"type":"Point","coordinates":[71.41318,51.087656]},"properties":{"id":330,"category":"vandalism","label":"Vandalism","severity":2,"year":2025,"month":6,"hour":1,"area":"EXPO / Nazarbayev Univ.","mock":true}},{"type":"Feature","id":331,"geometry":{"type":"Point","coordinates":[71.422935,51.164424]},"properties":{"id":331,"category":"theft","label":"Theft","severity":2,"year":2025,"month":11,"hour":6,"area":"Old Center (Right Bank)","mock":true}},{"type":"Feature","id":332,"geometry":{"type":"Point","coordinates":[71.426151,51.12813]},"properties":{"id":332,"category":"theft","label":"Theft","severity":2,"year":2025,"month":9,"hour":7,"area":"Left Bank Boulevard","mock":true}},{"type":"Feature","id":333,"geometry":{"type":"Point","coordinates":[71.460007,51.153814]},"properties":{"id":333,"category":"assault","label":"Assault","severity":1,"year":2025,"month":11,"hour":21,"area":"Eurasia Bazaar Area","mock":true}},{"type":"Feature","id":334,"geometry":{"type":"Point","coordinates":[71.420872,51.087558]},"properties":{"id":334,"category":"theft","label":"Theft","severity":2,"year":2024,"month":3,"hour":13,"area":"EXPO / Nazarbayev Univ.","mock":true}},{"type":"Feature","id":335,"geometry":{"type":"Point","coordinates":[71.469966,51.153471]},"properties":{"id":335,"category":"vandalism","label":"Vandalism","severity":2,"year":2025,"month":2,"hour":12,"area":"Eurasia Bazaar Area","mock":true}},{"type":"Feature","id":336,"geometry":{"type":"Point","coordinates":[71.418415,51.089354]},"properties":{"id":336,"category":"theft","label":"Theft","severity":2,"year":2025,"month":5,"hour":3,"area":"EXPO / Nazarbayev Univ.","mock":true}},{"type":"Feature","id":337,"geometry":{"type":"Point","coordinates":[71.467961,51.151501]},"properties":{"id":337,"category":"assault","label":"Assault","severity":1,"year":2025,"month":12,"hour":19,"area":"Eurasia Bazaar Area","mock":true}},{"type":"Feature","id":338,"geometry":{"type":"Point","coordinates":[71.346799,51.198315]},"properties":{"id":338,"category":"theft","label":"Theft","severity":3,"year":2025,"month":9,"hour":21,"area":"Koktal / Northwest","mock":true}},{"type":"Feature","id":339,"geometry":{"type":"Point","coordinates":[71.465055,51.155305]},"properties":{"id":339,"category":"theft","label":"Theft","severity":2,"year":2024,"month":2,"hour":1,"area":"Eurasia Bazaar Area","mock":true}},{"type":"Feature","id":340,"geometry":{"type":"Point","coordinates":[71.424447,51.169114]},"properties":{"id":340,"category":"theft","label":"Theft","severity":3,"year":2024,"month":8,"hour":8,"area":"Old Center (Right Bank)","mock":true}},{"type":"Feature","id":341,"geometry":{"type":"Point","coordinates":[71.408246,51.199713]},"properties":{"id":341,"category":"theft","label":"Theft","severity":1,"year":2025,"month":7,"hour":16,"area":"Railway Station / Sortirovka","mock":true}},{"type":"Feature","id":342,"geometry":{"type":"Point","coordinates":[71.465176,51.151332]},"properties":{"id":342,"category":"traffic","label":"Road Accident","severity":2,"year":2025,"month":7,"hour":16,"area":"Eurasia Bazaar Area","mock":true}},{"type":"Feature","id":343,"geometry":{"type":"Point","coordinates":[71.375024,51.184381]},"properties":{"id":343,"category":"burglary","label":"Burglary","severity":2,"year":2025,"month":12,"hour":0,"area":"Saryarka Industrial Belt","mock":true}},{"type":"Feature","id":344,"geometry":{"type":"Point","coordinates":[71.368994,51.179293]},"properties":{"id":344,"category":"burglary","label":"Burglary","severity":1,"year":2025,"month":12,"hour":18,"area":"Saryarka Industrial Belt","mock":true}},{"type":"Feature","id":345,"geometry":{"type":"Point","coordinates":[71.409482,51.196503]},"properties":{"id":345,"category":"vandalism","label":"Vandalism","severity":1,"year":2025,"month":10,"hour":14,"area":"Railway Station / Sortirovka","mock":true}},{"type":"Feature","id":346,"geometry":{"type":"Point","coordinates":[71.46572,51.154519]},"properties":{"id":346,"category":"theft","label":"Theft","severity":2,"year":2024,"month":1,"hour":7,"area":"Eurasia Bazaar Area","mock":true}},{"type":"Feature","id":347,"geometry":{"type":"Point","coordinates":[71.41578,51.091255]},"properties":{"id":347,"category":"burglary","label":"Burglary","severity":1,"year":2024,"month":4,"hour":8,"area":"EXPO / Nazarbayev Univ.","mock":true}},{"type":"Feature","id":348,"geometry":{"type":"Point","coordinates":[71.416859,51.126184]},"properties":{"id":348,"category":"assault","label":"Assault","severity":1,"year":2025,"month":7,"hour":22,"area":"Left Bank Boulevard","mock":true}},{"type":"Feature","id":349,"geometry":{"type":"Point","coordinates":[71.420885,51.121565]},"properties":{"id":349,"category":"traffic","label":"Road Accident","severity":2,"year":2024,"month":1,"hour":9,"area":"Left Bank Boulevard","mock":true}},{"type":"Feature","id":350,"geometry":{"type":"Point","coordinates":[71.416112,51.126422]},"properties":{"id":350,"category":"vandalism","label":"Vandalism","severity":2,"year":2025,"month":6,"hour":13,"area":"Left Bank Boulevard","mock":true}},{"type":"Feature","id":351,"geometry":{"type":"Point","coordinates":[71.423068,51.128938]},"properties":{"id":351,"category":"assault","label":"Assault","severity":2,"year":2024,"month":5,"hour":18,"area":"Left Bank Boulevard","mock":true}},{"type":"Feature","id":352,"geometry":{"type":"Point","coordinates":[71.41529,51.168374]},"properties":{"id":352,"category":"theft","label":"Theft","severity":1,"year":2024,"month":11,"hour":8,"area":"Old Center (Right Bank)","mock":true}},{"type":"Feature","id":353,"geometry":{"type":"Point","coordinates":[71.385112,51.175614]},"properties":{"id":353,"category":"vandalism","label":"Vandalism","severity":3,"year":2024,"month":10,"hour":22,"area":"Saryarka Industrial Belt","mock":true}},{"type":"Feature","id":354,"geometry":{"type":"Point","coordinates":[71.428299,51.130061]},"properties":{"id":354,"category":"traffic","label":"Road Accident","severity":1,"year":2024,"month":8,"hour":14,"area":"Left Bank Boulevard","mock":true}},{"type":"Feature","id":355,"geometry":{"type":"Point","coordinates":[71.418072,51.125056]},"properties":{"id":355,"category":"traffic","label":"Road Accident","severity":2,"year":2025,"month":5,"hour":16,"area":"Left Bank Boulevard","mock":true}},{"type":"Feature","id":356,"geometry":{"type":"Point","coordinates":[71.375008,51.180576]},"properties":{"id":356,"category":"traffic","label":"Road Accident","severity":1,"year":2024,"month":3,"hour":9,"area":"Saryarka Industrial Belt","mock":true}},{"type":"Feature","id":357,"geometry":{"type":"Point","coordinates":[71.415203,51.162214]},"properties":{"id":357,"category":"burglary","label":"Burglary","severity":1,"year":2025,"month":6,"hour":3,"area":"Old Center (Right Bank)","mock":true}},{"type":"Feature","id":358,"geometry":{"type":"Point","coordinates":[71.371477,51.180077]},"properties":{"id":358,"category":"theft","label":"Theft","severity":2,"year":2025,"month":3,"hour":14,"area":"Saryarka Industrial Belt","mock":true}},{"type":"Feature","id":359,"geometry":{"type":"Point","coordinates":[71.421718,51.127494]},"properties":{"id":359,"category":"assault","label":"Assault","severity":1,"year":2024,"month":7,"hour":21,"area":"Left Bank Boulevard","mock":true}},{"type":"Feature","id":360,"geometry":{"type":"Point","coordinates":[71.405676,51.197686]},"properties":{"id":360,"category":"theft","label":"Theft","severity":1,"year":2025,"month":10,"hour":5,"area":"Railway Station / Sortirovka","mock":true}},{"type":"Feature","id":361,"geometry":{"type":"Point","coordinates":[71.416906,51.165433]},"properties":{"id":361,"category":"traffic","label":"Road Accident","severity":2,"year":2025,"month":12,"hour":7,"area":"Old Center (Right Bank)","mock":true}},{"type":"Feature","id":362,"geometry":{"type":"Point","coordinates":[71.373436,51.171707]},"properties":{"id":362,"category":"theft","label":"Theft","severity":2,"year":2025,"month":8,"hour":23,"area":"Saryarka Industrial Belt","mock":true}},{"type":"Feature","id":363,"geometry":{"type":"Point","coordinates":[71.411936,51.087155]},"properties":{"id":363,"category":"traffic","label":"Road Accident","severity":1,"year":2024,"month":7,"hour":8,"area":"EXPO / Nazarbayev Univ.","mock":true}},{"type":"Feature","id":364,"geometry":{"type":"Point","coordinates":[71.429013,51.095981]},"properties":{"id":364,"category":"traffic","label":"Road Accident","severity":2,"year":2025,"month":2,"hour":20,"area":"Highway Corridor South","mock":true}},{"type":"Feature","id":365,"geometry":{"type":"Point","coordinates":[71.41697,51.127681]},"properties":{"id":365,"category":"burglary","label":"Burglary","severity":3,"year":2025,"month":1,"hour":5,"area":"Left Bank Boulevard","mock":true}},{"type":"Feature","id":366,"geometry":{"type":"Point","coordinates":[71.351031,51.205696]},"properties":{"id":366,"category":"assault","label":"Assault","severity":1,"year":2025,"month":10,"hour":22,"area":"Koktal / Northwest","mock":true}},{"type":"Feature","id":367,"geometry":{"type":"Point","coordinates":[71.463954,51.149724]},"properties":{"id":367,"category":"vandalism","label":"Vandalism","severity":2,"year":2024,"month":5,"hour":16,"area":"Eurasia Bazaar Area","mock":true}},{"type":"Feature","id":368,"geometry":{"type":"Point","coordinates":[71.46791,51.153251]},"properties":{"id":368,"category":"assault","label":"Assault","severity":1,"year":2024,"month":10,"hour":18,"area":"Eurasia Bazaar Area","mock":true}},{"type":"Feature","id":369,"geometry":{"type":"Point","coordinates":[71.34357,51.195393]},"properties":{"id":369,"category":"traffic","label":"Road Accident","severity":2,"year":2025,"month":1,"hour":12,"area":"Koktal / Northwest","mock":true}},{"type":"Feature","id":370,"geometry":{"type":"Point","coordinates":[71.405389,51.192363]},"properties":{"id":370,"category":"theft","label":"Theft","severity":3,"year":2025,"month":10,"hour":2,"area":"Railway Station / Sortirovka","mock":true}},{"type":"Feature","id":371,"geometry":{"type":"Point","coordinates":[71.413914,51.093016]},"properties":{"id":371,"category":"vandalism","label":"Vandalism","severity":2,"year":2025,"month":8,"hour":13,"area":"EXPO / Nazarbayev Univ.","mock":true}},{"type":"Feature","id":372,"geometry":{"type":"Point","coordinates":[71.415317,51.088766]},"properties":{"id":372,"category":"assault","label":"Assault","severity":2,"year":2025,"month":12,"hour":20,"area":"EXPO / Nazarbayev Univ.","mock":true}},{"type":"Feature","id":373,"geometry":{"type":"Point","coordinates":[71.417958,51.163913]},"properties":{"id":373,"category":"traffic","label":"Road Accident","severity":2,"year":2024,"month":9,"hour":20,"area":"Old Center (Right Bank)","mock":true}},{"type":"Feature","id":374,"geometry":{"type":"Point","coordinates":[71.465521,51.152847]},"properties":{"id":374,"category":"theft","label":"Theft","severity":2,"year":2025,"month":6,"hour":4,"area":"Eurasia Bazaar Area","mock":true}},{"type":"Feature","id":375,"geometry":{"type":"Point","coordinates":[71.415649,51.159109]},"properties":{"id":375,"category":"theft","label":"Theft","severity":2,"year":2024,"month":7,"hour":17,"area":"Old Center (Right Bank)","mock":true}},{"type":"Feature","id":376,"geometry":{"type":"Point","coordinates":[71.418525,51.089139]},"properties":{"id":376,"category":"vandalism","label":"Vandalism","severity":2,"year":2025,"month":11,"hour":12,"area":"EXPO / Nazarbayev Univ.","mock":true}},{"type":"Feature","id":377,"geometry":{"type":"Point","coordinates":[71.449039,51.095854]},"properties":{"id":377,"category":"assault","label":"Assault","severity":1,"year":2024,"month":5,"hour":1,"area":"Highway Corridor South","mock":true}},{"type":"Feature","id":378,"geometry":{"type":"Point","coordinates":[71.402915,51.199332]},"properties":{"id":378,"category":"theft","label":"Theft","severity":3,"year":2024,"month":8,"hour":6,"area":"Railway Station / Sortirovka","mock":true}},{"type":"Feature","id":379,"geometry":{"type":"Point","coordinates":[71.419345,51.124266]},"properties":{"id":379,"category":"theft","label":"Theft","severity":1,"year":2025,"month":8,"hour":23,"area":"Left Bank Boulevard","mock":true}},{"type":"Feature","id":380,"geometry":{"type":"Point","coordinates":[71.360734,51.180774]},"properties":{"id":380,"category":"traffic","label":"Road Accident","severity":2,"year":2025,"month":8,"hour":17,"area":"Saryarka Industrial Belt","mock":true}},{"type":"Feature","id":381,"geometry":{"type":"Point","coordinates":[71.382744,51.178658]},"properties":{"id":381,"category":"theft","label":"Theft","severity":2,"year":2024,"month":11,"hour":15,"area":"Saryarka Industrial Belt","mock":true}},{"type":"Feature","id":382,"geometry":{"type":"Point","coordinates":[71.46668,51.152289]},"properties":{"id":382,"category":"theft","label":"Theft","severity":3,"year":2024,"month":3,"hour":2,"area":"Eurasia Bazaar Area","mock":true}},{"type":"Feature","id":383,"geometry":{"type":"Point","coordinates":[71.452021,51.100948]},"properties":{"id":383,"category":"vandalism","label":"Vandalism","severity":2,"year":2025,"month":4,"hour":23,"area":"Highway Corridor South","mock":true}},{"type":"Feature","id":384,"geometry":{"type":"Point","coordinates":[71.41874,51.168701]},"properties":{"id":384,"category":"theft","label":"Theft","severity":1,"year":2024,"month":9,"hour":15,"area":"Old Center (Right Bank)","mock":true}},{"type":"Feature","id":385,"geometry":{"type":"Point","coordinates":[71.406766,51.091491]},"properties":{"id":385,"category":"traffic","label":"Road Accident","severity":3,"year":2025,"month":8,"hour":12,"area":"EXPO / Nazarbayev Univ.","mock":true}},{"type":"Feature","id":386,"geometry":{"type":"Point","coordinates":[71.37554,51.171819]},"properties":{"id":386,"category":"theft","label":"Theft","severity":1,"year":2025,"month":1,"hour":7,"area":"Saryarka Industrial Belt","mock":true}},{"type":"Feature","id":387,"geometry":{"type":"Point","coordinates":[71.419155,51.157469]},"properties":{"id":387,"category":"burglary","label":"Burglary","severity":1,"year":2024,"month":6,"hour":4,"area":"Old Center (Right Bank)","mock":true}},{"type":"Feature","id":388,"geometry":{"type":"Point","coordinates":[71.345747,51.202774]},"properties":{"id":388,"category":"assault","label":"Assault","severity":2,"year":2025,"month":5,"hour":22,"area":"Koktal / Northwest","mock":true}},{"type":"Feature","id":389,"geometry":{"type":"Point","coordinates":[71.419346,51.086386]},"properties":{"id":389,"category":"theft","label":"Theft","severity":1,"year":2025,"month":1,"hour":0,"area":"EXPO / Nazarbayev Univ.","mock":true}},{"type":"Feature","id":390,"geometry":{"type":"Point","coordinates":[71.422022,51.090513]},"properties":{"id":390,"category":"theft","label":"Theft","severity":1,"year":2025,"month":9,"hour":0,"area":"EXPO / Nazarbayev Univ.","mock":true}},{"type":"Feature","id":391,"geometry":{"type":"Point","coordinates":[71.445114,51.096093]},"properties":{"id":391,"category":"vandalism","label":"Vandalism","severity":1,"year":2024,"month":4,"hour":23,"area":"Highway Corridor South","mock":true}},{"type":"Feature","id":392,"geometry":{"type":"Point","coordinates":[71.375481,51.176431]},"properties":{"id":392,"category":"vandalism","label":"Vandalism","severity":1,"year":2025,"month":2,"hour":18,"area":"Saryarka Industrial Belt","mock":true}},{"type":"Feature","id":393,"geometry":{"type":"Point","coordinates":[71.399159,51.197013]},"properties":{"id":393,"category":"vandalism","label":"Vandalism","severity":1,"year":2025,"month":9,"hour":16,"area":"Railway Station / Sortirovka","mock":true}},{"type":"Feature","id":394,"geometry":{"type":"Point","coordinates":[71.419171,51.086545]},"properties":{"id":394,"category":"traffic","label":"Road Accident","severity":2,"year":2024,"month":4,"hour":18,"area":"EXPO / Nazarbayev Univ.","mock":true}},{"type":"Feature","id":395,"geometry":{"type":"Point","coordinates":[71.40252,51.196255]},"properties":{"id":395,"category":"theft","label":"Theft","severity":1,"year":2025,"month":12,"hour":12,"area":"Railway Station / Sortirovka","mock":true}},{"type":"Feature","id":396,"geometry":{"type":"Point","coordinates":[71.446837,51.097067]},"properties":{"id":396,"category":"vandalism","label":"Vandalism","severity":1,"year":2024,"month":9,"hour":8,"area":"Highway Corridor South","mock":true}},{"type":"Feature","id":397,"geometry":{"type":"Point","coordinates":[71.416086,51.168474]},"properties":{"id":397,"category":"theft","label":"Theft","severity":1,"year":2025,"month":2,"hour":4,"area":"Old Center (Right Bank)","mock":true}},{"type":"Feature","id":398,"geometry":{"type":"Point","coordinates":[71.464137,51.151603]},"properties":{"id":398,"category":"theft","label":"Theft","severity":1,"year":2025,"month":10,"hour":5,"area":"Eurasia Bazaar Area","mock":true}},{"type":"Feature","id":399,"geometry":{"type":"Point","coordinates":[71.411255,51.125312]},"properties":{"id":399,"category":"traffic","label":"Road Accident","severity":3,"year":2025,"month":8,"hour":15,"area":"Left Bank Boulevard","mock":true}},{"type":"Feature","id":400,"geometry":{"type":"Point","coordinates":[71.424608,51.127179]},"properties":{"id":400,"category":"theft","label":"Theft","severity":2,"year":2024,"month":4,"hour":9,"area":"Left Bank Boulevard","mock":true}},{"type":"Feature","id":401,"geometry":{"type":"Point","coordinates":[71.416863,51.089425]},"properties":{"id":401,"category":"theft","label":"Theft","severity":2,"year":2025,"month":12,"hour":23,"area":"EXPO / Nazarbayev Univ.","mock":true}},{"type":"Feature","id":402,"geometry":{"type":"Point","coordinates":[71.417693,51.091015]},"properties":{"id":402,"category":"assault","label":"Assault","severity":2,"year":2024,"month":12,"hour":18,"area":"EXPO / Nazarbayev Univ.","mock":true}},{"type":"Feature","id":403,"geometry":{"type":"Point","coordinates":[71.459846,51.155056]},"properties":{"id":403,"category":"assault","label":"Assault","severity":1,"year":2025,"month":8,"hour":23,"area":"Eurasia Bazaar Area","mock":true}},{"type":"Feature","id":404,"geometry":{"type":"Point","coordinates":[71.443605,51.095528]},"properties":{"id":404,"category":"theft","label":"Theft","severity":1,"year":2025,"month":3,"hour":20,"area":"Highway Corridor South","mock":true}},{"type":"Feature","id":405,"geometry":{"type":"Point","coordinates":[71.350989,51.198778]},"properties":{"id":405,"category":"theft","label":"Theft","severity":1,"year":2025,"month":11,"hour":21,"area":"Koktal / Northwest","mock":true}},{"type":"Feature","id":406,"geometry":{"type":"Point","coordinates":[71.405509,51.195496]},"properties":{"id":406,"category":"vandalism","label":"Vandalism","severity":2,"year":2024,"month":11,"hour":13,"area":"Railway Station / Sortirovka","mock":true}},{"type":"Feature","id":407,"geometry":{"type":"Point","coordinates":[71.409583,51.166546]},"properties":{"id":407,"category":"theft","label":"Theft","severity":1,"year":2024,"month":8,"hour":22,"area":"Old Center (Right Bank)","mock":true}},{"type":"Feature","id":408,"geometry":{"type":"Point","coordinates":[71.41984,51.162603]},"properties":{"id":408,"category":"burglary","label":"Burglary","severity":3,"year":2024,"month":3,"hour":16,"area":"Old Center (Right Bank)","mock":true}},{"type":"Feature","id":409,"geometry":{"type":"Point","coordinates":[71.424014,51.12792]},"properties":{"id":409,"category":"vandalism","label":"Vandalism","severity":1,"year":2024,"month":5,"hour":4,"area":"Left Bank Boulevard","mock":true}},{"type":"Feature","id":410,"geometry":{"type":"Point","coordinates":[71.421246,51.127225]},"properties":{"id":410,"category":"vandalism","label":"Vandalism","severity":2,"year":2024,"month":7,"hour":11,"area":"Left Bank Boulevard","mock":true}},{"type":"Feature","id":411,"geometry":{"type":"Point","coordinates":[71.471701,51.152776]},"properties":{"id":411,"category":"traffic","label":"Road Accident","severity":2,"year":2025,"month":10,"hour":13,"area":"Eurasia Bazaar Area","mock":true}},{"type":"Feature","id":412,"geometry":{"type":"Point","coordinates":[71.398081,51.19203]},"properties":{"id":412,"category":"traffic","label":"Road Accident","severity":3,"year":2025,"month":8,"hour":11,"area":"Railway Station / Sortirovka","mock":true}},{"type":"Feature","id":413,"geometry":{"type":"Point","coordinates":[71.407413,51.19505]},"properties":{"id":413,"category":"theft","label":"Theft","severity":1,"year":2025,"month":3,"hour":2,"area":"Railway Station / Sortirovka","mock":true}},{"type":"Feature","id":414,"geometry":{"type":"Point","coordinates":[71.400587,51.198548]},"properties":{"id":414,"category":"vandalism","label":"Vandalism","severity":2,"year":2025,"month":10,"hour":18,"area":"Railway Station / Sortirovka","mock":true}},{"type":"Feature","id":415,"geometry":{"type":"Point","coordinates":[71.46776,51.149702]},"properties":{"id":415,"category":"theft","label":"Theft","severity":1,"year":2025,"month":9,"hour":3,"area":"Eurasia Bazaar Area","mock":true}},{"type":"Feature","id":416,"geometry":{"type":"Point","coordinates":[71.425177,51.125846]},"properties":{"id":416,"category":"theft","label":"Theft","severity":1,"year":2025,"month":1,"hour":10,"area":"Left Bank Boulevard","mock":true}},{"type":"Feature","id":417,"geometry":{"type":"Point","coordinates":[71.417387,51.173945]},"properties":{"id":417,"category":"vandalism","label":"Vandalism","severity":1,"year":2025,"month":12,"hour":3,"area":"Old Center (Right Bank)","mock":true}},{"type":"Feature","id":418,"geometry":{"type":"Point","coordinates":[71.410483,51.163446]},"properties":{"id":418,"category":"traffic","label":"Road Accident","severity":2,"year":2024,"month":9,"hour":11,"area":"Old Center (Right Bank)","mock":true}},{"type":"Feature","id":419,"geometry":{"type":"Point","coordinates":[71.407233,51.194255]},"properties":{"id":419,"category":"vandalism","label":"Vandalism","severity":2,"year":2024,"month":8,"hour":8,"area":"Railway Station / Sortirovka","mock":true}},{"type":"Feature","id":420,"geometry":{"type":"Point","coordinates":[71.42128,51.130658]},"properties":{"id":420,"category":"vandalism","label":"Vandalism","severity":2,"year":2025,"month":1,"hour":2,"area":"Left Bank Boulevard","mock":true}},{"type":"Feature","id":421,"geometry":{"type":"Point","coordinates":[71.422012,51.127887]},"properties":{"id":421,"category":"theft","label":"Theft","severity":1,"year":2025,"month":11,"hour":9,"area":"Left Bank Boulevard","mock":true}},{"type":"Feature","id":422,"geometry":{"type":"Point","coordinates":[71.468036,51.149144]},"properties":{"id":422,"category":"assault","label":"Assault","severity":2,"year":2025,"month":2,"hour":1,"area":"Eurasia Bazaar Area","mock":true}},{"type":"Feature","id":423,"geometry":{"type":"Point","coordinates":[71.395212,51.192101]},"properties":{"id":423,"category":"traffic","label":"Road Accident","severity":1,"year":2024,"month":1,"hour":9,"area":"Railway Station / Sortirovka","mock":true}},{"type":"Feature","id":424,"geometry":{"type":"Point","coordinates":[71.377777,51.178762]},"properties":{"id":424,"category":"vandalism","label":"Vandalism","severity":1,"year":2025,"month":4,"hour":11,"area":"Saryarka Industrial Belt","mock":true}},{"type":"Feature","id":425,"geometry":{"type":"Point","coordinates":[71.421177,51.165]},"properties":{"id":425,"category":"vandalism","label":"Vandalism","severity":2,"year":2024,"month":3,"hour":6,"area":"Old Center (Right Bank)","mock":true}},{"type":"Feature","id":426,"geometry":{"type":"Point","coordinates":[71.424454,51.090909]},"properties":{"id":426,"category":"vandalism","label":"Vandalism","severity":3,"year":2024,"month":8,"hour":14,"area":"EXPO / Nazarbayev Univ.","mock":true}},{"type":"Feature","id":427,"geometry":{"type":"Point","coordinates":[71.422771,51.167548]},"properties":{"id":427,"category":"theft","label":"Theft","severity":1,"year":2025,"month":10,"hour":6,"area":"Old Center (Right Bank)","mock":true}},{"type":"Feature","id":428,"geometry":{"type":"Point","coordinates":[71.346328,51.197531]},"properties":{"id":428,"category":"assault","label":"Assault","severity":1,"year":2025,"month":7,"hour":21,"area":"Koktal / Northwest","mock":true}},{"type":"Feature","id":429,"geometry":{"type":"Point","coordinates":[71.404484,51.196551]},"properties":{"id":429,"category":"burglary","label":"Burglary","severity":3,"year":2024,"month":11,"hour":20,"area":"Railway Station / Sortirovka","mock":true}},{"type":"Feature","id":430,"geometry":{"type":"Point","coordinates":[71.465502,51.155268]},"properties":{"id":430,"category":"burglary","label":"Burglary","severity":2,"year":2024,"month":8,"hour":10,"area":"Eurasia Bazaar Area","mock":true}},{"type":"Feature","id":431,"geometry":{"type":"Point","coordinates":[71.405231,51.196508]},"properties":{"id":431,"category":"assault","label":"Assault","severity":2,"year":2024,"month":10,"hour":20,"area":"Railway Station / Sortirovka","mock":true}},{"type":"Feature","id":432,"geometry":{"type":"Point","coordinates":[71.426905,51.166704]},"properties":{"id":432,"category":"theft","label":"Theft","severity":2,"year":2024,"month":1,"hour":8,"area":"Old Center (Right Bank)","mock":true}},{"type":"Feature","id":433,"geometry":{"type":"Point","coordinates":[71.471355,51.152979]},"properties":{"id":433,"category":"traffic","label":"Road Accident","severity":2,"year":2025,"month":1,"hour":16,"area":"Eurasia Bazaar Area","mock":true}},{"type":"Feature","id":434,"geometry":{"type":"Point","coordinates":[71.413091,51.170611]},"properties":{"id":434,"category":"burglary","label":"Burglary","severity":1,"year":2025,"month":9,"hour":13,"area":"Old Center (Right Bank)","mock":true}},{"type":"Feature","id":435,"geometry":{"type":"Point","coordinates":[71.413103,51.197734]},"properties":{"id":435,"category":"traffic","label":"Road Accident","severity":2,"year":2024,"month":1,"hour":13,"area":"Railway Station / Sortirovka","mock":true}},{"type":"Feature","id":436,"geometry":{"type":"Point","coordinates":[71.414951,51.089818]},"properties":{"id":436,"category":"theft","label":"Theft","severity":2,"year":2025,"month":4,"hour":20,"area":"EXPO / Nazarbayev Univ.","mock":true}},{"type":"Feature","id":437,"geometry":{"type":"Point","coordinates":[71.467529,51.151083]},"properties":{"id":437,"category":"traffic","label":"Road Accident","severity":1,"year":2024,"month":12,"hour":17,"area":"Eurasia Bazaar Area","mock":true}},{"type":"Feature","id":438,"geometry":{"type":"Point","coordinates":[71.414185,51.160545]},"properties":{"id":438,"category":"traffic","label":"Road Accident","severity":2,"year":2024,"month":2,"hour":16,"area":"Old Center (Right Bank)","mock":true}},{"type":"Feature","id":439,"geometry":{"type":"Point","coordinates":[71.37726,51.182264]},"properties":{"id":439,"category":"burglary","label":"Burglary","severity":2,"year":2024,"month":9,"hour":15,"area":"Saryarka Industrial Belt","mock":true}},{"type":"Feature","id":440,"geometry":{"type":"Point","coordinates":[71.349597,51.197639]},"properties":{"id":440,"category":"theft","label":"Theft","severity":1,"year":2025,"month":11,"hour":20,"area":"Koktal / Northwest","mock":true}},{"type":"Feature","id":441,"geometry":{"type":"Point","coordinates":[71.46381,51.151263]},"properties":{"id":441,"category":"traffic","label":"Road Accident","severity":1,"year":2025,"month":7,"hour":13,"area":"Eurasia Bazaar Area","mock":true}},{"type":"Feature","id":442,"geometry":{"type":"Point","coordinates":[71.425971,51.130741]},"properties":{"id":442,"category":"burglary","label":"Burglary","severity":1,"year":2025,"month":3,"hour":21,"area":"Left Bank Boulevard","mock":true}},{"type":"Feature","id":443,"geometry":{"type":"Point","coordinates":[71.464543,51.152107]},"properties":{"id":443,"category":"assault","label":"Assault","severity":2,"year":2025,"month":2,"hour":22,"area":"Eurasia Bazaar Area","mock":true}},{"type":"Feature","id":444,"geometry":{"type":"Point","coordinates":[71.418521,51.166945]},"properties":{"id":444,"category":"assault","label":"Assault","severity":1,"year":2024,"month":5,"hour":20,"area":"Old Center (Right Bank)","mock":true}},{"type":"Feature","id":445,"geometry":{"type":"Point","coordinates":[71.378039,51.177251]},"properties":{"id":445,"category":"assault","label":"Assault","severity":1,"year":2024,"month":2,"hour":23,"area":"Saryarka Industrial Belt","mock":true}},{"type":"Feature","id":446,"geometry":{"type":"Point","coordinates":[71.354755,51.194387]},"properties":{"id":446,"category":"theft","label":"Theft","severity":1,"year":2025,"month":7,"hour":8,"area":"Koktal / Northwest","mock":true}},{"type":"Feature","id":447,"geometry":{"type":"Point","coordinates":[71.434484,51.099634]},"properties":{"id":447,"category":"assault","label":"Assault","severity":1,"year":2024,"month":11,"hour":20,"area":"Highway Corridor South","mock":true}},{"type":"Feature","id":448,"geometry":{"type":"Point","coordinates":[71.407532,51.191296]},"properties":{"id":448,"category":"theft","label":"Theft","severity":1,"year":2025,"month":5,"hour":21,"area":"Railway Station / Sortirovka","mock":true}},{"type":"Feature","id":449,"geometry":{"type":"Point","coordinates":[71.424393,51.165056]},"properties":{"id":449,"category":"traffic","label":"Road Accident","severity":1,"year":2024,"month":8,"hour":13,"area":"Old Center (Right Bank)","mock":true}},{"type":"Feature","id":450,"geometry":{"type":"Point","coordinates":[71.410011,51.163857]},"properties":{"id":450,"category":"traffic","label":"Road Accident","severity":2,"year":2025,"month":7,"hour":16,"area":"Old Center (Right Bank)","mock":true}},{"type":"Feature","id":451,"geometry":{"type":"Point","coordinates":[71.409061,51.198331]},"properties":{"id":451,"category":"traffic","label":"Road Accident","severity":1,"year":2025,"month":7,"hour":9,"area":"Railway Station / Sortirovka","mock":true}},{"type":"Feature","id":452,"geometry":{"type":"Point","coordinates":[71.467378,51.153604]},"properties":{"id":452,"category":"assault","label":"Assault","severity":2,"year":2025,"month":11,"hour":0,"area":"Eurasia Bazaar Area","mock":true}},{"type":"Feature","id":453,"geometry":{"type":"Point","coordinates":[71.467129,51.155691]},"properties":{"id":453,"category":"assault","label":"Assault","severity":1,"year":2024,"month":7,"hour":18,"area":"Eurasia Bazaar Area","mock":true}},{"type":"Feature","id":454,"geometry":{"type":"Point","coordinates":[71.403811,51.195113]},"properties":{"id":454,"category":"traffic","label":"Road Accident","severity":3,"year":2024,"month":5,"hour":12,"area":"Railway Station / Sortirovka","mock":true}},{"type":"Feature","id":455,"geometry":{"type":"Point","coordinates":[71.452267,51.097291]},"properties":{"id":455,"category":"assault","label":"Assault","severity":1,"year":2024,"month":5,"hour":23,"area":"Highway Corridor South","mock":true}},{"type":"Feature","id":456,"geometry":{"type":"Point","coordinates":[71.405604,51.19223]},"properties":{"id":456,"category":"vandalism","label":"Vandalism","severity":3,"year":2025,"month":9,"hour":11,"area":"Railway Station / Sortirovka","mock":true}},{"type":"Feature","id":457,"geometry":{"type":"Point","coordinates":[71.433136,51.125086]},"properties":{"id":457,"category":"traffic","label":"Road Accident","severity":1,"year":2025,"month":12,"hour":15,"area":"Left Bank Boulevard","mock":true}},{"type":"Feature","id":458,"geometry":{"type":"Point","coordinates":[71.421448,51.12632]},"properties":{"id":458,"category":"theft","label":"Theft","severity":1,"year":2024,"month":6,"hour":6,"area":"Left Bank Boulevard","mock":true}},{"type":"Feature","id":459,"geometry":{"type":"Point","coordinates":[71.349397,51.191446]},"properties":{"id":459,"category":"theft","label":"Theft","severity":1,"year":2025,"month":4,"hour":13,"area":"Koktal / Northwest","mock":true}},{"type":"Feature","id":460,"geometry":{"type":"Point","coordinates":[71.336615,51.199393]},"properties":{"id":460,"category":"traffic","label":"Road Accident","severity":1,"year":2025,"month":5,"hour":11,"area":"Koktal / Northwest","mock":true}},{"type":"Feature","id":461,"geometry":{"type":"Point","coordinates":[71.430048,51.124225]},"properties":{"id":461,"category":"theft","label":"Theft","severity":1,"year":2024,"month":6,"hour":9,"area":"Left Bank Boulevard","mock":true}},{"type":"Feature","id":462,"geometry":{"type":"Point","coordinates":[71.403826,51.16902]},"properties":{"id":462,"category":"traffic","label":"Road Accident","severity":1,"year":2024,"month":3,"hour":13,"area":"Old Center (Right Bank)","mock":true}},{"type":"Feature","id":463,"geometry":{"type":"Point","coordinates":[71.417644,51.163697]},"properties":{"id":463,"category":"theft","label":"Theft","severity":1,"year":2024,"month":4,"hour":9,"area":"Old Center (Right Bank)","mock":true}},{"type":"Feature","id":464,"geometry":{"type":"Point","coordinates":[71.416053,51.128471]},"properties":{"id":464,"category":"traffic","label":"Road Accident","severity":3,"year":2024,"month":3,"hour":19,"area":"Left Bank Boulevard","mock":true}},{"type":"Feature","id":465,"geometry":{"type":"Point","coordinates":[71.428002,51.16433]},"properties":{"id":465,"category":"assault","label":"Assault","severity":1,"year":2025,"month":7,"hour":19,"area":"Old Center (Right Bank)","mock":true}},{"type":"Feature","id":466,"geometry":{"type":"Point","coordinates":[71.407599,51.091027]},"properties":{"id":466,"category":"traffic","label":"Road Accident","severity":2,"year":2025,"month":5,"hour":15,"area":"EXPO / Nazarbayev Univ.","mock":true}},{"type":"Feature","id":467,"geometry":{"type":"Point","coordinates":[71.376995,51.172332]},"properties":{"id":467,"category":"theft","label":"Theft","severity":2,"year":2025,"month":7,"hour":14,"area":"Saryarka Industrial Belt","mock":true}},{"type":"Feature","id":468,"geometry":{"type":"Point","coordinates":[71.414998,51.092086]},"properties":{"id":468,"category":"theft","label":"Theft","severity":1,"year":2025,"month":5,"hour":10,"area":"EXPO / Nazarbayev Univ.","mock":true}},{"type":"Feature","id":469,"geometry":{"type":"Point","coordinates":[71.427496,51.123653]},"properties":{"id":469,"category":"assault","label":"Assault","severity":1,"year":2024,"month":1,"hour":22,"area":"Left Bank Boulevard","mock":true}},{"type":"Feature","id":470,"geometry":{"type":"Point","coordinates":[71.421217,51.089047]},"properties":{"id":470,"category":"theft","label":"Theft","severity":2,"year":2025,"month":11,"hour":11,"area":"EXPO / Nazarbayev Univ.","mock":true}},{"type":"Feature","id":471,"geometry":{"type":"Point","coordinates":[71.411932,51.166251]},"properties":{"id":471,"category":"theft","label":"Theft","severity":1,"year":2024,"month":9,"hour":9,"area":"Old Center (Right Bank)","mock":true}},{"type":"Feature","id":472,"geometry":{"type":"Point","coordinates":[71.418503,51.125436]},"properties":{"id":472,"category":"theft","label":"Theft","severity":3,"year":2025,"month":8,"hour":10,"area":"Left Bank Boulevard","mock":true}},{"type":"Feature","id":473,"geometry":{"type":"Point","coordinates":[71.347541,51.192487]},"properties":{"id":473,"category":"vandalism","label":"Vandalism","severity":1,"year":2024,"month":12,"hour":22,"area":"Koktal / Northwest","mock":true}},{"type":"Feature","id":474,"geometry":{"type":"Point","coordinates":[71.467694,51.150284]},"properties":{"id":474,"category":"theft","label":"Theft","severity":1,"year":2024,"month":2,"hour":5,"area":"Eurasia Bazaar Area","mock":true}},{"type":"Feature","id":475,"geometry":{"type":"Point","coordinates":[71.371108,51.175315]},"properties":{"id":475,"category":"traffic","label":"Road Accident","severity":1,"year":2024,"month":3,"hour":9,"area":"Saryarka Industrial Belt","mock":true}},{"type":"Feature","id":476,"geometry":{"type":"Point","coordinates":[71.410488,51.195017]},"properties":{"id":476,"category":"vandalism","label":"Vandalism","severity":1,"year":2025,"month":5,"hour":13,"area":"Railway Station / Sortirovka","mock":true}},{"type":"Feature","id":477,"geometry":{"type":"Point","coordinates":[71.426333,51.163254]},"properties":{"id":477,"category":"theft","label":"Theft","severity":2,"year":2024,"month":5,"hour":11,"area":"Old Center (Right Bank)","mock":true}},{"type":"Feature","id":478,"geometry":{"type":"Point","coordinates":[71.420877,51.164161]},"properties":{"id":478,"category":"theft","label":"Theft","severity":1,"year":2025,"month":7,"hour":1,"area":"Old Center (Right Bank)","mock":true}},{"type":"Feature","id":479,"geometry":{"type":"Point","coordinates":[71.411611,51.168205]},"properties":{"id":479,"category":"traffic","label":"Road Accident","severity":3,"year":2024,"month":12,"hour":16,"area":"Old Center (Right Bank)","mock":true}},{"type":"Feature","id":480,"geometry":{"type":"Point","coordinates":[71.369606,51.179956]},"properties":{"id":480,"category":"assault","label":"Assault","severity":1,"year":2025,"month":1,"hour":21,"area":"Saryarka Industrial Belt","mock":true}},{"type":"Feature","id":481,"geometry":{"type":"Point","coordinates":[71.404201,51.197449]},"properties":{"id":481,"category":"theft","label":"Theft","severity":1,"year":2024,"month":4,"hour":11,"area":"Railway Station / Sortirovka","mock":true}},{"type":"Feature","id":482,"geometry":{"type":"Point","coordinates":[71.444557,51.101728]},"properties":{"id":482,"category":"theft","label":"Theft","severity":1,"year":2025,"month":4,"hour":11,"area":"Highway Corridor South","mock":true}},{"type":"Feature","id":483,"geometry":{"type":"Point","coordinates":[71.466994,51.152969]},"properties":{"id":483,"category":"theft","label":"Theft","severity":1,"year":2024,"month":1,"hour":5,"area":"Eurasia Bazaar Area","mock":true}},{"type":"Feature","id":484,"geometry":{"type":"Point","coordinates":[71.422641,51.126892]},"properties":{"id":484,"category":"traffic","label":"Road Accident","severity":1,"year":2025,"month":11,"hour":19,"area":"Left Bank Boulevard","mock":true}},{"type":"Feature","id":485,"geometry":{"type":"Point","coordinates":[71.461275,51.149384]},"properties":{"id":485,"category":"traffic","label":"Road Accident","severity":1,"year":2025,"month":5,"hour":7,"area":"Eurasia Bazaar Area","mock":true}},{"type":"Feature","id":486,"geometry":{"type":"Point","coordinates":[71.431647,51.086393]},"properties":{"id":486,"category":"traffic","label":"Road Accident","severity":2,"year":2024,"month":7,"hour":20,"area":"Highway Corridor South","mock":true}},{"type":"Feature","id":487,"geometry":{"type":"Point","coordinates":[71.466206,51.15284]},"properties":{"id":487,"category":"theft","label":"Theft","severity":1,"year":2025,"month":1,"hour":11,"area":"Eurasia Bazaar Area","mock":true}},{"type":"Feature","id":488,"geometry":{"type":"Point","coordinates":[71.426501,51.129395]},"properties":{"id":488,"category":"traffic","label":"Road Accident","severity":1,"year":2025,"month":8,"hour":8,"area":"Left Bank Boulevard","mock":true}},{"type":"Feature","id":489,"geometry":{"type":"Point","coordinates":[71.462955,51.15311]},"properties":{"id":489,"category":"theft","label":"Theft","severity":2,"year":2025,"month":2,"hour":3,"area":"Eurasia Bazaar Area","mock":true}},{"type":"Feature","id":490,"geometry":{"type":"Point","coordinates":[71.418946,51.129071]},"properties":{"id":490,"category":"theft","label":"Theft","severity":2,"year":2025,"month":3,"hour":16,"area":"Left Bank Boulevard","mock":true}},{"type":"Feature","id":491,"geometry":{"type":"Point","coordinates":[71.381294,51.181105]},"properties":{"id":491,"category":"traffic","label":"Road Accident","severity":2,"year":2025,"month":10,"hour":13,"area":"Saryarka Industrial Belt","mock":true}},{"type":"Feature","id":492,"geometry":{"type":"Point","coordinates":[71.414776,51.195239]},"properties":{"id":492,"category":"assault","label":"Assault","severity":1,"year":2024,"month":6,"hour":23,"area":"Railway Station / Sortirovka","mock":true}},{"type":"Feature","id":493,"geometry":{"type":"Point","coordinates":[71.422233,51.164284]},"properties":{"id":493,"category":"theft","label":"Theft","severity":2,"year":2025,"month":6,"hour":8,"area":"Old Center (Right Bank)","mock":true}},{"type":"Feature","id":494,"geometry":{"type":"Point","coordinates":[71.472745,51.149297]},"properties":{"id":494,"category":"assault","label":"Assault","severity":1,"year":2025,"month":2,"hour":1,"area":"Eurasia Bazaar Area","mock":true}},{"type":"Feature","id":495,"geometry":{"type":"Point","coordinates":[71.417743,51.124189]},"properties":{"id":495,"category":"assault","label":"Assault","severity":2,"year":2024,"month":11,"hour":20,"area":"Left Bank Boulevard","mock":true}},{"type":"Feature","id":496,"geometry":{"type":"Point","coordinates":[71.426862,51.125545]},"properties":{"id":496,"category":"vandalism","label":"Vandalism","severity":1,"year":2025,"month":1,"hour":7,"area":"Left Bank Boulevard","mock":true}},{"type":"Feature","id":497,"geometry":{"type":"Point","coordinates":[71.401175,51.198791]},"properties":{"id":497,"category":"burglary","label":"Burglary","severity":2,"year":2025,"month":4,"hour":1,"area":"Railway Station / Sortirovka","mock":true}},{"type":"Feature","id":498,"geometry":{"type":"Point","coordinates":[71.371325,51.177857]},"properties":{"id":498,"category":"theft","label":"Theft","severity":2,"year":2025,"month":8,"hour":14,"area":"Saryarka Industrial Belt","mock":true}},{"type":"Feature","id":499,"geometry":{"type":"Point","coordinates":[71.407604,51.195241]},"properties":{"id":499,"category":"theft","label":"Theft","severity":2,"year":2024,"month":11,"hour":1,"area":"Railway Station / Sortirovka","mock":true}},{"type":"Feature","id":500,"geometry":{"type":"Point","coordinates":[71.373326,51.176126]},"properties":{"id":500,"category":"burglary","label":"Burglary","severity":2,"year":2024,"month":9,"hour":4,"area":"Saryarka Industrial Belt","mock":true}},{"type":"Feature","id":501,"geometry":{"type":"Point","coordinates":[71.421855,51.167742]},"properties":{"id":501,"category":"traffic","label":"Road Accident","severity":2,"year":2024,"month":1,"hour":16,"area":"Old Center (Right Bank)","mock":true}},{"type":"Feature","id":502,"geometry":{"type":"Point","coordinates":[71.407775,51.197615]},"properties":{"id":502,"category":"burglary","label":"Burglary","severity":1,"year":2025,"month":2,"hour":4,"area":"Railway Station / Sortirovka","mock":true}},{"type":"Feature","id":503,"geometry":{"type":"Point","coordinates":[71.400536,51.19363]},"properties":{"id":503,"category":"assault","label":"Assault","severity":2,"year":2025,"month":1,"hour":1,"area":"Railway Station / Sortirovka","mock":true}},{"type":"Feature","id":504,"geometry":{"type":"Point","coordinates":[71.427897,51.124336]},"properties":{"id":504,"category":"traffic","label":"Road Accident","severity":1,"year":2025,"month":5,"hour":9,"area":"Left Bank Boulevard","mock":true}},{"type":"Feature","id":505,"geometry":{"type":"Point","coordinates":[71.431133,51.12786]},"properties":{"id":505,"category":"theft","label":"Theft","severity":2,"year":2025,"month":7,"hour":14,"area":"Left Bank Boulevard","mock":true}},{"type":"Feature","id":506,"geometry":{"type":"Point","coordinates":[71.410744,51.198669]},"properties":{"id":506,"category":"traffic","label":"Road Accident","severity":1,"year":2025,"month":7,"hour":8,"area":"Railway Station / Sortirovka","mock":true}},{"type":"Feature","id":507,"geometry":{"type":"Point","coordinates":[71.412813,51.166794]},"properties":{"id":507,"category":"vandalism","label":"Vandalism","severity":1,"year":2024,"month":3,"hour":2,"area":"Old Center (Right Bank)","mock":true}},{"type":"Feature","id":508,"geometry":{"type":"Point","coordinates":[71.431337,51.126345]},"properties":{"id":508,"category":"burglary","label":"Burglary","severity":1,"year":2025,"month":7,"hour":15,"area":"Left Bank Boulevard","mock":true}},{"type":"Feature","id":509,"geometry":{"type":"Point","coordinates":[71.415235,51.161134]},"properties":{"id":509,"category":"theft","label":"Theft","severity":2,"year":2025,"month":12,"hour":8,"area":"Old Center (Right Bank)","mock":true}},{"type":"Feature","id":510,"geometry":{"type":"Point","coordinates":[71.466184,51.150853]},"properties":{"id":510,"category":"theft","label":"Theft","severity":3,"year":2025,"month":6,"hour":21,"area":"Eurasia Bazaar Area","mock":true}},{"type":"Feature","id":511,"geometry":{"type":"Point","coordinates":[71.418689,51.160484]},"properties":{"id":511,"category":"vandalism","label":"Vandalism","severity":1,"year":2025,"month":2,"hour":2,"area":"Old Center (Right Bank)","mock":true}},{"type":"Feature","id":512,"geometry":{"type":"Point","coordinates":[71.406068,51.195392]},"properties":{"id":512,"category":"theft","label":"Theft","severity":3,"year":2024,"month":3,"hour":15,"area":"Railway Station / Sortirovka","mock":true}},{"type":"Feature","id":513,"geometry":{"type":"Point","coordinates":[71.349743,51.201787]},"properties":{"id":513,"category":"theft","label":"Theft","severity":1,"year":2025,"month":1,"hour":11,"area":"Koktal / Northwest","mock":true}},{"type":"Feature","id":514,"geometry":{"type":"Point","coordinates":[71.421603,51.122794]},"properties":{"id":514,"category":"vandalism","label":"Vandalism","severity":1,"year":2025,"month":7,"hour":3,"area":"Left Bank Boulevard","mock":true}},{"type":"Feature","id":515,"geometry":{"type":"Point","coordinates":[71.456191,51.150838]},"properties":{"id":515,"category":"traffic","label":"Road Accident","severity":3,"year":2024,"month":12,"hour":17,"area":"Eurasia Bazaar Area","mock":true}},{"type":"Feature","id":516,"geometry":{"type":"Point","coordinates":[71.424018,51.124864]},"properties":{"id":516,"category":"theft","label":"Theft","severity":2,"year":2024,"month":12,"hour":20,"area":"Left Bank Boulevard","mock":true}},{"type":"Feature","id":517,"geometry":{"type":"Point","coordinates":[71.377334,51.176814]},"properties":{"id":517,"category":"theft","label":"Theft","severity":3,"year":2025,"month":8,"hour":7,"area":"Saryarka Industrial Belt","mock":true}},{"type":"Feature","id":518,"geometry":{"type":"Point","coordinates":[71.422103,51.163133]},"properties":{"id":518,"category":"vandalism","label":"Vandalism","severity":2,"year":2025,"month":7,"hour":12,"area":"Old Center (Right Bank)","mock":true}},{"type":"Feature","id":519,"geometry":{"type":"Point","coordinates":[71.406356,51.195005]},"properties":{"id":519,"category":"traffic","label":"Road Accident","severity":1,"year":2025,"month":12,"hour":20,"area":"Railway Station / Sortirovka","mock":true}},{"type":"Feature","id":520,"geometry":{"type":"Point","coordinates":[71.421033,51.163157]},"properties":{"id":520,"category":"burglary","label":"Burglary","severity":3,"year":2025,"month":12,"hour":14,"area":"Old Center (Right Bank)","mock":true}},{"type":"Feature","id":521,"geometry":{"type":"Point","coordinates":[71.413006,51.16445]},"properties":{"id":521,"category":"vandalism","label":"Vandalism","severity":1,"year":2024,"month":1,"hour":1,"area":"Old Center (Right Bank)","mock":true}},{"type":"Feature","id":522,"geometry":{"type":"Point","coordinates":[71.41822,51.16228]},"properties":{"id":522,"category":"theft","label":"Theft","severity":1,"year":2025,"month":8,"hour":10,"area":"Old Center (Right Bank)","mock":true}},{"type":"Feature","id":523,"geometry":{"type":"Point","coordinates":[71.377837,51.177615]},"properties":{"id":523,"category":"vandalism","label":"Vandalism","severity":2,"year":2025,"month":5,"hour":2,"area":"Saryarka Industrial Belt","mock":true}},{"type":"Feature","id":524,"geometry":{"type":"Point","coordinates":[71.401767,51.197173]},"properties":{"id":524,"category":"theft","label":"Theft","severity":1,"year":2025,"month":12,"hour":12,"area":"Railway Station / Sortirovka","mock":true}},{"type":"Feature","id":525,"geometry":{"type":"Point","coordinates":[71.41477,51.093068]},"properties":{"id":525,"category":"theft","label":"Theft","severity":2,"year":2024,"month":1,"hour":13,"area":"EXPO / Nazarbayev Univ.","mock":true}},{"type":"Feature","id":526,"geometry":{"type":"Point","coordinates":[71.349864,51.190519]},"properties":{"id":526,"category":"assault","label":"Assault","severity":1,"year":2024,"month":7,"hour":19,"area":"Koktal / Northwest","mock":true}},{"type":"Feature","id":527,"geometry":{"type":"Point","coordinates":[71.35943,51.193723]},"properties":{"id":527,"category":"theft","label":"Theft","severity":3,"year":2025,"month":12,"hour":21,"area":"Koktal / Northwest","mock":true}},{"type":"Feature","id":528,"geometry":{"type":"Point","coordinates":[71.445691,51.09575]},"properties":{"id":528,"category":"vandalism","label":"Vandalism","severity":1,"year":2024,"month":9,"hour":12,"area":"Highway Corridor South","mock":true}},{"type":"Feature","id":529,"geometry":{"type":"Point","coordinates":[71.413806,51.192212]},"properties":{"id":529,"category":"traffic","label":"Road Accident","severity":2,"year":2024,"month":12,"hour":17,"area":"Railway Station / Sortirovka","mock":true}},{"type":"Feature","id":530,"geometry":{"type":"Point","coordinates":[71.423342,51.130583]},"properties":{"id":530,"category":"vandalism","label":"Vandalism","severity":2,"year":2025,"month":4,"hour":15,"area":"Left Bank Boulevard","mock":true}},{"type":"Feature","id":531,"geometry":{"type":"Point","coordinates":[71.408895,51.193443]},"properties":{"id":531,"category":"theft","label":"Theft","severity":2,"year":2025,"month":6,"hour":10,"area":"Railway Station / Sortirovka","mock":true}},{"type":"Feature","id":532,"geometry":{"type":"Point","coordinates":[71.411668,51.167176]},"properties":{"id":532,"category":"traffic","label":"Road Accident","severity":1,"year":2024,"month":1,"hour":20,"area":"Old Center (Right Bank)","mock":true}},{"type":"Feature","id":533,"geometry":{"type":"Point","coordinates":[71.469946,51.152485]},"properties":{"id":533,"category":"assault","label":"Assault","severity":2,"year":2025,"month":4,"hour":18,"area":"Eurasia Bazaar Area","mock":true}},{"type":"Feature","id":534,"geometry":{"type":"Point","coordinates":[71.418537,51.165782]},"properties":{"id":534,"category":"vandalism","label":"Vandalism","severity":1,"year":2024,"month":2,"hour":2,"area":"Old Center (Right Bank)","mock":true}},{"type":"Feature","id":535,"geometry":{"type":"Point","coordinates":[71.414494,51.091318]},"properties":{"id":535,"category":"assault","label":"Assault","severity":1,"year":2024,"month":3,"hour":23,"area":"EXPO / Nazarbayev Univ.","mock":true}},{"type":"Feature","id":536,"geometry":{"type":"Point","coordinates":[71.418576,51.164928]},"properties":{"id":536,"category":"traffic","label":"Road Accident","severity":2,"year":2024,"month":9,"hour":20,"area":"Old Center (Right Bank)","mock":true}},{"type":"Feature","id":537,"geometry":{"type":"Point","coordinates":[71.407725,51.195346]},"properties":{"id":537,"category":"theft","label":"Theft","severity":2,"year":2025,"month":4,"hour":21,"area":"Railway Station / Sortirovka","mock":true}},{"type":"Feature","id":538,"geometry":{"type":"Point","coordinates":[71.360883,51.202108]},"properties":{"id":538,"category":"traffic","label":"Road Accident","severity":2,"year":2025,"month":8,"hour":8,"area":"Koktal / Northwest","mock":true}},{"type":"Feature","id":539,"geometry":{"type":"Point","coordinates":[71.402585,51.19169]},"properties":{"id":539,"category":"vandalism","label":"Vandalism","severity":1,"year":2024,"month":8,"hour":14,"area":"Railway Station / Sortirovka","mock":true}},{"type":"Feature","id":540,"geometry":{"type":"Point","coordinates":[71.376455,51.177597]},"properties":{"id":540,"category":"theft","label":"Theft","severity":2,"year":2025,"month":4,"hour":3,"area":"Saryarka Industrial Belt","mock":true}},{"type":"Feature","id":541,"geometry":{"type":"Point","coordinates":[71.422482,51.123398]},"properties":{"id":541,"category":"vandalism","label":"Vandalism","severity":2,"year":2024,"month":5,"hour":21,"area":"Left Bank Boulevard","mock":true}},{"type":"Feature","id":542,"geometry":{"type":"Point","coordinates":[71.418311,51.128407]},"properties":{"id":542,"category":"vandalism","label":"Vandalism","severity":2,"year":2025,"month":1,"hour":2,"area":"Left Bank Boulevard","mock":true}},{"type":"Feature","id":543,"geometry":{"type":"Point","coordinates":[71.417197,51.095053]},"properties":{"id":543,"category":"burglary","label":"Burglary","severity":1,"year":2025,"month":9,"hour":10,"area":"EXPO / Nazarbayev Univ.","mock":true}},{"type":"Feature","id":544,"geometry":{"type":"Point","coordinates":[71.456844,51.151415]},"properties":{"id":544,"category":"assault","label":"Assault","severity":1,"year":2025,"month":3,"hour":21,"area":"Eurasia Bazaar Area","mock":true}},{"type":"Feature","id":545,"geometry":{"type":"Point","coordinates":[71.469126,51.151036]},"properties":{"id":545,"category":"assault","label":"Assault","severity":1,"year":2024,"month":2,"hour":18,"area":"Eurasia Bazaar Area","mock":true}},{"type":"Feature","id":546,"geometry":{"type":"Point","coordinates":[71.412008,51.090556]},"properties":{"id":546,"category":"burglary","label":"Burglary","severity":1,"year":2024,"month":6,"hour":2,"area":"EXPO / Nazarbayev Univ.","mock":true}},{"type":"Feature","id":547,"geometry":{"type":"Point","coordinates":[71.420037,51.161139]},"properties":{"id":547,"category":"vandalism","label":"Vandalism","severity":1,"year":2024,"month":12,"hour":7,"area":"Old Center (Right Bank)","mock":true}},{"type":"Feature","id":548,"geometry":{"type":"Point","coordinates":[71.403523,51.197147]},"properties":{"id":548,"category":"theft","label":"Theft","severity":3,"year":2024,"month":2,"hour":7,"area":"Railway Station / Sortirovka","mock":true}},{"type":"Feature","id":549,"geometry":{"type":"Point","coordinates":[71.42198,51.124083]},"properties":{"id":549,"category":"theft","label":"Theft","severity":2,"year":2025,"month":4,"hour":5,"area":"Left Bank Boulevard","mock":true}},{"type":"Feature","id":550,"geometry":{"type":"Point","coordinates":[71.420199,51.089639]},"properties":{"id":550,"category":"traffic","label":"Road Accident","severity":1,"year":2025,"month":10,"hour":10,"area":"EXPO / Nazarbayev Univ.","mock":true}},{"type":"Feature","id":551,"geometry":{"type":"Point","coordinates":[71.442543,51.094725]},"properties":{"id":551,"category":"burglary","label":"Burglary","severity":2,"year":2024,"month":7,"hour":10,"area":"Highway Corridor South","mock":true}},{"type":"Feature","id":552,"geometry":{"type":"Point","coordinates":[71.405831,51.189791]},"properties":{"id":552,"category":"vandalism","label":"Vandalism","severity":1,"year":2025,"month":5,"hour":11,"area":"Railway Station / Sortirovka","mock":true}},{"type":"Feature","id":553,"geometry":{"type":"Point","coordinates":[71.464567,51.153788]},"properties":{"id":553,"category":"assault","label":"Assault","severity":2,"year":2024,"month":4,"hour":20,"area":"Eurasia Bazaar Area","mock":true}},{"type":"Feature","id":554,"geometry":{"type":"Point","coordinates":[71.40744,51.197134]},"properties":{"id":554,"category":"vandalism","label":"Vandalism","severity":2,"year":2025,"month":11,"hour":11,"area":"Railway Station / Sortirovka","mock":true}},{"type":"Feature","id":555,"geometry":{"type":"Point","coordinates":[71.411688,51.19334]},"properties":{"id":555,"category":"assault","label":"Assault","severity":1,"year":2025,"month":2,"hour":18,"area":"Railway Station / Sortirovka","mock":true}},{"type":"Feature","id":556,"geometry":{"type":"Point","coordinates":[71.403219,51.19541]},"properties":{"id":556,"category":"traffic","label":"Road Accident","severity":2,"year":2024,"month":1,"hour":18,"area":"Railway Station / Sortirovka","mock":true}},{"type":"Feature","id":557,"geometry":{"type":"Point","coordinates":[71.418982,51.163147]},"properties":{"id":557,"category":"traffic","label":"Road Accident","severity":2,"year":2024,"month":5,"hour":16,"area":"Old Center (Right Bank)","mock":true}},{"type":"Feature","id":558,"geometry":{"type":"Point","coordinates":[71.469213,51.150268]},"properties":{"id":558,"category":"assault","label":"Assault","severity":1,"year":2025,"month":9,"hour":20,"area":"Eurasia Bazaar Area","mock":true}},{"type":"Feature","id":559,"geometry":{"type":"Point","coordinates":[71.411188,51.165358]},"properties":{"id":559,"category":"assault","label":"Assault","severity":1,"year":2025,"month":10,"hour":18,"area":"Old Center (Right Bank)","mock":true}},{"type":"Feature","id":560,"geometry":{"type":"Point","coordinates":[71.465867,51.152042]},"properties":{"id":560,"category":"vandalism","label":"Vandalism","severity":1,"year":2024,"month":12,"hour":15,"area":"Eurasia Bazaar Area","mock":true}},{"type":"Feature","id":561,"geometry":{"type":"Point","coordinates":[71.417897,51.127218]},"properties":{"id":561,"category":"burglary","label":"Burglary","severity":2,"year":2025,"month":5,"hour":4,"area":"Left Bank Boulevard","mock":true}},{"type":"Feature","id":562,"geometry":{"type":"Point","coordinates":[71.38368,51.181106]},"properties":{"id":562,"category":"theft","label":"Theft","severity":2,"year":2025,"month":2,"hour":15,"area":"Saryarka Industrial Belt","mock":true}},{"type":"Feature","id":563,"geometry":{"type":"Point","coordinates":[71.372538,51.179003]},"properties":{"id":563,"category":"vandalism","label":"Vandalism","severity":2,"year":2024,"month":8,"hour":4,"area":"Saryarka Industrial Belt","mock":true}},{"type":"Feature","id":564,"geometry":{"type":"Point","coordinates":[71.463299,51.151757]},"properties":{"id":564,"category":"burglary","label":"Burglary","severity":1,"year":2025,"month":7,"hour":20,"area":"Eurasia Bazaar Area","mock":true}},{"type":"Feature","id":565,"geometry":{"type":"Point","coordinates":[71.42072,51.163658]},"properties":{"id":565,"category":"theft","label":"Theft","severity":2,"year":2025,"month":11,"hour":12,"area":"Old Center (Right Bank)","mock":true}},{"type":"Feature","id":566,"geometry":{"type":"Point","coordinates":[71.464947,51.156678]},"properties":{"id":566,"category":"traffic","label":"Road Accident","severity":2,"year":2025,"month":5,"hour":7,"area":"Eurasia Bazaar Area","mock":true}},{"type":"Feature","id":567,"geometry":{"type":"Point","coordinates":[71.420678,51.130766]},"properties":{"id":567,"category":"vandalism","label":"Vandalism","severity":2,"year":2024,"month":1,"hour":4,"area":"Left Bank Boulevard","mock":true}},{"type":"Feature","id":568,"geometry":{"type":"Point","coordinates":[71.411946,51.197447]},"properties":{"id":568,"category":"theft","label":"Theft","severity":3,"year":2025,"month":4,"hour":9,"area":"Railway Station / Sortirovka","mock":true}},{"type":"Feature","id":569,"geometry":{"type":"Point","coordinates":[71.419375,51.09542]},"properties":{"id":569,"category":"traffic","label":"Road Accident","severity":1,"year":2024,"month":4,"hour":15,"area":"Highway Corridor South","mock":true}},{"type":"Feature","id":570,"geometry":{"type":"Point","coordinates":[71.418031,51.17064]},"properties":{"id":570,"category":"burglary","label":"Burglary","severity":3,"year":2025,"month":12,"hour":17,"area":"Old Center (Right Bank)","mock":true}},{"type":"Feature","id":571,"geometry":{"type":"Point","coordinates":[71.399785,51.19511]},"properties":{"id":571,"category":"traffic","label":"Road Accident","severity":2,"year":2025,"month":8,"hour":7,"area":"Railway Station / Sortirovka","mock":true}},{"type":"Feature","id":572,"geometry":{"type":"Point","coordinates":[71.411299,51.196216]},"properties":{"id":572,"category":"traffic","label":"Road Accident","severity":2,"year":2024,"month":9,"hour":14,"area":"Railway Station / Sortirovka","mock":true}},{"type":"Feature","id":573,"geometry":{"type":"Point","coordinates":[71.41855,51.167223]},"properties":{"id":573,"category":"traffic","label":"Road Accident","severity":2,"year":2024,"month":6,"hour":11,"area":"Old Center (Right Bank)","mock":true}},{"type":"Feature","id":574,"geometry":{"type":"Point","coordinates":[71.404483,51.195334]},"properties":{"id":574,"category":"vandalism","label":"Vandalism","severity":2,"year":2024,"month":2,"hour":2,"area":"Railway Station / Sortirovka","mock":true}},{"type":"Feature","id":575,"geometry":{"type":"Point","coordinates":[71.381389,51.178511]},"properties":{"id":575,"category":"traffic","label":"Road Accident","severity":2,"year":2025,"month":4,"hour":12,"area":"Saryarka Industrial Belt","mock":true}},{"type":"Feature","id":576,"geometry":{"type":"Point","coordinates":[71.440774,51.100642]},"properties":{"id":576,"category":"burglary","label":"Burglary","severity":1,"year":2024,"month":7,"hour":10,"area":"Highway Corridor South","mock":true}},{"type":"Feature","id":577,"geometry":{"type":"Point","coordinates":[71.413059,51.170298]},"properties":{"id":577,"category":"assault","label":"Assault","severity":1,"year":2025,"month":7,"hour":18,"area":"Old Center (Right Bank)","mock":true}},{"type":"Feature","id":578,"geometry":{"type":"Point","coordinates":[71.458559,51.151826]},"properties":{"id":578,"category":"traffic","label":"Road Accident","severity":2,"year":2025,"month":7,"hour":9,"area":"Eurasia Bazaar Area","mock":true}},{"type":"Feature","id":579,"geometry":{"type":"Point","coordinates":[71.468727,51.153873]},"properties":{"id":579,"category":"theft","label":"Theft","severity":2,"year":2025,"month":1,"hour":23,"area":"Eurasia Bazaar Area","mock":true}},{"type":"Feature","id":580,"geometry":{"type":"Point","coordinates":[71.406251,51.197318]},"properties":{"id":580,"category":"vandalism","label":"Vandalism","severity":1,"year":2025,"month":10,"hour":21,"area":"Railway Station / Sortirovka","mock":true}},{"type":"Feature","id":581,"geometry":{"type":"Point","coordinates":[71.457094,51.093741]},"properties":{"id":581,"category":"theft","label":"Theft","severity":1,"year":2024,"month":3,"hour":10,"area":"Highway Corridor South","mock":true}},{"type":"Feature","id":582,"geometry":{"type":"Point","coordinates":[71.405484,51.194519]},"properties":{"id":582,"category":"vandalism","label":"Vandalism","severity":2,"year":2024,"month":2,"hour":16,"area":"Railway Station / Sortirovka","mock":true}},{"type":"Feature","id":583,"geometry":{"type":"Point","coordinates":[71.408242,51.192106]},"properties":{"id":583,"category":"vandalism","label":"Vandalism","severity":3,"year":2025,"month":8,"hour":9,"area":"Railway Station / Sortirovka","mock":true}},{"type":"Feature","id":584,"geometry":{"type":"Point","coordinates":[71.37661,51.181607]},"properties":{"id":584,"category":"assault","label":"Assault","severity":1,"year":2024,"month":5,"hour":20,"area":"Saryarka Industrial Belt","mock":true}},{"type":"Feature","id":585,"geometry":{"type":"Point","coordinates":[71.351491,51.197949]},"properties":{"id":585,"category":"theft","label":"Theft","severity":1,"year":2024,"month":4,"hour":18,"area":"Koktal / Northwest","mock":true}},{"type":"Feature","id":586,"geometry":{"type":"Point","coordinates":[71.416059,51.163426]},"properties":{"id":586,"category":"theft","label":"Theft","severity":2,"year":2025,"month":6,"hour":17,"area":"Old Center (Right Bank)","mock":true}},{"type":"Feature","id":587,"geometry":{"type":"Point","coordinates":[71.403649,51.194311]},"properties":{"id":587,"category":"vandalism","label":"Vandalism","severity":2,"year":2025,"month":10,"hour":6,"area":"Railway Station / Sortirovka","mock":true}},{"type":"Feature","id":588,"geometry":{"type":"Point","coordinates":[71.458217,51.099493]},"properties":{"id":588,"category":"burglary","label":"Burglary","severity":1,"year":2025,"month":6,"hour":8,"area":"Highway Corridor South","mock":true}},{"type":"Feature","id":589,"geometry":{"type":"Point","coordinates":[71.446684,51.101821]},"properties":{"id":589,"category":"theft","label":"Theft","severity":1,"year":2024,"month":5,"hour":5,"area":"Highway Corridor South","mock":true}},{"type":"Feature","id":590,"geometry":{"type":"Point","coordinates":[71.388606,51.177313]},"properties":{"id":590,"category":"traffic","label":"Road Accident","severity":1,"year":2025,"month":3,"hour":20,"area":"Saryarka Industrial Belt","mock":true}},{"type":"Feature","id":591,"geometry":{"type":"Point","coordinates":[71.417885,51.161667]},"properties":{"id":591,"category":"assault","label":"Assault","severity":1,"year":2024,"month":1,"hour":23,"area":"Old Center (Right Bank)","mock":true}},{"type":"Feature","id":592,"geometry":{"type":"Point","coordinates":[71.423463,51.126136]},"properties":{"id":592,"category":"assault","label":"Assault","severity":1,"year":2025,"month":10,"hour":0,"area":"Left Bank Boulevard","mock":true}},{"type":"Feature","id":593,"geometry":{"type":"Point","coordinates":[71.422118,51.160864]},"properties":{"id":593,"category":"theft","label":"Theft","severity":1,"year":2024,"month":6,"hour":12,"area":"Old Center (Right Bank)","mock":true}},{"type":"Feature","id":594,"geometry":{"type":"Point","coordinates":[71.379394,51.175991]},"properties":{"id":594,"category":"theft","label":"Theft","severity":1,"year":2024,"month":7,"hour":15,"area":"Saryarka Industrial Belt","mock":true}},{"type":"Feature","id":595,"geometry":{"type":"Point","coordinates":[71.352631,51.198065]},"properties":{"id":595,"category":"theft","label":"Theft","severity":1,"year":2025,"month":9,"hour":1,"area":"Koktal / Northwest","mock":true}},{"type":"Feature","id":596,"geometry":{"type":"Point","coordinates":[71.463761,51.153508]},"properties":{"id":596,"category":"burglary","label":"Burglary","severity":2,"year":2025,"month":4,"hour":4,"area":"Eurasia Bazaar Area","mock":true}},{"type":"Feature","id":597,"geometry":{"type":"Point","coordinates":[71.362971,51.179005]},"properties":{"id":597,"category":"traffic","label":"Road Accident","severity":2,"year":2024,"month":9,"hour":13,"area":"Saryarka Industrial Belt","mock":true}},{"type":"Feature","id":598,"geometry":{"type":"Point","coordinates":[71.417733,51.090296]},"properties":{"id":598,"category":"vandalism","label":"Vandalism","severity":1,"year":2025,"month":1,"hour":16,"area":"EXPO / Nazarbayev Univ.","mock":true}},{"type":"Feature","id":599,"geometry":{"type":"Point","coordinates":[71.413793,51.16377]},"properties":{"id":599,"category":"vandalism","label":"Vandalism","severity":2,"year":2024,"month":12,"hour":23,"area":"Old Center (Right Bank)","mock":true}},{"type":"Feature","id":600,"geometry":{"type":"Point","coordinates":[71.377522,51.181099]},"properties":{"id":600,"category":"vandalism","label":"Vandalism","severity":1,"year":2025,"month":9,"hour":6,"area":"Saryarka Industrial Belt","mock":true}},{"type":"Feature","id":601,"geometry":{"type":"Point","coordinates":[71.371492,51.177874]},"properties":{"id":601,"category":"assault","label":"Assault","severity":2,"year":2024,"month":10,"hour":23,"area":"Saryarka Industrial Belt","mock":true}},{"type":"Feature","id":602,"geometry":{"type":"Point","coordinates":[71.41675,51.162056]},"properties":{"id":602,"category":"traffic","label":"Road Accident","severity":1,"year":2025,"month":8,"hour":9,"area":"Old Center (Right Bank)","mock":true}},{"type":"Feature","id":603,"geometry":{"type":"Point","coordinates":[71.416387,51.088504]},"properties":{"id":603,"category":"theft","label":"Theft","severity":1,"year":2025,"month":9,"hour":18,"area":"EXPO / Nazarbayev Univ.","mock":true}},{"type":"Feature","id":604,"geometry":{"type":"Point","coordinates":[71.413647,51.158759]},"properties":{"id":604,"category":"vandalism","label":"Vandalism","severity":1,"year":2024,"month":5,"hour":7,"area":"Old Center (Right Bank)","mock":true}},{"type":"Feature","id":605,"geometry":{"type":"Point","coordinates":[71.376096,51.174376]},"properties":{"id":605,"category":"theft","label":"Theft","severity":1,"year":2024,"month":1,"hour":21,"area":"Saryarka Industrial Belt","mock":true}},{"type":"Feature","id":606,"geometry":{"type":"Point","coordinates":[71.351575,51.20079]},"properties":{"id":606,"category":"burglary","label":"Burglary","severity":1,"year":2024,"month":5,"hour":17,"area":"Koktal / Northwest","mock":true}},{"type":"Feature","id":607,"geometry":{"type":"Point","coordinates":[71.421161,51.166066]},"properties":{"id":607,"category":"theft","label":"Theft","severity":2,"year":2024,"month":11,"hour":0,"area":"Old Center (Right Bank)","mock":true}},{"type":"Feature","id":608,"geometry":{"type":"Point","coordinates":[71.410499,51.196953]},"properties":{"id":608,"category":"theft","label":"Theft","severity":1,"year":2024,"month":8,"hour":18,"area":"Railway Station / Sortirovka","mock":true}},{"type":"Feature","id":609,"geometry":{"type":"Point","coordinates":[71.424225,51.172367]},"properties":{"id":609,"category":"vandalism","label":"Vandalism","severity":3,"year":2025,"month":3,"hour":13,"area":"Old Center (Right Bank)","mock":true}},{"type":"Feature","id":610,"geometry":{"type":"Point","coordinates":[71.351291,51.196308]},"properties":{"id":610,"category":"assault","label":"Assault","severity":2,"year":2024,"month":8,"hour":18,"area":"Koktal / Northwest","mock":true}},{"type":"Feature","id":611,"geometry":{"type":"Point","coordinates":[71.34426,51.198124]},"properties":{"id":611,"category":"burglary","label":"Burglary","severity":2,"year":2025,"month":11,"hour":22,"area":"Koktal / Northwest","mock":true}},{"type":"Feature","id":612,"geometry":{"type":"Point","coordinates":[71.463238,51.154183]},"properties":{"id":612,"category":"traffic","label":"Road Accident","severity":2,"year":2024,"month":2,"hour":11,"area":"Eurasia Bazaar Area","mock":true}},{"type":"Feature","id":613,"geometry":{"type":"Point","coordinates":[71.360425,51.194255]},"properties":{"id":613,"category":"theft","label":"Theft","severity":1,"year":2025,"month":10,"hour":23,"area":"Koktal / Northwest","mock":true}},{"type":"Feature","id":614,"geometry":{"type":"Point","coordinates":[71.373455,51.180487]},"properties":{"id":614,"category":"traffic","label":"Road Accident","severity":2,"year":2025,"month":7,"hour":8,"area":"Saryarka Industrial Belt","mock":true}},{"type":"Feature","id":615,"geometry":{"type":"Point","coordinates":[71.380881,51.174881]},"properties":{"id":615,"category":"theft","label":"Theft","severity":2,"year":2024,"month":7,"hour":11,"area":"Saryarka Industrial Belt","mock":true}},{"type":"Feature","id":616,"geometry":{"type":"Point","coordinates":[71.403006,51.197179]},"properties":{"id":616,"category":"theft","label":"Theft","severity":2,"year":2025,"month":9,"hour":5,"area":"Railway Station / Sortirovka","mock":true}},{"type":"Feature","id":617,"geometry":{"type":"Point","coordinates":[71.424899,51.133085]},"properties":{"id":617,"category":"burglary","label":"Burglary","severity":1,"year":2025,"month":9,"hour":14,"area":"Left Bank Boulevard","mock":true}},{"type":"Feature","id":618,"geometry":{"type":"Point","coordinates":[71.406268,51.194486]},"properties":{"id":618,"category":"burglary","label":"Burglary","severity":1,"year":2025,"month":10,"hour":21,"area":"Railway Station / Sortirovka","mock":true}},{"type":"Feature","id":619,"geometry":{"type":"Point","coordinates":[71.410256,51.086032]},"properties":{"id":619,"category":"traffic","label":"Road Accident","severity":1,"year":2025,"month":5,"hour":16,"area":"EXPO / Nazarbayev Univ.","mock":true}},{"type":"Feature","id":620,"geometry":{"type":"Point","coordinates":[71.421583,51.165136]},"properties":{"id":620,"category":"traffic","label":"Road Accident","severity":2,"year":2024,"month":4,"hour":11,"area":"Old Center (Right Bank)","mock":true}},{"type":"Feature","id":621,"geometry":{"type":"Point","coordinates":[71.409213,51.197268]},"properties":{"id":621,"category":"traffic","label":"Road Accident","severity":2,"year":2025,"month":12,"hour":19,"area":"Railway Station / Sortirovka","mock":true}},{"type":"Feature","id":622,"geometry":{"type":"Point","coordinates":[71.40488,51.191985]},"properties":{"id":622,"category":"vandalism","label":"Vandalism","severity":1,"year":2024,"month":7,"hour":4,"area":"Railway Station / Sortirovka","mock":true}},{"type":"Feature","id":623,"geometry":{"type":"Point","coordinates":[71.411898,51.171132]},"properties":{"id":623,"category":"theft","label":"Theft","severity":2,"year":2025,"month":6,"hour":10,"area":"Old Center (Right Bank)","mock":true}},{"type":"Feature","id":624,"geometry":{"type":"Point","coordinates":[71.411383,51.086209]},"properties":{"id":624,"category":"burglary","label":"Burglary","severity":1,"year":2025,"month":9,"hour":15,"area":"EXPO / Nazarbayev Univ.","mock":true}},{"type":"Feature","id":625,"geometry":{"type":"Point","coordinates":[71.455487,51.153549]},"properties":{"id":625,"category":"traffic","label":"Road Accident","severity":1,"year":2024,"month":9,"hour":13,"area":"Eurasia Bazaar Area","mock":true}},{"type":"Feature","id":626,"geometry":{"type":"Point","coordinates":[71.381742,51.176983]},"properties":{"id":626,"category":"traffic","label":"Road Accident","severity":2,"year":2025,"month":6,"hour":14,"area":"Saryarka Industrial Belt","mock":true}},{"type":"Feature","id":627,"geometry":{"type":"Point","coordinates":[71.409372,51.167155]},"properties":{"id":627,"category":"theft","label":"Theft","severity":2,"year":2024,"month":12,"hour":6,"area":"Old Center (Right Bank)","mock":true}},{"type":"Feature","id":628,"geometry":{"type":"Point","coordinates":[71.423278,51.172185]},"properties":{"id":628,"category":"theft","label":"Theft","severity":1,"year":2024,"month":12,"hour":8,"area":"Old Center (Right Bank)","mock":true}},{"type":"Feature","id":629,"geometry":{"type":"Point","coordinates":[71.418958,51.128421]},"properties":{"id":629,"category":"burglary","label":"Burglary","severity":1,"year":2024,"month":6,"hour":2,"area":"Left Bank Boulevard","mock":true}},{"type":"Feature","id":630,"geometry":{"type":"Point","coordinates":[71.464859,51.151856]},"properties":{"id":630,"category":"theft","label":"Theft","severity":2,"year":2025,"month":11,"hour":6,"area":"Eurasia Bazaar Area","mock":true}},{"type":"Feature","id":631,"geometry":{"type":"Point","coordinates":[71.447284,51.090145]},"properties":{"id":631,"category":"assault","label":"Assault","severity":2,"year":2024,"month":4,"hour":20,"area":"Highway Corridor South","mock":true}},{"type":"Feature","id":632,"geometry":{"type":"Point","coordinates":[71.404196,51.192857]},"properties":{"id":632,"category":"theft","label":"Theft","severity":2,"year":2025,"month":11,"hour":17,"area":"Railway Station / Sortirovka","mock":true}},{"type":"Feature","id":633,"geometry":{"type":"Point","coordinates":[71.406155,51.193464]},"properties":{"id":633,"category":"assault","label":"Assault","severity":2,"year":2024,"month":5,"hour":0,"area":"Railway Station / Sortirovka","mock":true}},{"type":"Feature","id":634,"geometry":{"type":"Point","coordinates":[71.375096,51.180015]},"properties":{"id":634,"category":"theft","label":"Theft","severity":1,"year":2024,"month":4,"hour":7,"area":"Saryarka Industrial Belt","mock":true}},{"type":"Feature","id":635,"geometry":{"type":"Point","coordinates":[71.398641,51.192903]},"properties":{"id":635,"category":"vandalism","label":"Vandalism","severity":1,"year":2025,"month":5,"hour":6,"area":"Railway Station / Sortirovka","mock":true}},{"type":"Feature","id":636,"geometry":{"type":"Point","coordinates":[71.376961,51.172956]},"properties":{"id":636,"category":"vandalism","label":"Vandalism","severity":2,"year":2025,"month":10,"hour":9,"area":"Saryarka Industrial Belt","mock":true}},{"type":"Feature","id":637,"geometry":{"type":"Point","coordinates":[71.464752,51.15096]},"properties":{"id":637,"category":"burglary","label":"Burglary","severity":1,"year":2025,"month":2,"hour":7,"area":"Eurasia Bazaar Area","mock":true}},{"type":"Feature","id":638,"geometry":{"type":"Point","coordinates":[71.438779,51.093619]},"properties":{"id":638,"category":"traffic","label":"Road Accident","severity":1,"year":2025,"month":2,"hour":8,"area":"Highway Corridor South","mock":true}},{"type":"Feature","id":639,"geometry":{"type":"Point","coordinates":[71.352561,51.201792]},"properties":{"id":639,"category":"burglary","label":"Burglary","severity":3,"year":2025,"month":10,"hour":9,"area":"Koktal / Northwest","mock":true}},{"type":"Feature","id":640,"geometry":{"type":"Point","coordinates":[71.464138,51.153609]},"properties":{"id":640,"category":"traffic","label":"Road Accident","severity":2,"year":2024,"month":5,"hour":12,"area":"Eurasia Bazaar Area","mock":true}},{"type":"Feature","id":641,"geometry":{"type":"Point","coordinates":[71.400508,51.193041]},"properties":{"id":641,"category":"traffic","label":"Road Accident","severity":1,"year":2025,"month":3,"hour":18,"area":"Railway Station / Sortirovka","mock":true}},{"type":"Feature","id":642,"geometry":{"type":"Point","coordinates":[71.411053,51.166773]},"properties":{"id":642,"category":"theft","label":"Theft","severity":1,"year":2024,"month":3,"hour":1,"area":"Old Center (Right Bank)","mock":true}},{"type":"Feature","id":643,"geometry":{"type":"Point","coordinates":[71.379842,51.1757]},"properties":{"id":643,"category":"theft","label":"Theft","severity":1,"year":2024,"month":5,"hour":5,"area":"Saryarka Industrial Belt","mock":true}},{"type":"Feature","id":644,"geometry":{"type":"Point","coordinates":[71.407541,51.163524]},"properties":{"id":644,"category":"traffic","label":"Road Accident","severity":2,"year":2025,"month":6,"hour":18,"area":"Old Center (Right Bank)","mock":true}},{"type":"Feature","id":645,"geometry":{"type":"Point","coordinates":[71.421612,51.127617]},"properties":{"id":645,"category":"traffic","label":"Road Accident","severity":1,"year":2025,"month":2,"hour":10,"area":"Left Bank Boulevard","mock":true}},{"type":"Feature","id":646,"geometry":{"type":"Point","coordinates":[71.407888,51.160113]},"properties":{"id":646,"category":"theft","label":"Theft","severity":2,"year":2025,"month":9,"hour":17,"area":"Old Center (Right Bank)","mock":true}},{"type":"Feature","id":647,"geometry":{"type":"Point","coordinates":[71.420149,51.164346]},"properties":{"id":647,"category":"theft","label":"Theft","severity":2,"year":2025,"month":2,"hour":7,"area":"Old Center (Right Bank)","mock":true}},{"type":"Feature","id":648,"geometry":{"type":"Point","coordinates":[71.415018,51.091967]},"properties":{"id":648,"category":"vandalism","label":"Vandalism","severity":1,"year":2025,"month":4,"hour":23,"area":"EXPO / Nazarbayev Univ.","mock":true}},{"type":"Feature","id":649,"geometry":{"type":"Point","coordinates":[71.431399,51.094868]},"properties":{"id":649,"category":"traffic","label":"Road Accident","severity":2,"year":2024,"month":9,"hour":19,"area":"Highway Corridor South","mock":true}},{"type":"Feature","id":650,"geometry":{"type":"Point","coordinates":[71.354623,51.194079]},"properties":{"id":650,"category":"theft","label":"Theft","severity":2,"year":2025,"month":12,"hour":10,"area":"Koktal / Northwest","mock":true}},{"type":"Feature","id":651,"geometry":{"type":"Point","coordinates":[71.345136,51.193037]},"properties":{"id":651,"category":"traffic","label":"Road Accident","severity":2,"year":2024,"month":2,"hour":17,"area":"Koktal / Northwest","mock":true}},{"type":"Feature","id":652,"geometry":{"type":"Point","coordinates":[71.463248,51.152437]},"properties":{"id":652,"category":"traffic","label":"Road Accident","severity":2,"year":2025,"month":9,"hour":19,"area":"Eurasia Bazaar Area","mock":true}},{"type":"Feature","id":653,"geometry":{"type":"Point","coordinates":[71.410063,51.167406]},"properties":{"id":653,"category":"traffic","label":"Road Accident","severity":2,"year":2025,"month":1,"hour":9,"area":"Old Center (Right Bank)","mock":true}},{"type":"Feature","id":654,"geometry":{"type":"Point","coordinates":[71.461054,51.151948]},"properties":{"id":654,"category":"burglary","label":"Burglary","severity":2,"year":2024,"month":11,"hour":11,"area":"Eurasia Bazaar Area","mock":true}},{"type":"Feature","id":655,"geometry":{"type":"Point","coordinates":[71.398843,51.192971]},"properties":{"id":655,"category":"vandalism","label":"Vandalism","severity":1,"year":2024,"month":5,"hour":17,"area":"Railway Station / Sortirovka","mock":true}},{"type":"Feature","id":656,"geometry":{"type":"Point","coordinates":[71.423766,51.169143]},"properties":{"id":656,"category":"theft","label":"Theft","severity":2,"year":2024,"month":6,"hour":18,"area":"Old Center (Right Bank)","mock":true}},{"type":"Feature","id":657,"geometry":{"type":"Point","coordinates":[71.374418,51.181939]},"properties":{"id":657,"category":"vandalism","label":"Vandalism","severity":1,"year":2025,"month":3,"hour":8,"area":"Saryarka Industrial Belt","mock":true}},{"type":"Feature","id":658,"geometry":{"type":"Point","coordinates":[71.353264,51.204038]},"properties":{"id":658,"category":"theft","label":"Theft","severity":1,"year":2024,"month":8,"hour":9,"area":"Koktal / Northwest","mock":true}},{"type":"Feature","id":659,"geometry":{"type":"Point","coordinates":[71.41293,51.089732]},"properties":{"id":659,"category":"theft","label":"Theft","severity":1,"year":2025,"month":1,"hour":2,"area":"EXPO / Nazarbayev Univ.","mock":true}},{"type":"Feature","id":660,"geometry":{"type":"Point","coordinates":[71.421865,51.128011]},"properties":{"id":660,"category":"theft","label":"Theft","severity":2,"year":2024,"month":2,"hour":22,"area":"Left Bank Boulevard","mock":true}},{"type":"Feature","id":661,"geometry":{"type":"Point","coordinates":[71.403773,51.191615]},"properties":{"id":661,"category":"theft","label":"Theft","severity":1,"year":2024,"month":10,"hour":18,"area":"Railway Station / Sortirovka","mock":true}},{"type":"Feature","id":662,"geometry":{"type":"Point","coordinates":[71.461003,51.1501]},"properties":{"id":662,"category":"theft","label":"Theft","severity":2,"year":2024,"month":5,"hour":5,"area":"Eurasia Bazaar Area","mock":true}},{"type":"Feature","id":663,"geometry":{"type":"Point","coordinates":[71.4682,51.148666]},"properties":{"id":663,"category":"burglary","label":"Burglary","severity":1,"year":2024,"month":6,"hour":17,"area":"Eurasia Bazaar Area","mock":true}},{"type":"Feature","id":664,"geometry":{"type":"Point","coordinates":[71.467937,51.154923]},"properties":{"id":664,"category":"assault","label":"Assault","severity":1,"year":2025,"month":7,"hour":21,"area":"Eurasia Bazaar Area","mock":true}},{"type":"Feature","id":665,"geometry":{"type":"Point","coordinates":[71.425145,51.127628]},"properties":{"id":665,"category":"theft","label":"Theft","severity":1,"year":2025,"month":5,"hour":21,"area":"Left Bank Boulevard","mock":true}},{"type":"Feature","id":666,"geometry":{"type":"Point","coordinates":[71.424749,51.091795]},"properties":{"id":666,"category":"vandalism","label":"Vandalism","severity":1,"year":2024,"month":12,"hour":13,"area":"EXPO / Nazarbayev Univ.","mock":true}},{"type":"Feature","id":667,"geometry":{"type":"Point","coordinates":[71.409681,51.193816]},"properties":{"id":667,"category":"vandalism","label":"Vandalism","severity":1,"year":2024,"month":4,"hour":1,"area":"Railway Station / Sortirovka","mock":true}},{"type":"Feature","id":668,"geometry":{"type":"Point","coordinates":[71.406228,51.196933]},"properties":{"id":668,"category":"burglary","label":"Burglary","severity":1,"year":2024,"month":1,"hour":22,"area":"Railway Station / Sortirovka","mock":true}},{"type":"Feature","id":669,"geometry":{"type":"Point","coordinates":[71.375081,51.183301]},"properties":{"id":669,"category":"vandalism","label":"Vandalism","severity":1,"year":2025,"month":10,"hour":9,"area":"Saryarka Industrial Belt","mock":true}},{"type":"Feature","id":670,"geometry":{"type":"Point","coordinates":[71.36919,51.176659]},"properties":{"id":670,"category":"assault","label":"Assault","severity":1,"year":2025,"month":2,"hour":22,"area":"Saryarka Industrial Belt","mock":true}},{"type":"Feature","id":671,"geometry":{"type":"Point","coordinates":[71.408526,51.166992]},"properties":{"id":671,"category":"theft","label":"Theft","severity":2,"year":2024,"month":5,"hour":12,"area":"Old Center (Right Bank)","mock":true}},{"type":"Feature","id":672,"geometry":{"type":"Point","coordinates":[71.362529,51.177982]},"properties":{"id":672,"category":"traffic","label":"Road Accident","severity":2,"year":2025,"month":5,"hour":17,"area":"Saryarka Industrial Belt","mock":true}},{"type":"Feature","id":673,"geometry":{"type":"Point","coordinates":[71.403526,51.198078]},"properties":{"id":673,"category":"theft","label":"Theft","severity":1,"year":2024,"month":5,"hour":11,"area":"Railway Station / Sortirovka","mock":true}},{"type":"Feature","id":674,"geometry":{"type":"Point","coordinates":[71.412871,51.088588]},"properties":{"id":674,"category":"traffic","label":"Road Accident","severity":2,"year":2025,"month":1,"hour":12,"area":"EXPO / Nazarbayev Univ.","mock":true}},{"type":"Feature","id":675,"geometry":{"type":"Point","coordinates":[71.442247,51.098522]},"properties":{"id":675,"category":"traffic","label":"Road Accident","severity":1,"year":2025,"month":5,"hour":12,"area":"Highway Corridor South","mock":true}},{"type":"Feature","id":676,"geometry":{"type":"Point","coordinates":[71.46592,51.148888]},"properties":{"id":676,"category":"vandalism","label":"Vandalism","severity":1,"year":2024,"month":12,"hour":5,"area":"Eurasia Bazaar Area","mock":true}},{"type":"Feature","id":677,"geometry":{"type":"Point","coordinates":[71.423195,51.16828]},"properties":{"id":677,"category":"theft","label":"Theft","severity":2,"year":2025,"month":3,"hour":23,"area":"Old Center (Right Bank)","mock":true}},{"type":"Feature","id":678,"geometry":{"type":"Point","coordinates":[71.465089,51.155242]},"properties":{"id":678,"category":"theft","label":"Theft","severity":2,"year":2025,"month":5,"hour":10,"area":"Eurasia Bazaar Area","mock":true}},{"type":"Feature","id":679,"geometry":{"type":"Point","coordinates":[71.402837,51.197174]},"properties":{"id":679,"category":"vandalism","label":"Vandalism","severity":1,"year":2024,"month":7,"hour":17,"area":"Railway Station / Sortirovka","mock":true}},{"type":"Feature","id":680,"geometry":{"type":"Point","coordinates":[71.419626,51.123932]},"properties":{"id":680,"category":"vandalism","label":"Vandalism","severity":2,"year":2024,"month":8,"hour":14,"area":"Left Bank Boulevard","mock":true}},{"type":"Feature","id":681,"geometry":{"type":"Point","coordinates":[71.354407,51.202373]},"properties":{"id":681,"category":"burglary","label":"Burglary","severity":2,"year":2024,"month":6,"hour":12,"area":"Koktal / Northwest","mock":true}},{"type":"Feature","id":682,"geometry":{"type":"Point","coordinates":[71.382478,51.176659]},"properties":{"id":682,"category":"theft","label":"Theft","severity":2,"year":2025,"month":12,"hour":17,"area":"Saryarka Industrial Belt","mock":true}},{"type":"Feature","id":683,"geometry":{"type":"Point","coordinates":[71.417092,51.131817]},"properties":{"id":683,"category":"traffic","label":"Road Accident","severity":2,"year":2025,"month":1,"hour":7,"area":"Left Bank Boulevard","mock":true}},{"type":"Feature","id":684,"geometry":{"type":"Point","coordinates":[71.416443,51.164433]},"properties":{"id":684,"category":"theft","label":"Theft","severity":1,"year":2025,"month":11,"hour":14,"area":"Old Center (Right Bank)","mock":true}},{"type":"Feature","id":685,"geometry":{"type":"Point","coordinates":[71.410722,51.161678]},"properties":{"id":685,"category":"theft","label":"Theft","severity":2,"year":2024,"month":11,"hour":2,"area":"Old Center (Right Bank)","mock":true}},{"type":"Feature","id":686,"geometry":{"type":"Point","coordinates":[71.418959,51.164275]},"properties":{"id":686,"category":"theft","label":"Theft","severity":1,"year":2025,"month":6,"hour":12,"area":"Old Center (Right Bank)","mock":true}},{"type":"Feature","id":687,"geometry":{"type":"Point","coordinates":[71.413101,51.093924]},"properties":{"id":687,"category":"theft","label":"Theft","severity":2,"year":2025,"month":5,"hour":2,"area":"EXPO / Nazarbayev Univ.","mock":true}},{"type":"Feature","id":688,"geometry":{"type":"Point","coordinates":[71.414509,51.120343]},"properties":{"id":688,"category":"vandalism","label":"Vandalism","severity":2,"year":2025,"month":4,"hour":17,"area":"Left Bank Boulevard","mock":true}},{"type":"Feature","id":689,"geometry":{"type":"Point","coordinates":[71.41738,51.169561]},"properties":{"id":689,"category":"burglary","label":"Burglary","severity":1,"year":2025,"month":4,"hour":15,"area":"Old Center (Right Bank)","mock":true}},{"type":"Feature","id":690,"geometry":{"type":"Point","coordinates":[71.422955,51.127731]},"properties":{"id":690,"category":"burglary","label":"Burglary","severity":1,"year":2024,"month":7,"hour":14,"area":"Left Bank Boulevard","mock":true}},{"type":"Feature","id":691,"geometry":{"type":"Point","coordinates":[71.467435,51.150506]},"properties":{"id":691,"category":"theft","label":"Theft","severity":1,"year":2024,"month":9,"hour":21,"area":"Eurasia Bazaar Area","mock":true}},{"type":"Feature","id":692,"geometry":{"type":"Point","coordinates":[71.422908,51.125531]},"properties":{"id":692,"category":"traffic","label":"Road Accident","severity":1,"year":2025,"month":4,"hour":7,"area":"Left Bank Boulevard","mock":true}},{"type":"Feature","id":693,"geometry":{"type":"Point","coordinates":[71.356039,51.191854]},"properties":{"id":693,"category":"theft","label":"Theft","severity":1,"year":2024,"month":4,"hour":16,"area":"Koktal / Northwest","mock":true}},{"type":"Feature","id":694,"geometry":{"type":"Point","coordinates":[71.40134,51.196642]},"properties":{"id":694,"category":"vandalism","label":"Vandalism","severity":1,"year":2024,"month":12,"hour":12,"area":"Railway Station / Sortirovka","mock":true}},{"type":"Feature","id":695,"geometry":{"type":"Point","coordinates":[71.379505,51.178882]},"properties":{"id":695,"category":"theft","label":"Theft","severity":1,"year":2025,"month":4,"hour":4,"area":"Saryarka Industrial Belt","mock":true}},{"type":"Feature","id":696,"geometry":{"type":"Point","coordinates":[71.471007,51.149457]},"properties":{"id":696,"category":"assault","label":"Assault","severity":3,"year":2025,"month":2,"hour":23,"area":"Eurasia Bazaar Area","mock":true}},{"type":"Feature","id":697,"geometry":{"type":"Point","coordinates":[71.424289,51.164815]},"properties":{"id":697,"category":"theft","label":"Theft","severity":2,"year":2024,"month":10,"hour":19,"area":"Old Center (Right Bank)","mock":true}},{"type":"Feature","id":698,"geometry":{"type":"Point","coordinates":[71.419335,51.089762]},"properties":{"id":698,"category":"theft","label":"Theft","severity":2,"year":2024,"month":1,"hour":22,"area":"EXPO / Nazarbayev Univ.","mock":true}},{"type":"Feature","id":699,"geometry":{"type":"Point","coordinates":[71.454802,51.097266]},"properties":{"id":699,"category":"assault","label":"Assault","severity":1,"year":2025,"month":3,"hour":20,"area":"Highway Corridor South","mock":true}},{"type":"Feature","id":700,"geometry":{"type":"Point","coordinates":[71.447002,51.086637]},"properties":{"id":700,"category":"traffic","label":"Road Accident","severity":1,"year":2024,"month":12,"hour":19,"area":"Highway Corridor South","mock":true}},{"type":"Feature","id":701,"geometry":{"type":"Point","coordinates":[71.41513,51.195719]},"properties":{"id":701,"category":"theft","label":"Theft","severity":1,"year":2025,"month":9,"hour":17,"area":"Railway Station / Sortirovka","mock":true}},{"type":"Feature","id":702,"geometry":{"type":"Point","coordinates":[71.403721,51.194659]},"properties":{"id":702,"category":"theft","label":"Theft","severity":2,"year":2025,"month":4,"hour":3,"area":"Railway Station / Sortirovka","mock":true}},{"type":"Feature","id":703,"geometry":{"type":"Point","coordinates":[71.346144,51.199405]},"properties":{"id":703,"category":"burglary","label":"Burglary","severity":1,"year":2025,"month":7,"hour":21,"area":"Koktal / Northwest","mock":true}},{"type":"Feature","id":704,"geometry":{"type":"Point","coordinates":[71.469858,51.151461]},"properties":{"id":704,"category":"theft","label":"Theft","severity":2,"year":2025,"month":2,"hour":13,"area":"Eurasia Bazaar Area","mock":true}},{"type":"Feature","id":705,"geometry":{"type":"Point","coordinates":[71.459554,51.150236]},"properties":{"id":705,"category":"theft","label":"Theft","severity":2,"year":2024,"month":12,"hour":5,"area":"Eurasia Bazaar Area","mock":true}},{"type":"Feature","id":706,"geometry":{"type":"Point","coordinates":[71.44285,51.09945]},"properties":{"id":706,"category":"vandalism","label":"Vandalism","severity":1,"year":2024,"month":12,"hour":0,"area":"Highway Corridor South","mock":true}},{"type":"Feature","id":707,"geometry":{"type":"Point","coordinates":[71.371131,51.167536]},"properties":{"id":707,"category":"theft","label":"Theft","severity":2,"year":2025,"month":6,"hour":15,"area":"Saryarka Industrial Belt","mock":true}},{"type":"Feature","id":708,"geometry":{"type":"Point","coordinates":[71.42694,51.124651]},"properties":{"id":708,"category":"theft","label":"Theft","severity":2,"year":2024,"month":12,"hour":3,"area":"Left Bank Boulevard","mock":true}},{"type":"Feature","id":709,"geometry":{"type":"Point","coordinates":[71.410229,51.195425]},"properties":{"id":709,"category":"assault","label":"Assault","severity":1,"year":2024,"month":12,"hour":19,"area":"Railway Station / Sortirovka","mock":true}},{"type":"Feature","id":710,"geometry":{"type":"Point","coordinates":[71.412957,51.088894]},"properties":{"id":710,"category":"theft","label":"Theft","severity":1,"year":2025,"month":2,"hour":5,"area":"EXPO / Nazarbayev Univ.","mock":true}},{"type":"Feature","id":711,"geometry":{"type":"Point","coordinates":[71.419059,51.164653]},"properties":{"id":711,"category":"traffic","label":"Road Accident","severity":1,"year":2025,"month":8,"hour":18,"area":"Old Center (Right Bank)","mock":true}},{"type":"Feature","id":712,"geometry":{"type":"Point","coordinates":[71.415798,51.127055]},"properties":{"id":712,"category":"theft","label":"Theft","severity":2,"year":2024,"month":9,"hour":5,"area":"Left Bank Boulevard","mock":true}},{"type":"Feature","id":713,"geometry":{"type":"Point","coordinates":[71.418266,51.160144]},"properties":{"id":713,"category":"burglary","label":"Burglary","severity":2,"year":2025,"month":12,"hour":6,"area":"Old Center (Right Bank)","mock":true}},{"type":"Feature","id":714,"geometry":{"type":"Point","coordinates":[71.414525,51.088833]},"properties":{"id":714,"category":"assault","label":"Assault","severity":2,"year":2024,"month":9,"hour":18,"area":"EXPO / Nazarbayev Univ.","mock":true}},{"type":"Feature","id":715,"geometry":{"type":"Point","coordinates":[71.421995,51.129608]},"properties":{"id":715,"category":"vandalism","label":"Vandalism","severity":1,"year":2025,"month":11,"hour":11,"area":"Left Bank Boulevard","mock":true}},{"type":"Feature","id":716,"geometry":{"type":"Point","coordinates":[71.398109,51.191684]},"properties":{"id":716,"category":"theft","label":"Theft","severity":2,"year":2025,"month":6,"hour":20,"area":"Railway Station / Sortirovka","mock":true}},{"type":"Feature","id":717,"geometry":{"type":"Point","coordinates":[71.467586,51.151496]},"properties":{"id":717,"category":"vandalism","label":"Vandalism","severity":2,"year":2024,"month":8,"hour":23,"area":"Eurasia Bazaar Area","mock":true}},{"type":"Feature","id":718,"geometry":{"type":"Point","coordinates":[71.406201,51.192723]},"properties":{"id":718,"category":"vandalism","label":"Vandalism","severity":1,"year":2024,"month":3,"hour":18,"area":"Railway Station / Sortirovka","mock":true}},{"type":"Feature","id":719,"geometry":{"type":"Point","coordinates":[71.375603,51.18289]},"properties":{"id":719,"category":"vandalism","label":"Vandalism","severity":2,"year":2025,"month":10,"hour":11,"area":"Saryarka Industrial Belt","mock":true}}]}