{"type":"FeatureCollection","features":[{"type":"Feature","id":0,"geometry":{"type":"Polygon","coordinates":[[[71.3,51.05],[71.306,51.05],[71.306,51.05378],[71.3,51.05378],[71.3,51.05]]]},"properties":{"id":0,"trees":1,"canopy":6,"park_dist":1000,"pass_trees":false,"pass_canopy":false,"pass_dist":false,"score":0,"mock":true}},{"type":"Feature","id":1,"geometry":{"type":"Polygon","coordinates":[[[71.3,51.05378],[71.306,51.05378],[71.306,51.05756],[71.3,51.05756],[71.3,51.05378]]]},"properties":{"id":1,"trees":1,"canopy":1,"park_dist":1195,"pass_trees":false,"pass_canopy":false,"pass_dist":false,"score":0,"mock":true}},{"type":"Feature","id":2,"geometry":{"type":"Polygon","coordinates":[[[71.3,51.05756],[71.306,51.05756],[71.306,51.06134],[71.3,51.06134],[71.3,51.05756]]]},"properties":{"id":2,"trees":0,"canopy":3,"park_dist":1224,"pass_trees":false,"pass_canopy":false,"pass_dist":false,"score":0,"mock":true}},{"type":"Feature","id":3,"geometry":{"type":"Polygon","coordinates":[[[71.3,51.06134],[71.306,51.06134],[71.306,51.06512],[71.3,51.06512],[71.3,51.06134]]]},"properties":{"id":3,"trees":0,"canopy":4,"park_dist":1219,"pass_trees":false,"pass_canopy":false,"pass_dist":false,"score":0,"mock":true}},{"type":"Feature","id":4,"geometry":{"type":"Polygon","coordinates":[[[71.3,51.06512],[71.306,51.06512],[71.306,51.0689],[71.3,51.0689],[71.3,51.06512]]]},"properties":{"id":4,"trees":0,"canopy":1,"park_dist":1252,"pass_trees":false,"pass_canopy":false,"pass_dist":false,"score":0,"mock":true}},{"type":"Feature","id":5,"geometry":{"type":"Polygon","coordinates":[[[71.3,51.0689],[71.306,51.0689],[71.306,51.07268],[71.3,51.07268],[71.3,51.0689]]]},"properties":{"id":5,"trees":0,"canopy":2,"park_dist":1280,"pass_trees":false,"pass_canopy":false,"pass_dist":false,"score":0,"mock":true}},{"type":"Feature","id":6,"geometry":{"type":"Polygon","coordinates":[[[71.3,51.07268],[71.306,51.07268],[71.306,51.07646],[71.3,51.07646],[71.3,51.07268]]]},"properties":{"id":6,"trees":0,"canopy":5,"park_dist":1159,"pass_trees":false,"pass_canopy":false,"pass_dist":false,"score":0,"mock":true}},{"type":"Feature","id":7,"geometry":{"type":"Polygon","coordinates":[[[71.3,51.07646],[71.306,51.07646],[71.306,51.08024],[71.3,51.08024],[71.3,51.07646]]]},"properties":{"id":7,"trees":0,"canopy":2,"park_dist":1212,"pass_trees":false,"pass_canopy":false,"pass_dist":false,"score":0,"mock":true}},{"type":"Feature","id":8,"geometry":{"type":"Polygon","coordinates":[[[71.3,51.08024],[71.306,51.08024],[71.306,51.08402],[71.3,51.08402],[71.3,51.08024]]]},"properties":{"id":8,"trees":0,"canopy":1,"park_dist":1270,"pass_trees":false,"pass_canopy":false,"pass_dist":false,"score":0,"mock":true}},{"type":"Feature","id":9,"geometry":{"type":"Polygon","coordinates":[[[71.3,51.08402],[71.306,51.08402],[71.306,51.0878],[71.3,51.0878],[71.3,51.08402]]]},"properties":{"id":9,"trees":0,"canopy":1,"park_dist":1206,"pass_trees":false,"pass_canopy":false,"pass_dist":false,"score":0,"mock":true}},{"type":"Feature","id":10,"geometry":{"type":"Polygon","coordinates":[[[71.3,51.0878],[71.306,51.0878],[71.306,51.09158],[71.3,51.09158],[71.3,51.0878]]]},"properties":{"id":10,"trees":0,"canopy":4,"park_dist":1213,"pass_trees":false,"pass_canopy":false,"pass_dist":false,"score":0,"mock":true}},{"type":"Feature","id":11,"geometry":{"type":"Polygon","coordinates":[[[71.3,51.09158],[71.306,51.09158],[71.306,51.09536],[71.3,51.09536],[71.3,51.09158]]]},"properties":{"id":11,"trees":0,"canopy":1,"park_dist":1182,"pass_trees":false,"pass_canopy":false,"pass_dist":false,"score":0,"mock":true}},{"type":"Feature","id":12,"geometry":{"type":"Polygon","coordinates":[[[71.3,51.09536],[71.306,51.09536],[71.306,51.09914],[71.3,51.09914],[71.3,51.09536]]]},"properties":{"id":12,"trees":0,"canopy":1,"park_dist":1269,"pass_trees":false,"pass_canopy":false,"pass_dist":false,"score":0,"mock":true}},{"type":"Feature","id":13,"geometry":{"type":"Polygon","coordinates":[[[71.3,51.09914],[71.306,51.09914],[71.306,51.10292],[71.3,51.10292],[71.3,51.09914]]]},"properties":{"id":13,"trees":0,"canopy":1,"park_dist":1221,"pass_trees":false,"pass_canopy":false,"pass_dist":false,"score":0,"mock":true}},{"type":"Feature","id":14,"geometry":{"type":"Polygon","coordinates":[[[71.3,51.10292],[71.306,51.10292],[71.306,51.1067],[71.3,51.1067],[71.3,51.10292]]]},"properties":{"id":14,"trees":0,"canopy":1,"park_dist":1204,"pass_trees":false,"pass_canopy":false,"pass_dist":false,"score":0,"mock":true}},{"type":"Feature","id":15,"geometry":{"type":"Polygon","coordinates":[[[71.3,51.1067],[71.306,51.1067],[71.306,51.11048],[71.3,51.11048],[71.3,51.1067]]]},"properties":{"id":15,"trees":0,"canopy":3,"park_dist":1148,"pass_trees":false,"pass_canopy":false,"pass_dist":false,"score":0,"mock":true}},{"type":"Feature","id":16,"geometry":{"type":"Polygon","coordinates":[[[71.3,51.11048],[71.306,51.11048],[71.306,51.11426],[71.3,51.11426],[71.3,51.11048]]]},"properties":{"id":16,"trees":1,"canopy":4,"park_dist":1060,"pass_trees":false,"pass_canopy":false,"pass_dist":false,"score":0,"mock":true}},{"type":"Feature","id":17,"geometry":{"type":"Polygon","coordinates":[[[71.3,51.11426],[71.306,51.11426],[71.306,51.11804],[71.3,51.11804],[71.3,51.11426]]]},"properties":{"id":17,"trees":1,"canopy":2,"park_dist":1211,"pass_trees":false,"pass_canopy":false,"pass_dist":false,"score":0,"mock":true}},{"type":"Feature","id":18,"geometry":{"type":"Polygon","coordinates":[[[71.3,51.11804],[71.306,51.11804],[71.306,51.12182],[71.3,51.12182],[71.3,51.11804]]]},"properties":{"id":18,"trees":0,"canopy":1,"park_dist":1141,"pass_trees":false,"pass_canopy":false,"pass_dist":false,"score":0,"mock":true}},{"type":"Feature","id":19,"geometry":{"type":"Polygon","coordinates":[[[71.3,51.12182],[71.306,51.12182],[71.306,51.1256],[71.3,51.1256],[71.3,51.12182]]]},"properties":{"id":19,"trees":1,"canopy":9,"park_dist":1123,"pass_trees":false,"pass_canopy":false,"pass_dist":false,"score":0,"mock":true}},{"type":"Feature","id":20,"geometry":{"type":"Polygon","coordinates":[[[71.3,51.1256],[71.306,51.1256],[71.306,51.12938],[71.3,51.12938],[71.3,51.1256]]]},"properties":{"id":20,"trees":1,"canopy":8,"park_dist":1043,"pass_trees":false,"pass_canopy":false,"pass_dist":false,"score":0,"mock":true}},{"type":"Feature","id":21,"geometry":{"type":"Polygon","coordinates":[[[71.3,51.12938],[71.306,51.12938],[71.306,51.13316],[71.3,51.13316],[71.3,51.12938]]]},"properties":{"id":21,"trees":1,"canopy":8,"park_dist":979,"pass_trees":false,"pass_canopy":false,"pass_dist":false,"score":0,"mock":true}},{"type":"Feature","id":22,"geometry":{"type":"Polygon","coordinates":[[[71.3,51.13316],[71.306,51.13316],[71.306,51.13694],[71.3,51.13694],[71.3,51.13316]]]},"properties":{"id":22,"trees":2,"canopy":10,"park_dist":997,"pass_trees":false,"pass_canopy":false,"pass_dist":false,"score":0,"mock":true}},{"type":"Feature","id":23,"geometry":{"type":"Polygon","coordinates":[[[71.3,51.13694],[71.306,51.13694],[71.306,51.14072],[71.3,51.14072],[71.3,51.13694]]]},"properties":{"id":23,"trees":2,"canopy":9,"park_dist":958,"pass_trees":false,"pass_canopy":false,"pass_dist":false,"score":0,"mock":true}},{"type":"Feature","id":24,"geometry":{"type":"Polygon","coordinates":[[[71.3,51.14072],[71.306,51.14072],[71.306,51.1445],[71.3,51.1445],[71.3,51.14072]]]},"properties":{"id":24,"trees":2,"canopy":8,"park_dist":965,"pass_trees":false,"pass_canopy":false,"pass_dist":false,"score":0,"mock":true}},{"type":"Feature","id":25,"geometry":{"type":"Polygon","coordinates":[[[71.3,51.1445],[71.306,51.1445],[71.306,51.14828],[71.3,51.14828],[71.3,51.1445]]]},"properties":{"id":25,"trees":3,"canopy":18,"park_dist":908,"pass_trees":true,"pass_canopy":false,"pass_dist":false,"score":1,"mock":true}},{"type":"Feature","id":26,"geometry":{"type":"Polygon","coordinates":[[[71.3,51.14828],[71.306,51.14828],[71.306,51.15206],[71.3,51.15206],[71.3,51.14828]]]},"properties":{"id":26,"trees":3,"canopy":17,"park_dist":783,"pass_trees":true,"pass_canopy":false,"pass_dist":false,"score":1,"mock":true}},{"type":"Feature","id":27,"geometry":{"type":"Polygon","coordinates":[[[71.3,51.15206],[71.306,51.15206],[71.306,51.15584],[71.3,51.15584],[71.3,51.15206]]]},"properties":{"id":27,"trees":1,"canopy":8,"park_dist":982,"pass_trees":false,"pass_canopy":false,"pass_dist":false,"score":0,"mock":true}},{"type":"Feature","id":28,"geometry":{"type":"Polygon","coordinates":[[[71.3,51.15584],[71.306,51.15584],[71.306,51.15962],[71.3,51.15962],[71.3,51.15584]]]},"properties":{"id":28,"trees":2,"canopy":7,"park_dist":929,"pass_trees":false,"pass_canopy":false,"pass_dist":false,"score":0,"mock":true}},{"type":"Feature","id":29,"geometry":{"type":"Polygon","coordinates":[[[71.3,51.15962],[71.306,51.15962],[71.306,51.1634],[71.3,51.1634],[71.3,51.15962]]]},"properties":{"id":29,"trees":2,"canopy":12,"park_dist":830,"pass_trees":false,"pass_canopy":false,"pass_dist":false,"score":0,"mock":true}},{"type":"Feature","id":30,"geometry":{"type":"Polygon","coordinates":[[[71.3,51.1634],[71.306,51.1634],[71.306,51.16718],[71.3,51.16718],[71.3,51.1634]]]},"properties":{"id":30,"trees":2,"canopy":14,"park_dist":834,"pass_trees":false,"pass_canopy":false,"pass_dist":false,"score":0,"mock":true}},{"type":"Feature","id":31,"geometry":{"type":"Polygon","coordinates":[[[71.3,51.16718],[71.306,51.16718],[71.306,51.17096],[71.3,51.17096],[71.3,51.16718]]]},"properties":{"id":31,"trees":1,"canopy":9,"park_dist":1006,"pass_trees":false,"pass_canopy":false,"pass_dist":false,"score":0,"mock":true}},{"type":"Feature","id":32,"geometry":{"type":"Polygon","coordinates":[[[71.3,51.17096],[71.306,51.17096],[71.306,51.17474],[71.3,51.17474],[71.3,51.17096]]]},"properties":{"id":32,"trees":2,"canopy":10,"park_dist":879,"pass_trees":false,"pass_canopy":false,"pass_dist":false,"score":0,"mock":true}},{"type":"Feature","id":33,"geometry":{"type":"Polygon","coordinates":[[[71.3,51.17474],[71.306,51.17474],[71.306,51.17852],[71.3,51.17852],[71.3,51.17474]]]},"properties":{"id":33,"trees":3,"canopy":15,"park_dist":780,"pass_trees":true,"pass_canopy":false,"pass_dist":false,"score":1,"mock":true}},{"type":"Feature","id":34,"geometry":{"type":"Polygon","coordinates":[[[71.3,51.17852],[71.306,51.17852],[71.306,51.1823],[71.3,51.1823],[71.3,51.17852]]]},"properties":{"id":34,"trees":2,"canopy":16,"park_dist":812,"pass_trees":false,"pass_canopy":false,"pass_dist":false,"score":0,"mock":true}},{"type":"Feature","id":35,"geometry":{"type":"Polygon","coordinates":[[[71.3,51.1823],[71.306,51.1823],[71.306,51.18608],[71.3,51.18608],[71.3,51.1823]]]},"properties":{"id":35,"trees":2,"canopy":11,"park_dist":823,"pass_trees":false,"pass_canopy":false,"pass_dist":false,"score":0,"mock":true}},{"type":"Feature","id":36,"geometry":{"type":"Polygon","coordinates":[[[71.3,51.18608],[71.306,51.18608],[71.306,51.18986],[71.3,51.18986],[71.3,51.18608]]]},"properties":{"id":36,"trees":2,"canopy":14,"park_dist":822,"pass_trees":false,"pass_canopy":false,"pass_dist":false,"score":0,"mock":true}},{"type":"Feature","id":37,"geometry":{"type":"Polygon","coordinates":[[[71.3,51.18986],[71.306,51.18986],[71.306,51.19364],[71.3,51.19364],[71.3,51.18986]]]},"properties":{"id":37,"trees":2,"canopy":15,"park_dist":784,"pass_trees":false,"pass_canopy":false,"pass_dist":false,"score":0,"mock":true}},{"type":"Feature","id":38,"geometry":{"type":"Polygon","coordinates":[[[71.3,51.19364],[71.306,51.19364],[71.306,51.19742],[71.3,51.19742],[71.3,51.19364]]]},"properties":{"id":38,"trees":3,"canopy":16,"park_dist":768,"pass_trees":true,"pass_canopy":false,"pass_dist":false,"score":1,"mock":true}},{"type":"Feature","id":39,"geometry":{"type":"Polygon","coordinates":[[[71.3,51.19742],[71.306,51.19742],[71.306,51.2012],[71.3,51.2012],[71.3,51.19742]]]},"properties":{"id":39,"trees":2,"canopy":10,"park_dist":908,"pass_trees":false,"pass_canopy":false,"pass_dist":false,"score":0,"mock":true}},{"type":"Feature","id":40,"geometry":{"type":"Polygon","coordinates":[[[71.3,51.2012],[71.306,51.2012],[71.306,51.20498],[71.3,51.20498],[71.3,51.2012]]]},"properties":{"id":40,"trees":2,"canopy":8,"park_dist":877,"pass_trees":false,"pass_canopy":false,"pass_dist":false,"score":0,"mock":true}},{"type":"Feature","id":41,"geometry":{"type":"Polygon","coordinates":[[[71.3,51.20498],[71.306,51.20498],[71.306,51.20876],[71.3,51.20876],[71.3,51.20498]]]},"properties":{"id":41,"trees":3,"canopy":14,"park_dist":817,"pass_trees":true,"pass_canopy":false,"pass_dist":false,"score":1,"mock":true}},{"type":"Feature","id":42,"geometry":{"type":"Polygon","coordinates":[[[71.3,51.20876],[71.306,51.20876],[71.306,51.21254],[71.3,51.21254],[71.3,51.20876]]]},"properties":{"id":42,"trees":2,"canopy":11,"park_dist":1023,"pass_trees":false,"pass_canopy":false,"pass_dist":false,"score":0,"mock":true}},{"type":"Feature","id":43,"geometry":{"type":"Polygon","coordinates":[[[71.3,51.21254],[71.306,51.21254],[71.306,51.21632],[71.3,51.21632],[71.3,51.21254]]]},"properties":{"id":43,"trees":2,"canopy":17,"park_dist":782,"pass_trees":false,"pass_canopy":false,"pass_dist":false,"score":0,"mock":true}},{"type":"Feature","id":44,"geometry":{"type":"Polygon","coordinates":[[[71.3,51.21632],[71.306,51.21632],[71.306,51.2201],[71.3,51.2201],[71.3,51.21632]]]},"properties":{"id":44,"trees":3,"canopy":16,"park_dist":855,"pass_trees":true,"pass_canopy":false,"pass_dist":false,"score":1,"mock":true}},{"type":"Feature","id":45,"geometry":{"type":"Polygon","coordinates":[[[71.306,51.05],[71.312,51.05],[71.312,51.05378],[71.306,51.05378],[71.306,51.05]]]},"properties":{"id":45,"trees":1,"canopy":11,"park_dist":1029,"pass_trees":false,"pass_canopy":false,"pass_dist":false,"score":0,"mock":true}},{"type":"Feature","id":46,"geometry":{"type":"Polygon","coordinates":[[[71.306,51.05378],[71.312,51.05378],[71.312,51.05756],[71.306,51.05756],[71.306,51.05378]]]},"properties":{"id":46,"trees":0,"canopy":1,"park_dist":1219,"pass_trees":false,"pass_canopy":false,"pass_dist":false,"score":0,"mock":true}},{"type":"Feature","id":47,"geometry":{"type":"Polygon","coordinates":[[[71.306,51.05756],[71.312,51.05756],[71.312,51.06134],[71.306,51.06134],[71.306,51.05756]]]},"properties":{"id":47,"trees":0,"canopy":1,"park_dist":1166,"pass_trees":false,"pass_canopy":false,"pass_dist":false,"score":0,"mock":true}},{"type":"Feature","id":48,"geometry":{"type":"Polygon","coordinates":[[[71.306,51.06134],[71.312,51.06134],[71.312,51.06512],[71.306,51.06512],[71.306,51.06134]]]},"properties":{"id":48,"trees":0,"canopy":1,"park_dist":1144,"pass_trees":false,"pass_canopy":false,"pass_dist":false,"score":0,"mock":true}},{"type":"Feature","id":49,"geometry":{"type":"Polygon","coordinates":[[[71.306,51.06512],[71.312,51.06512],[71.312,51.0689],[71.306,51.0689],[71.306,51.06512]]]},"properties":{"id":49,"trees":0,"canopy":1,"park_dist":1103,"pass_trees":false,"pass_canopy":false,"pass_dist":false,"score":0,"mock":true}},{"type":"Feature","id":50,"geometry":{"type":"Polygon","coordinates":[[[71.306,51.0689],[71.312,51.0689],[71.312,51.07268],[71.306,51.07268],[71.306,51.0689]]]},"properties":{"id":50,"trees":1,"canopy":2,"park_dist":1181,"pass_trees":false,"pass_canopy":false,"pass_dist":false,"score":0,"mock":true}},{"type":"Feature","id":51,"geometry":{"type":"Polygon","coordinates":[[[71.306,51.07268],[71.312,51.07268],[71.312,51.07646],[71.306,51.07646],[71.306,51.07268]]]},"properties":{"id":51,"trees":0,"canopy":1,"park_dist":1259,"pass_trees":false,"pass_canopy":false,"pass_dist":false,"score":0,"mock":true}},{"type":"Feature","id":52,"geometry":{"type":"Polygon","coordinates":[[[71.306,51.07646],[71.312,51.07646],[71.312,51.08024],[71.306,51.08024],[71.306,51.07646]]]},"properties":{"id":52,"trees":0,"canopy":1,"park_dist":1167,"pass_trees":false,"pass_canopy":false,"pass_dist":false,"score":0,"mock":true}},{"type":"Feature","id":53,"geometry":{"type":"Polygon","coordinates":[[[71.306,51.08024],[71.312,51.08024],[71.312,51.08402],[71.306,51.08402],[71.306,51.08024]]]},"properties":{"id":53,"trees":0,"canopy":2,"park_dist":1169,"pass_trees":false,"pass_canopy":false,"pass_dist":false,"score":0,"mock":true}},{"type":"Feature","id":54,"geometry":{"type":"Polygon","coordinates":[[[71.306,51.08402],[71.312,51.08402],[71.312,51.0878],[71.306,51.0878],[71.306,51.08402]]]},"properties":{"id":54,"trees":0,"canopy":1,"park_dist":1171,"pass_trees":false,"pass_canopy":false,"pass_dist":false,"score":0,"mock":true}},{"type":"Feature","id":55,"geometry":{"type":"Polygon","coordinates":[[[71.306,51.0878],[71.312,51.0878],[71.312,51.09158],[71.306,51.09158],[71.306,51.0878]]]},"properties":{"id":55,"trees":0,"canopy":1,"park_dist":1247,"pass_trees":false,"pass_canopy":false,"pass_dist":false,"score":0,"mock":true}},{"type":"Feature","id":56,"geometry":{"type":"Polygon","coordinates":[[[71.306,51.09158],[71.312,51.09158],[71.312,51.09536],[71.306,51.09536],[71.306,51.09158]]]},"properties":{"id":56,"trees":0,"canopy":4,"park_dist":1146,"pass_trees":false,"pass_canopy":false,"pass_dist":false,"score":0,"mock":true}},{"type":"Feature","id":57,"geometry":{"type":"Polygon","coordinates":[[[71.306,51.09536],[71.312,51.09536],[71.312,51.09914],[71.306,51.09914],[71.306,51.09536]]]},"properties":{"id":57,"trees":0,"canopy":1,"park_dist":1197,"pass_trees":false,"pass_canopy":false,"pass_dist":false,"score":0,"mock":true}},{"type":"Feature","id":58,"geometry":{"type":"Polygon","coordinates":[[[71.306,51.09914],[71.312,51.09914],[71.312,51.10292],[71.306,51.10292],[71.306,51.09914]]]},"properties":{"id":58,"trees":0,"canopy":2,"park_dist":1227,"pass_trees":false,"pass_canopy":false,"pass_dist":false,"score":0,"mock":true}},{"type":"Feature","id":59,"geometry":{"type":"Polygon","coordinates":[[[71.306,51.10292],[71.312,51.10292],[71.312,51.1067],[71.306,51.1067],[71.306,51.10292]]]},"properties":{"id":59,"trees":0,"canopy":3,"park_dist":1203,"pass_trees":false,"pass_canopy":false,"pass_dist":false,"score":0,"mock":true}},{"type":"Feature","id":60,"geometry":{"type":"Polygon","coordinates":[[[71.306,51.1067],[71.312,51.1067],[71.312,51.11048],[71.306,51.11048],[71.306,51.1067]]]},"properties":{"id":60,"trees":0,"canopy":1,"park_dist":1232,"pass_trees":false,"pass_canopy":false,"pass_dist":false,"score":0,"mock":true}},{"type":"Feature","id":61,"geometry":{"type":"Polygon","coordinates":[[[71.306,51.11048],[71.312,51.11048],[71.312,51.11426],[71.306,51.11426],[71.306,51.11048]]]},"properties":{"id":61,"trees":0,"canopy":4,"park_dist":1213,"pass_trees":false,"pass_canopy":false,"pass_dist":false,"score":0,"mock":true}},{"type":"Feature","id":62,"geometry":{"type":"Polygon","coordinates":[[[71.306,51.11426],[71.312,51.11426],[71.312,51.11804],[71.306,51.11804],[71.306,51.11426]]]},"properties":{"id":62,"trees":0,"canopy":1,"park_dist":1230,"pass_trees":false,"pass_canopy":false,"pass_dist":false,"score":0,"mock":true}},{"type":"Feature","id":63,"geometry":{"type":"Polygon","coordinates":[[[71.306,51.11804],[71.312,51.11804],[71.312,51.12182],[71.306,51.12182],[71.306,51.11804]]]},"properties":{"id":63,"trees":0,"canopy":1,"park_dist":1204,"pass_trees":false,"pass_canopy":false,"pass_dist":false,"score":0,"mock":true}},{"type":"Feature","id":64,"geometry":{"type":"Polygon","coordinates":[[[71.306,51.12182],[71.312,51.12182],[71.312,51.1256],[71.306,51.1256],[71.306,51.12182]]]},"properties":{"id":64,"trees":1,"canopy":1,"park_dist":1076,"pass_trees":false,"pass_canopy":false,"pass_dist":false,"score":0,"mock":true}},{"type":"Feature","id":65,"geometry":{"type":"Polygon","coordinates":[[[71.306,51.1256],[71.312,51.1256],[71.312,51.12938],[71.306,51.12938],[71.306,51.1256]]]},"properties":{"id":65,"trees":0,"canopy":5,"park_dist":1139,"pass_trees":false,"pass_canopy":false,"pass_dist":false,"score":0,"mock":true}},{"type":"Feature","id":66,"geometry":{"type":"Polygon","coordinates":[[[71.306,51.12938],[71.312,51.12938],[71.312,51.13316],[71.306,51.13316],[71.306,51.12938]]]},"properties":{"id":66,"trees":1,"canopy":10,"park_dist":1035,"pass_trees":false,"pass_canopy":false,"pass_dist":false,"score":0,"mock":true}},{"type":"Feature","id":67,"geometry":{"type":"Polygon","coordinates":[[[71.306,51.13316],[71.312,51.13316],[71.312,51.13694],[71.306,51.13694],[71.306,51.13316]]]},"properties":{"id":67,"trees":1,"canopy":10,"park_dist":983,"pass_trees":false,"pass_canopy":false,"pass_dist":false,"score":0,"mock":true}},{"type":"Feature","id":68,"geometry":{"type":"Polygon","coordinates":[[[71.306,51.13694],[71.312,51.13694],[71.312,51.14072],[71.306,51.14072],[71.306,51.13694]]]},"properties":{"id":68,"trees":1,"canopy":6,"park_dist":1008,"pass_trees":false,"pass_canopy":false,"pass_dist":false,"score":0,"mock":true}},{"type":"Feature","id":69,"geometry":{"type":"Polygon","coordinates":[[[71.306,51.14072],[71.312,51.14072],[71.312,51.1445],[71.306,51.1445],[71.306,51.14072]]]},"properties":{"id":69,"trees":1,"canopy":9,"park_dist":963,"pass_trees":false,"pass_canopy":false,"pass_dist":false,"score":0,"mock":true}},{"type":"Feature","id":70,"geometry":{"type":"Polygon","coordinates":[[[71.306,51.1445],[71.312,51.1445],[71.312,51.14828],[71.306,51.14828],[71.306,51.1445]]]},"properties":{"id":70,"trees":1,"canopy":7,"park_dist":1018,"pass_trees":false,"pass_canopy":false,"pass_dist":false,"score":0,"mock":true}},{"type":"Feature","id":71,"geometry":{"type":"Polygon","coordinates":[[[71.306,51.14828],[71.312,51.14828],[71.312,51.15206],[71.306,51.15206],[71.306,51.14828]]]},"properties":{"id":71,"trees":2,"canopy":13,"park_dist":901,"pass_trees":false,"pass_canopy":false,"pass_dist":false,"score":0,"mock":true}},{"type":"Feature","id":72,"geometry":{"type":"Polygon","coordinates":[[[71.306,51.15206],[71.312,51.15206],[71.312,51.15584],[71.306,51.15584],[71.306,51.15206]]]},"properties":{"id":72,"trees":1,"canopy":9,"park_dist":878,"pass_trees":false,"pass_canopy":false,"pass_dist":false,"score":0,"mock":true}},{"type":"Feature","id":73,"geometry":{"type":"Polygon","coordinates":[[[71.306,51.15584],[71.312,51.15584],[71.312,51.15962],[71.306,51.15962],[71.306,51.15584]]]},"properties":{"id":73,"trees":2,"canopy":10,"park_dist":901,"pass_trees":false,"pass_canopy":false,"pass_dist":false,"score":0,"mock":true}},{"type":"Feature","id":74,"geometry":{"type":"Polygon","coordinates":[[[71.306,51.15962],[71.312,51.15962],[71.312,51.1634],[71.306,51.1634],[71.306,51.15962]]]},"properties":{"id":74,"trees":2,"canopy":9,"park_dist":957,"pass_trees":false,"pass_canopy":false,"pass_dist":false,"score":0,"mock":true}},{"type":"Feature","id":75,"geometry":{"type":"Polygon","coordinates":[[[71.306,51.1634],[71.312,51.1634],[71.312,51.16718],[71.306,51.16718],[71.306,51.1634]]]},"properties":{"id":75,"trees":3,"canopy":11,"park_dist":905,"pass_trees":true,"pass_canopy":false,"pass_dist":false,"score":1,"mock":true}},{"type":"Feature","id":76,"geometry":{"type":"Polygon","coordinates":[[[71.306,51.16718],[71.312,51.16718],[71.312,51.17096],[71.306,51.17096],[71.306,51.16718]]]},"properties":{"id":76,"trees":2,"canopy":15,"park_dist":853,"pass_trees":false,"pass_canopy":false,"pass_dist":false,"score":0,"mock":true}},{"type":"Feature","id":77,"geometry":{"type":"Polygon","coordinates":[[[71.306,51.17096],[71.312,51.17096],[71.312,51.17474],[71.306,51.17474],[71.306,51.17096]]]},"properties":{"id":77,"trees":2,"canopy":14,"park_dist":902,"pass_trees":false,"pass_canopy":false,"pass_dist":false,"score":0,"mock":true}},{"type":"Feature","id":78,"geometry":{"type":"Polygon","coordinates":[[[71.306,51.17474],[71.312,51.17474],[71.312,51.17852],[71.306,51.17852],[71.306,51.17474]]]},"properties":{"id":78,"trees":1,"canopy":11,"park_dist":920,"pass_trees":false,"pass_canopy":false,"pass_dist":false,"score":0,"mock":true}},{"type":"Feature","id":79,"geometry":{"type":"Polygon","coordinates":[[[71.306,51.17852],[71.312,51.17852],[71.312,51.1823],[71.306,51.1823],[71.306,51.17852]]]},"properties":{"id":79,"trees":2,"canopy":5,"park_dist":995,"pass_trees":false,"pass_canopy":false,"pass_dist":false,"score":0,"mock":true}},{"type":"Feature","id":80,"geometry":{"type":"Polygon","coordinates":[[[71.306,51.1823],[71.312,51.1823],[71.312,51.18608],[71.306,51.18608],[71.306,51.1823]]]},"properties":{"id":80,"trees":2,"canopy":5,"park_dist":975,"pass_trees":false,"pass_canopy":false,"pass_dist":false,"score":0,"mock":true}},{"type":"Feature","id":81,"geometry":{"type":"Polygon","coordinates":[[[71.306,51.18608],[71.312,51.18608],[71.312,51.18986],[71.306,51.18986],[71.306,51.18608]]]},"properties":{"id":81,"trees":2,"canopy":12,"park_dist":940,"pass_trees":false,"pass_canopy":false,"pass_dist":false,"score":0,"mock":true}},{"type":"Feature","id":82,"geometry":{"type":"Polygon","coordinates":[[[71.306,51.18986],[71.312,51.18986],[71.312,51.19364],[71.306,51.19364],[71.306,51.18986]]]},"properties":{"id":82,"trees":2,"canopy":16,"park_dist":769,"pass_trees":false,"pass_canopy":false,"pass_dist":false,"score":0,"mock":true}},{"type":"Feature","id":83,"geometry":{"type":"Polygon","coordinates":[[[71.306,51.19364],[71.312,51.19364],[71.312,51.19742],[71.306,51.19742],[71.306,51.19364]]]},"properties":{"id":83,"trees":2,"canopy":11,"park_dist":985,"pass_trees":false,"pass_canopy":false,"pass_dist":false,"score":0,"mock":true}},{"type":"Feature","id":84,"geometry":{"type":"Polygon","coordinates":[[[71.306,51.19742],[71.312,51.19742],[71.312,51.2012],[71.306,51.2012],[71.306,51.19742]]]},"properties":{"id":84,"trees":4,"canopy":12,"park_dist":795,"pass_trees":true,"pass_canopy":false,"pass_dist":false,"score":1,"mock":true}},{"type":"Feature","id":85,"geometry":{"type":"Polygon","coordinates":[[[71.306,51.2012],[71.312,51.2012],[71.312,51.20498],[71.306,51.20498],[71.306,51.2012]]]},"properties":{"id":85,"trees":3,"canopy":8,"park_dist":878,"pass_trees":true,"pass_canopy":false,"pass_dist":false,"score":1,"mock":true}},{"type":"Feature","id":86,"geometry":{"type":"Polygon","coordinates":[[[71.306,51.20498],[71.312,51.20498],[71.312,51.20876],[71.306,51.20876],[71.306,51.20498]]]},"properties":{"id":86,"trees":2,"canopy":14,"park_dist":941,"pass_trees":false,"pass_canopy":false,"pass_dist":false,"score":0,"mock":true}},{"type":"Feature","id":87,"geometry":{"type":"Polygon","coordinates":[[[71.306,51.20876],[71.312,51.20876],[71.312,51.21254],[71.306,51.21254],[71.306,51.20876]]]},"properties":{"id":87,"trees":2,"canopy":11,"park_dist":802,"pass_trees":false,"pass_canopy":false,"pass_dist":false,"score":0,"mock":true}},{"type":"Feature","id":88,"geometry":{"type":"Polygon","coordinates":[[[71.306,51.21254],[71.312,51.21254],[71.312,51.21632],[71.306,51.21632],[71.306,51.21254]]]},"properties":{"id":88,"trees":3,"canopy":16,"park_dist":871,"pass_trees":true,"pass_canopy":false,"pass_dist":false,"score":1,"mock":true}},{"type":"Feature","id":89,"geometry":{"type":"Polygon","coordinates":[[[71.306,51.21632],[71.312,51.21632],[71.312,51.2201],[71.306,51.2201],[71.306,51.21632]]]},"properties":{"id":89,"trees":3,"canopy":15,"park_dist":847,"pass_trees":true,"pass_canopy":false,"pass_dist":false,"score":1,"mock":true}},{"type":"Feature","id":90,"geometry":{"type":"Polygon","coordinates":[[[71.312,51.05],[71.318,51.05],[71.318,51.05378],[71.312,51.05378],[71.312,51.05]]]},"properties":{"id":90,"trees":1,"canopy":9,"park_dist":1098,"pass_trees":false,"pass_canopy":false,"pass_dist":false,"score":0,"mock":true}},{"type":"Feature","id":91,"geometry":{"type":"Polygon","coordinates":[[[71.312,51.05378],[71.318,51.05378],[71.318,51.05756],[71.312,51.05756],[71.312,51.05378]]]},"properties":{"id":91,"trees":1,"canopy":1,"park_dist":1016,"pass_trees":false,"pass_canopy":false,"pass_dist":false,"score":0,"mock":true}},{"type":"Feature","id":92,"geometry":{"type":"Polygon","coordinates":[[[71.312,51.05756],[71.318,51.05756],[71.318,51.06134],[71.312,51.06134],[71.312,51.05756]]]},"properties":{"id":92,"trees":1,"canopy":4,"park_dist":1085,"pass_trees":false,"pass_canopy":false,"pass_dist":false,"score":0,"mock":true}},{"type":"Feature","id":93,"geometry":{"type":"Polygon","coordinates":[[[71.312,51.06134],[71.318,51.06134],[71.318,51.06512],[71.312,51.06512],[71.312,51.06134]]]},"properties":{"id":93,"trees":0,"canopy":1,"park_dist":1159,"pass_trees":false,"pass_canopy":false,"pass_dist":false,"score":0,"mock":true}},{"type":"Feature","id":94,"geometry":{"type":"Polygon","coordinates":[[[71.312,51.06512],[71.318,51.06512],[71.318,51.0689],[71.312,51.0689],[71.312,51.06512]]]},"properties":{"id":94,"trees":0,"canopy":1,"park_dist":1155,"pass_trees":false,"pass_canopy":false,"pass_dist":false,"score":0,"mock":true}},{"type":"Feature","id":95,"geometry":{"type":"Polygon","coordinates":[[[71.312,51.0689],[71.318,51.0689],[71.318,51.07268],[71.312,51.07268],[71.312,51.0689]]]},"properties":{"id":95,"trees":0,"canopy":3,"park_dist":1254,"pass_trees":false,"pass_canopy":false,"pass_dist":false,"score":0,"mock":true}},{"type":"Feature","id":96,"geometry":{"type":"Polygon","coordinates":[[[71.312,51.07268],[71.318,51.07268],[71.318,51.07646],[71.312,51.07646],[71.312,51.07268]]]},"properties":{"id":96,"trees":0,"canopy":1,"park_dist":1205,"pass_trees":false,"pass_canopy":false,"pass_dist":false,"score":0,"mock":true}},{"type":"Feature","id":97,"geometry":{"type":"Polygon","coordinates":[[[71.312,51.07646],[71.318,51.07646],[71.318,51.08024],[71.312,51.08024],[71.312,51.07646]]]},"properties":{"id":97,"trees":0,"canopy":1,"park_dist":1156,"pass_trees":false,"pass_canopy":false,"pass_dist":false,"score":0,"mock":true}},{"type":"Feature","id":98,"geometry":{"type":"Polygon","coordinates":[[[71.312,51.08024],[71.318,51.08024],[71.318,51.08402],[71.312,51.08402],[71.312,51.08024]]]},"properties":{"id":98,"trees":0,"canopy":1,"park_dist":1237,"pass_trees":false,"pass_canopy":false,"pass_dist":false,"score":0,"mock":true}},{"type":"Feature","id":99,"geometry":{"type":"Polygon","coordinates":[[[71.312,51.08402],[71.318,51.08402],[71.318,51.0878],[71.312,51.0878],[71.312,51.08402]]]},"properties":{"id":99,"trees":0,"canopy":1,"park_dist":1218,"pass_trees":false,"pass_canopy":false,"pass_dist":false,"score":0,"mock":true}},{"type":"Feature","id":100,"geometry":{"type":"Polygon","coordinates":[[[71.312,51.0878],[71.318,51.0878],[71.318,51.09158],[71.312,51.09158],[71.312,51.0878]]]},"properties":{"id":100,"trees":0,"canopy":1,"park_dist":1191,"pass_trees":false,"pass_canopy":false,"pass_dist":false,"score":0,"mock":true}},{"type":"Feature","id":101,"geometry":{"type":"Polygon","coordinates":[[[71.312,51.09158],[71.318,51.09158],[71.318,51.09536],[71.312,51.09536],[71.312,51.09158]]]},"properties":{"id":101,"trees":0,"canopy":4,"park_dist":1186,"pass_trees":false,"pass_canopy":false,"pass_dist":false,"score":0,"mock":true}},{"type":"Feature","id":102,"geometry":{"type":"Polygon","coordinates":[[[71.312,51.09536],[71.318,51.09536],[71.318,51.09914],[71.312,51.09914],[71.312,51.09536]]]},"properties":{"id":102,"trees":0,"canopy":1,"park_dist":1185,"pass_trees":false,"pass_canopy":false,"pass_dist":false,"score":0,"mock":true}},{"type":"Feature","id":103,"geometry":{"type":"Polygon","coordinates":[[[71.312,51.09914],[71.318,51.09914],[71.318,51.10292],[71.312,51.10292],[71.312,51.09914]]]},"properties":{"id":103,"trees":0,"canopy":3,"park_dist":1242,"pass_trees":false,"pass_canopy":false,"pass_dist":false,"score":0,"mock":true}},{"type":"Feature","id":104,"geometry":{"type":"Polygon","coordinates":[[[71.312,51.10292],[71.318,51.10292],[71.318,51.1067],[71.312,51.1067],[71.312,51.10292]]]},"properties":{"id":104,"trees":0,"canopy":1,"park_dist":1155,"pass_trees":false,"pass_canopy":false,"pass_dist":false,"score":0,"mock":true}},{"type":"Feature","id":105,"geometry":{"type":"Polygon","coordinates":[[[71.312,51.1067],[71.318,51.1067],[71.318,51.11048],[71.312,51.11048],[71.312,51.1067]]]},"properties":{"id":105,"trees":1,"canopy":1,"park_dist":1214,"pass_trees":false,"pass_canopy":false,"pass_dist":false,"score":0,"mock":true}},{"type":"Feature","id":106,"geometry":{"type":"Polygon","coordinates":[[[71.312,51.11048],[71.318,51.11048],[71.318,51.11426],[71.312,51.11426],[71.312,51.11048]]]},"properties":{"id":106,"trees":0,"canopy":1,"park_dist":1183,"pass_trees":false,"pass_canopy":false,"pass_dist":false,"score":0,"mock":true}},{"type":"Feature","id":107,"geometry":{"type":"Polygon","coordinates":[[[71.312,51.11426],[71.318,51.11426],[71.318,51.11804],[71.312,51.11804],[71.312,51.11426]]]},"properties":{"id":107,"trees":0,"canopy":1,"park_dist":1150,"pass_trees":false,"pass_canopy":false,"pass_dist":false,"score":0,"mock":true}},{"type":"Feature","id":108,"geometry":{"type":"Polygon","coordinates":[[[71.312,51.11804],[71.318,51.11804],[71.318,51.12182],[71.312,51.12182],[71.312,51.11804]]]},"properties":{"id":108,"trees":0,"canopy":1,"park_dist":1213,"pass_trees":false,"pass_canopy":false,"pass_dist":false,"score":0,"mock":true}},{"type":"Feature","id":109,"geometry":{"type":"Polygon","coordinates":[[[71.312,51.12182],[71.318,51.12182],[71.318,51.1256],[71.312,51.1256],[71.312,51.12182]]]},"properties":{"id":109,"trees":0,"canopy":4,"park_dist":1221,"pass_trees":false,"pass_canopy":false,"pass_dist":false,"score":0,"mock":true}},{"type":"Feature","id":110,"geometry":{"type":"Polygon","coordinates":[[[71.312,51.1256],[71.318,51.1256],[71.318,51.12938],[71.312,51.12938],[71.312,51.1256]]]},"properties":{"id":110,"trees":0,"canopy":4,"park_dist":1180,"pass_trees":false,"pass_canopy":false,"pass_dist":false,"score":0,"mock":true}},{"type":"Feature","id":111,"geometry":{"type":"Polygon","coordinates":[[[71.312,51.12938],[71.318,51.12938],[71.318,51.13316],[71.312,51.13316],[71.312,51.12938]]]},"properties":{"id":111,"trees":0,"canopy":6,"park_dist":1088,"pass_trees":false,"pass_canopy":false,"pass_dist":false,"score":0,"mock":true}},{"type":"Feature","id":112,"geometry":{"type":"Polygon","coordinates":[[[71.312,51.13316],[71.318,51.13316],[71.318,51.13694],[71.312,51.13694],[71.312,51.13316]]]},"properties":{"id":112,"trees":1,"canopy":3,"park_dist":1065,"pass_trees":false,"pass_canopy":false,"pass_dist":false,"score":0,"mock":true}},{"type":"Feature","id":113,"geometry":{"type":"Polygon","coordinates":[[[71.312,51.13694],[71.318,51.13694],[71.318,51.14072],[71.312,51.14072],[71.312,51.13694]]]},"properties":{"id":113,"trees":2,"canopy":5,"park_dist":1001,"pass_trees":false,"pass_canopy":false,"pass_dist":false,"score":0,"mock":true}},{"type":"Feature","id":114,"geometry":{"type":"Polygon","coordinates":[[[71.312,51.14072],[71.318,51.14072],[71.318,51.1445],[71.312,51.1445],[71.312,51.14072]]]},"properties":{"id":114,"trees":1,"canopy":9,"park_dist":1010,"pass_trees":false,"pass_canopy":false,"pass_dist":false,"score":0,"mock":true}},{"type":"Feature","id":115,"geometry":{"type":"Polygon","coordinates":[[[71.312,51.1445],[71.318,51.1445],[71.318,51.14828],[71.312,51.14828],[71.312,51.1445]]]},"properties":{"id":115,"trees":2,"canopy":6,"park_dist":1115,"pass_trees":false,"pass_canopy":false,"pass_dist":false,"score":0,"mock":true}},{"type":"Feature","id":116,"geometry":{"type":"Polygon","coordinates":[[[71.312,51.14828],[71.318,51.14828],[71.318,51.15206],[71.312,51.15206],[71.312,51.14828]]]},"properties":{"id":116,"trees":2,"canopy":13,"park_dist":868,"pass_trees":false,"pass_canopy":false,"pass_dist":false,"score":0,"mock":true}},{"type":"Feature","id":117,"geometry":{"type":"Polygon","coordinates":[[[71.312,51.15206],[71.318,51.15206],[71.318,51.15584],[71.312,51.15584],[71.312,51.15206]]]},"properties":{"id":117,"trees":2,"canopy":9,"park_dist":939,"pass_trees":false,"pass_canopy":false,"pass_dist":false,"score":0,"mock":true}},{"type":"Feature","id":118,"geometry":{"type":"Polygon","coordinates":[[[71.312,51.15584],[71.318,51.15584],[71.318,51.15962],[71.312,51.15962],[71.312,51.15584]]]},"properties":{"id":118,"trees":1,"canopy":8,"park_dist":967,"pass_trees":false,"pass_canopy":false,"pass_dist":false,"score":0,"mock":true}},{"type":"Feature","id":119,"geometry":{"type":"Polygon","coordinates":[[[71.312,51.15962],[71.318,51.15962],[71.318,51.1634],[71.312,51.1634],[71.312,51.15962]]]},"properties":{"id":119,"trees":2,"canopy":8,"park_dist":996,"pass_trees":false,"pass_canopy":false,"pass_dist":false,"score":0,"mock":true}},{"type":"Feature","id":120,"geometry":{"type":"Polygon","coordinates":[[[71.312,51.1634],[71.318,51.1634],[71.318,51.16718],[71.312,51.16718],[71.312,51.1634]]]},"properties":{"id":120,"trees":2,"canopy":12,"park_dist":900,"pass_trees":false,"pass_canopy":false,"pass_dist":false,"score":0,"mock":true}},{"type":"Feature","id":121,"geometry":{"type":"Polygon","coordinates":[[[71.312,51.16718],[71.318,51.16718],[71.318,51.17096],[71.312,51.17096],[71.312,51.16718]]]},"properties":{"id":121,"trees":1,"canopy":7,"park_dist":1130,"pass_trees":false,"pass_canopy":false,"pass_dist":false,"score":0,"mock":true}},{"type":"Feature","id":122,"geometry":{"type":"Polygon","coordinates":[[[71.312,51.17096],[71.318,51.17096],[71.318,51.17474],[71.312,51.17474],[71.312,51.17096]]]},"properties":{"id":122,"trees":2,"canopy":10,"park_dist":961,"pass_trees":false,"pass_canopy":false,"pass_dist":false,"score":0,"mock":true}},{"type":"Feature","id":123,"geometry":{"type":"Polygon","coordinates":[[[71.312,51.17474],[71.318,51.17474],[71.318,51.17852],[71.312,51.17852],[71.312,51.17474]]]},"properties":{"id":123,"trees":1,"canopy":7,"park_dist":979,"pass_trees":false,"pass_canopy":false,"pass_dist":false,"score":0,"mock":true}},{"type":"Feature","id":124,"geometry":{"type":"Polygon","coordinates":[[[71.312,51.17852],[71.318,51.17852],[71.318,51.1823],[71.312,51.1823],[71.312,51.17852]]]},"properties":{"id":124,"trees":1,"canopy":8,"park_dist":1040,"pass_trees":false,"pass_canopy":false,"pass_dist":false,"score":0,"mock":true}},{"type":"Feature","id":125,"geometry":{"type":"Polygon","coordinates":[[[71.312,51.1823],[71.318,51.1823],[71.318,51.18608],[71.312,51.18608],[71.312,51.1823]]]},"properties":{"id":125,"trees":2,"canopy":8,"park_dist":1032,"pass_trees":false,"pass_canopy":false,"pass_dist":false,"score":0,"mock":true}},{"type":"Feature","id":126,"geometry":{"type":"Polygon","coordinates":[[[71.312,51.18608],[71.318,51.18608],[71.318,51.18986],[71.312,51.18986],[71.312,51.18608]]]},"properties":{"id":126,"trees":2,"canopy":8,"park_dist":1000,"pass_trees":false,"pass_canopy":false,"pass_dist":false,"score":0,"mock":true}},{"type":"Feature","id":127,"geometry":{"type":"Polygon","coordinates":[[[71.312,51.18986],[71.318,51.18986],[71.318,51.19364],[71.312,51.19364],[71.312,51.18986]]]},"properties":{"id":127,"trees":2,"canopy":13,"park_dist":908,"pass_trees":false,"pass_canopy":false,"pass_dist":false,"score":0,"mock":true}},{"type":"Feature","id":128,"geometry":{"type":"Polygon","coordinates":[[[71.312,51.19364],[71.318,51.19364],[71.318,51.19742],[71.312,51.19742],[71.312,51.19364]]]},"properties":{"id":128,"trees":2,"canopy":11,"park_dist":981,"pass_trees":false,"pass_canopy":false,"pass_dist":false,"score":0,"mock":true}},{"type":"Feature","id":129,"geometry":{"type":"Polygon","coordinates":[[[71.312,51.19742],[71.318,51.19742],[71.318,51.2012],[71.312,51.2012],[71.312,51.19742]]]},"properties":{"id":129,"trees":1,"canopy":10,"park_dist":872,"pass_trees":false,"pass_canopy":false,"pass_dist":false,"score":0,"mock":true}},{"type":"Feature","id":130,"geometry":{"type":"Polygon","coordinates":[[[71.312,51.2012],[71.318,51.2012],[71.318,51.20498],[71.312,51.20498],[71.312,51.2012]]]},"properties":{"id":130,"trees":2,"canopy":11,"park_dist":912,"pass_trees":false,"pass_canopy":false,"pass_dist":false,"score":0,"mock":true}},{"type":"Feature","id":131,"geometry":{"type":"Polygon","coordinates":[[[71.312,51.20498],[71.318,51.20498],[71.318,51.20876],[71.312,51.20876],[71.312,51.20498]]]},"properties":{"id":131,"trees":2,"canopy":7,"park_dist":963,"pass_trees":false,"pass_canopy":false,"pass_dist":false,"score":0,"mock":true}},{"type":"Feature","id":132,"geometry":{"type":"Polygon","coordinates":[[[71.312,51.20876],[71.318,51.20876],[71.318,51.21254],[71.312,51.21254],[71.312,51.20876]]]},"properties":{"id":132,"trees":2,"canopy":12,"park_dist":1002,"pass_trees":false,"pass_canopy":false,"pass_dist":false,"score":0,"mock":true}},{"type":"Feature","id":133,"geometry":{"type":"Polygon","coordinates":[[[71.312,51.21254],[71.318,51.21254],[71.318,51.21632],[71.312,51.21632],[71.312,51.21254]]]},"properties":{"id":133,"trees":1,"canopy":13,"park_dist":978,"pass_trees":false,"pass_canopy":false,"pass_dist":false,"score":0,"mock":true}},{"type":"Feature","id":134,"geometry":{"type":"Polygon","coordinates":[[[71.312,51.21632],[71.318,51.21632],[71.318,51.2201],[71.312,51.2201],[71.312,51.21632]]]},"properties":{"id":134,"trees":2,"canopy":10,"park_dist":886,"pass_trees":false,"pass_canopy":false,"pass_dist":false,"score":0,"mock":true}},{"type":"Feature","id":135,"geometry":{"type":"Polygon","coordinates":[[[71.318,51.05],[71.324,51.05],[71.324,51.05378],[71.318,51.05378],[71.318,51.05]]]},"properties":{"id":135,"trees":0,"canopy":3,"park_dist":1190,"pass_trees":false,"pass_canopy":false,"pass_dist":false,"score":0,"mock":true}},{"type":"Feature","id":136,"geometry":{"type":"Polygon","coordinates":[[[71.318,51.05378],[71.324,51.05378],[71.324,51.05756],[71.318,51.05756],[71.318,51.05378]]]},"properties":{"id":136,"trees":0,"canopy":1,"park_dist":1198,"pass_trees":false,"pass_canopy":false,"pass_dist":false,"score":0,"mock":true}},{"type":"Feature","id":137,"geometry":{"type":"Polygon","coordinates":[[[71.318,51.05756],[71.324,51.05756],[71.324,51.06134],[71.318,51.06134],[71.318,51.05756]]]},"properties":{"id":137,"trees":0,"canopy":1,"park_dist":1206,"pass_trees":false,"pass_canopy":false,"pass_dist":false,"score":0,"mock":true}},{"type":"Feature","id":138,"geometry":{"type":"Polygon","coordinates":[[[71.318,51.06134],[71.324,51.06134],[71.324,51.06512],[71.318,51.06512],[71.318,51.06134]]]},"properties":{"id":138,"trees":0,"canopy":1,"park_dist":1186,"pass_trees":false,"pass_canopy":false,"pass_dist":false,"score":0,"mock":true}},{"type":"Feature","id":139,"geometry":{"type":"Polygon","coordinates":[[[71.318,51.06512],[71.324,51.06512],[71.324,51.0689],[71.318,51.0689],[71.318,51.06512]]]},"properties":{"id":139,"trees":0,"canopy":4,"park_dist":1218,"pass_trees":false,"pass_canopy":false,"pass_dist":false,"score":0,"mock":true}},{"type":"Feature","id":140,"geometry":{"type":"Polygon","coordinates":[[[71.318,51.0689],[71.324,51.0689],[71.324,51.07268],[71.318,51.07268],[71.318,51.0689]]]},"properties":{"id":140,"trees":0,"canopy":1,"park_dist":1233,"pass_trees":false,"pass_canopy":false,"pass_dist":false,"score":0,"mock":true}},{"type":"Feature","id":141,"geometry":{"type":"Polygon","coordinates":[[[71.318,51.07268],[71.324,51.07268],[71.324,51.07646],[71.318,51.07646],[71.318,51.07268]]]},"properties":{"id":141,"trees":0,"canopy":4,"park_dist":1169,"pass_trees":false,"pass_canopy":false,"pass_dist":false,"score":0,"mock":true}},{"type":"Feature","id":142,"geometry":{"type":"Polygon","coordinates":[[[71.318,51.07646],[71.324,51.07646],[71.324,51.08024],[71.318,51.08024],[71.318,51.07646]]]},"properties":{"id":142,"trees":0,"canopy":1,"park_dist":1192,"pass_trees":false,"pass_canopy":false,"pass_dist":false,"score":0,"mock":true}},{"type":"Feature","id":143,"geometry":{"type":"Polygon","coordinates":[[[71.318,51.08024],[71.324,51.08024],[71.324,51.08402],[71.318,51.08402],[71.318,51.08024]]]},"properties":{"id":143,"trees":0,"canopy":1,"park_dist":1198,"pass_trees":false,"pass_canopy":false,"pass_dist":false,"score":0,"mock":true}},{"type":"Feature","id":144,"geometry":{"type":"Polygon","coordinates":[[[71.318,51.08402],[71.324,51.08402],[71.324,51.0878],[71.318,51.0878],[71.318,51.08402]]]},"properties":{"id":144,"trees":1,"canopy":1,"park_dist":1202,"pass_trees":false,"pass_canopy":false,"pass_dist":false,"score":0,"mock":true}},{"type":"Feature","id":145,"geometry":{"type":"Polygon","coordinates":[[[71.318,51.0878],[71.324,51.0878],[71.324,51.09158],[71.318,51.09158],[71.318,51.0878]]]},"properties":{"id":145,"trees":0,"canopy":1,"park_dist":1249,"pass_trees":false,"pass_canopy":false,"pass_dist":false,"score":0,"mock":true}},{"type":"Feature","id":146,"geometry":{"type":"Polygon","coordinates":[[[71.318,51.09158],[71.324,51.09158],[71.324,51.09536],[71.318,51.09536],[71.318,51.09158]]]},"properties":{"id":146,"trees":0,"canopy":1,"park_dist":1178,"pass_trees":false,"pass_canopy":false,"pass_dist":false,"score":0,"mock":true}},{"type":"Feature","id":147,"geometry":{"type":"Polygon","coordinates":[[[71.318,51.09536],[71.324,51.09536],[71.324,51.09914],[71.318,51.09914],[71.318,51.09536]]]},"properties":{"id":147,"trees":0,"canopy":1,"park_dist":1163,"pass_trees":false,"pass_canopy":false,"pass_dist":false,"score":0,"mock":true}},{"type":"Feature","id":148,"geometry":{"type":"Polygon","coordinates":[[[71.318,51.09914],[71.324,51.09914],[71.324,51.10292],[71.318,51.10292],[71.318,51.09914]]]},"properties":{"id":148,"trees":0,"canopy":1,"park_dist":1267,"pass_trees":false,"pass_canopy":false,"pass_dist":false,"score":0,"mock":true}},{"type":"Feature","id":149,"geometry":{"type":"Polygon","coordinates":[[[71.318,51.10292],[71.324,51.10292],[71.324,51.1067],[71.318,51.1067],[71.318,51.10292]]]},"properties":{"id":149,"trees":0,"canopy":3,"park_dist":1149,"pass_trees":false,"pass_canopy":false,"pass_dist":false,"score":0,"mock":true}},{"type":"Feature","id":150,"geometry":{"type":"Polygon","coordinates":[[[71.318,51.1067],[71.324,51.1067],[71.324,51.11048],[71.318,51.11048],[71.318,51.1067]]]},"properties":{"id":150,"trees":0,"canopy":1,"park_dist":1191,"pass_trees":false,"pass_canopy":false,"pass_dist":false,"score":0,"mock":true}},{"type":"Feature","id":151,"geometry":{"type":"Polygon","coordinates":[[[71.318,51.11048],[71.324,51.11048],[71.324,51.11426],[71.318,51.11426],[71.318,51.11048]]]},"properties":{"id":151,"trees":0,"canopy":1,"park_dist":1331,"pass_trees":false,"pass_canopy":false,"pass_dist":false,"score":0,"mock":true}},{"type":"Feature","id":152,"geometry":{"type":"Polygon","coordinates":[[[71.318,51.11426],[71.324,51.11426],[71.324,51.11804],[71.318,51.11804],[71.318,51.11426]]]},"properties":{"id":152,"trees":0,"canopy":1,"park_dist":1240,"pass_trees":false,"pass_canopy":false,"pass_dist":false,"score":0,"mock":true}},{"type":"Feature","id":153,"geometry":{"type":"Polygon","coordinates":[[[71.318,51.11804],[71.324,51.11804],[71.324,51.12182],[71.318,51.12182],[71.318,51.11804]]]},"properties":{"id":153,"trees":0,"canopy":1,"park_dist":1180,"pass_trees":false,"pass_canopy":false,"pass_dist":false,"score":0,"mock":true}},{"type":"Feature","id":154,"geometry":{"type":"Polygon","coordinates":[[[71.318,51.12182],[71.324,51.12182],[71.324,51.1256],[71.318,51.1256],[71.318,51.12182]]]},"properties":{"id":154,"trees":0,"canopy":1,"park_dist":1254,"pass_trees":false,"pass_canopy":false,"pass_dist":false,"score":0,"mock":true}},{"type":"Feature","id":155,"geometry":{"type":"Polygon","coordinates":[[[71.318,51.1256],[71.324,51.1256],[71.324,51.12938],[71.318,51.12938],[71.318,51.1256]]]},"properties":{"id":155,"trees":1,"canopy":5,"park_dist":1100,"pass_trees":false,"pass_canopy":false,"pass_dist":false,"score":0,"mock":true}},{"type":"Feature","id":156,"geometry":{"type":"Polygon","coordinates":[[[71.318,51.12938],[71.324,51.12938],[71.324,51.13316],[71.318,51.13316],[71.318,51.12938]]]},"properties":{"id":156,"trees":1,"canopy":7,"park_dist":1113,"pass_trees":false,"pass_canopy":false,"pass_dist":false,"score":0,"mock":true}},{"type":"Feature","id":157,"geometry":{"type":"Polygon","coordinates":[[[71.318,51.13316],[71.324,51.13316],[71.324,51.13694],[71.318,51.13694],[71.318,51.13316]]]},"properties":{"id":157,"trees":0,"canopy":7,"park_dist":1034,"pass_trees":false,"pass_canopy":false,"pass_dist":false,"score":0,"mock":true}},{"type":"Feature","id":158,"geometry":{"type":"Polygon","coordinates":[[[71.318,51.13694],[71.324,51.13694],[71.324,51.14072],[71.318,51.14072],[71.318,51.13694]]]},"properties":{"id":158,"trees":2,"canopy":7,"park_dist":1039,"pass_trees":false,"pass_canopy":false,"pass_dist":false,"score":0,"mock":true}},{"type":"Feature","id":159,"geometry":{"type":"Polygon","coordinates":[[[71.318,51.14072],[71.324,51.14072],[71.324,51.1445],[71.318,51.1445],[71.318,51.14072]]]},"properties":{"id":159,"trees":1,"canopy":6,"park_dist":1057,"pass_trees":false,"pass_canopy":false,"pass_dist":false,"score":0,"mock":true}},{"type":"Feature","id":160,"geometry":{"type":"Polygon","coordinates":[[[71.318,51.1445],[71.324,51.1445],[71.324,51.14828],[71.318,51.14828],[71.318,51.1445]]]},"properties":{"id":160,"trees":1,"canopy":4,"park_dist":1046,"pass_trees":false,"pass_canopy":false,"pass_dist":false,"score":0,"mock":true}},{"type":"Feature","id":161,"geometry":{"type":"Polygon","coordinates":[[[71.318,51.14828],[71.324,51.14828],[71.324,51.15206],[71.318,51.15206],[71.318,51.14828]]]},"properties":{"id":161,"trees":1,"canopy":9,"park_dist":927,"pass_trees":false,"pass_canopy":false,"pass_dist":false,"score":0,"mock":true}},{"type":"Feature","id":162,"geometry":{"type":"Polygon","coordinates":[[[71.318,51.15206],[71.324,51.15206],[71.324,51.15584],[71.318,51.15584],[71.318,51.15206]]]},"properties":{"id":162,"trees":2,"canopy":13,"park_dist":900,"pass_trees":false,"pass_canopy":false,"pass_dist":false,"score":0,"mock":true}},{"type":"Feature","id":163,"geometry":{"type":"Polygon","coordinates":[[[71.318,51.15584],[71.324,51.15584],[71.324,51.15962],[71.318,51.15962],[71.318,51.15584]]]},"properties":{"id":163,"trees":2,"canopy":10,"park_dist":978,"pass_trees":false,"pass_canopy":false,"pass_dist":false,"score":0,"mock":true}},{"type":"Feature","id":164,"geometry":{"type":"Polygon","coordinates":[[[71.318,51.15962],[71.324,51.15962],[71.324,51.1634],[71.318,51.1634],[71.318,51.15962]]]},"properties":{"id":164,"trees":1,"canopy":5,"park_dist":982,"pass_trees":false,"pass_canopy":false,"pass_dist":false,"score":0,"mock":true}},{"type":"Feature","id":165,"geometry":{"type":"Polygon","coordinates":[[[71.318,51.1634],[71.324,51.1634],[71.324,51.16718],[71.318,51.16718],[71.318,51.1634]]]},"properties":{"id":165,"trees":2,"canopy":10,"park_dist":964,"pass_trees":false,"pass_canopy":false,"pass_dist":false,"score":0,"mock":true}},{"type":"Feature","id":166,"geometry":{"type":"Polygon","coordinates":[[[71.318,51.16718],[71.324,51.16718],[71.324,51.17096],[71.318,51.17096],[71.318,51.16718]]]},"properties":{"id":166,"trees":1,"canopy":9,"park_dist":948,"pass_trees":false,"pass_canopy":false,"pass_dist":false,"score":0,"mock":true}},{"type":"Feature","id":167,"geometry":{"type":"Polygon","coordinates":[[[71.318,51.17096],[71.324,51.17096],[71.324,51.17474],[71.318,51.17474],[71.318,51.17096]]]},"properties":{"id":167,"trees":2,"canopy":8,"park_dist":1020,"pass_trees":false,"pass_canopy":false,"pass_dist":false,"score":0,"mock":true}},{"type":"Feature","id":168,"geometry":{"type":"Polygon","coordinates":[[[71.318,51.17474],[71.324,51.17474],[71.324,51.17852],[71.318,51.17852],[71.318,51.17474]]]},"properties":{"id":168,"trees":0,"canopy":5,"park_dist":1137,"pass_trees":false,"pass_canopy":false,"pass_dist":false,"score":0,"mock":true}},{"type":"Feature","id":169,"geometry":{"type":"Polygon","coordinates":[[[71.318,51.17852],[71.324,51.17852],[71.324,51.1823],[71.318,51.1823],[71.318,51.17852]]]},"properties":{"id":169,"trees":1,"canopy":6,"park_dist":1068,"pass_trees":false,"pass_canopy":false,"pass_dist":false,"score":0,"mock":true}},{"type":"Feature","id":170,"geometry":{"type":"Polygon","coordinates":[[[71.318,51.1823],[71.324,51.1823],[71.324,51.18608],[71.318,51.18608],[71.318,51.1823]]]},"properties":{"id":170,"trees":2,"canopy":4,"park_dist":1033,"pass_trees":false,"pass_canopy":false,"pass_dist":false,"score":0,"mock":true}},{"type":"Feature","id":171,"geometry":{"type":"Polygon","coordinates":[[[71.318,51.18608],[71.324,51.18608],[71.324,51.18986],[71.318,51.18986],[71.318,51.18608]]]},"properties":{"id":171,"trees":1,"canopy":6,"park_dist":1039,"pass_trees":false,"pass_canopy":false,"pass_dist":false,"score":0,"mock":true}},{"type":"Feature","id":172,"geometry":{"type":"Polygon","coordinates":[[[71.318,51.18986],[71.324,51.18986],[71.324,51.19364],[71.318,51.19364],[71.318,51.18986]]]},"properties":{"id":172,"trees":1,"canopy":9,"park_dist":1044,"pass_trees":false,"pass_canopy":false,"pass_dist":false,"score":0,"mock":true}},{"type":"Feature","id":173,"geometry":{"type":"Polygon","coordinates":[[[71.318,51.19364],[71.324,51.19364],[71.324,51.19742],[71.318,51.19742],[71.318,51.19364]]]},"properties":{"id":173,"trees":1,"canopy":5,"park_dist":970,"pass_trees":false,"pass_canopy":false,"pass_dist":false,"score":0,"mock":true}},{"type":"Feature","id":174,"geometry":{"type":"Polygon","coordinates":[[[71.318,51.19742],[71.324,51.19742],[71.324,51.2012],[71.318,51.2012],[71.318,51.19742]]]},"properties":{"id":174,"trees":2,"canopy":11,"park_dist":953,"pass_trees":false,"pass_canopy":false,"pass_dist":false,"score":0,"mock":true}},{"type":"Feature","id":175,"geometry":{"type":"Polygon","coordinates":[[[71.318,51.2012],[71.324,51.2012],[71.324,51.20498],[71.318,51.20498],[71.318,51.2012]]]},"properties":{"id":175,"trees":2,"canopy":12,"park_dist":945,"pass_trees":false,"pass_canopy":false,"pass_dist":false,"score":0,"mock":true}},{"type":"Feature","id":176,"geometry":{"type":"Polygon","coordinates":[[[71.318,51.20498],[71.324,51.20498],[71.324,51.20876],[71.318,51.20876],[71.318,51.20498]]]},"properties":{"id":176,"trees":2,"canopy":8,"park_dist":1059,"pass_trees":false,"pass_canopy":false,"pass_dist":false,"score":0,"mock":true}},{"type":"Feature","id":177,"geometry":{"type":"Polygon","coordinates":[[[71.318,51.20876],[71.324,51.20876],[71.324,51.21254],[71.318,51.21254],[71.318,51.20876]]]},"properties":{"id":177,"trees":2,"canopy":13,"park_dist":916,"pass_trees":false,"pass_canopy":false,"pass_dist":false,"score":0,"mock":true}},{"type":"Feature","id":178,"geometry":{"type":"Polygon","coordinates":[[[71.318,51.21254],[71.324,51.21254],[71.324,51.21632],[71.318,51.21632],[71.318,51.21254]]]},"properties":{"id":178,"trees":2,"canopy":10,"park_dist":1032,"pass_trees":false,"pass_canopy":false,"pass_dist":false,"score":0,"mock":true}},{"type":"Feature","id":179,"geometry":{"type":"Polygon","coordinates":[[[71.318,51.21632],[71.324,51.21632],[71.324,51.2201],[71.318,51.2201],[71.318,51.21632]]]},"properties":{"id":179,"trees":2,"canopy":7,"park_dist":978,"pass_trees":false,"pass_canopy":false,"pass_dist":false,"score":0,"mock":true}},{"type":"Feature","id":180,"geometry":{"type":"Polygon","coordinates":[[[71.324,51.05],[71.33,51.05],[71.33,51.05378],[71.324,51.05378],[71.324,51.05]]]},"properties":{"id":180,"trees":0,"canopy":3,"park_dist":1090,"pass_trees":false,"pass_canopy":false,"pass_dist":false,"score":0,"mock":true}},{"type":"Feature","id":181,"geometry":{"type":"Polygon","coordinates":[[[71.324,51.05378],[71.33,51.05378],[71.33,51.05756],[71.324,51.05756],[71.324,51.05378]]]},"properties":{"id":181,"trees":0,"canopy":2,"park_dist":1301,"pass_trees":false,"pass_canopy":false,"pass_dist":false,"score":0,"mock":true}},{"type":"Feature","id":182,"geometry":{"type":"Polygon","coordinates":[[[71.324,51.05756],[71.33,51.05756],[71.33,51.06134],[71.324,51.06134],[71.324,51.05756]]]},"properties":{"id":182,"trees":1,"canopy":1,"park_dist":1255,"pass_trees":false,"pass_canopy":false,"pass_dist":false,"score":0,"mock":true}},{"type":"Feature","id":183,"geometry":{"type":"Polygon","coordinates":[[[71.324,51.06134],[71.33,51.06134],[71.33,51.06512],[71.324,51.06512],[71.324,51.06134]]]},"properties":{"id":183,"trees":0,"canopy":1,"park_dist":1227,"pass_trees":false,"pass_canopy":false,"pass_dist":false,"score":0,"mock":true}},{"type":"Feature","id":184,"geometry":{"type":"Polygon","coordinates":[[[71.324,51.06512],[71.33,51.06512],[71.33,51.0689],[71.324,51.0689],[71.324,51.06512]]]},"properties":{"id":184,"trees":0,"canopy":1,"park_dist":1174,"pass_trees":false,"pass_canopy":false,"pass_dist":false,"score":0,"mock":true}},{"type":"Feature","id":185,"geometry":{"type":"Polygon","coordinates":[[[71.324,51.0689],[71.33,51.0689],[71.33,51.07268],[71.324,51.07268],[71.324,51.0689]]]},"properties":{"id":185,"trees":0,"canopy":1,"park_dist":1198,"pass_trees":false,"pass_canopy":false,"pass_dist":false,"score":0,"mock":true}},{"type":"Feature","id":186,"geometry":{"type":"Polygon","coordinates":[[[71.324,51.07268],[71.33,51.07268],[71.33,51.07646],[71.324,51.07646],[71.324,51.07268]]]},"properties":{"id":186,"trees":0,"canopy":1,"park_dist":1233,"pass_trees":false,"pass_canopy":false,"pass_dist":false,"score":0,"mock":true}},{"type":"Feature","id":187,"geometry":{"type":"Polygon","coordinates":[[[71.324,51.07646],[71.33,51.07646],[71.33,51.08024],[71.324,51.08024],[71.324,51.07646]]]},"properties":{"id":187,"trees":0,"canopy":1,"park_dist":1265,"pass_trees":false,"pass_canopy":false,"pass_dist":false,"score":0,"mock":true}},{"type":"Feature","id":188,"geometry":{"type":"Polygon","coordinates":[[[71.324,51.08024],[71.33,51.08024],[71.33,51.08402],[71.324,51.08402],[71.324,51.08024]]]},"properties":{"id":188,"trees":0,"canopy":1,"park_dist":1214,"pass_trees":false,"pass_canopy":false,"pass_dist":false,"score":0,"mock":true}},{"type":"Feature","id":189,"geometry":{"type":"Polygon","coordinates":[[[71.324,51.08402],[71.33,51.08402],[71.33,51.0878],[71.324,51.0878],[71.324,51.08402]]]},"properties":{"id":189,"trees":0,"canopy":1,"park_dist":1186,"pass_trees":false,"pass_canopy":false,"pass_dist":false,"score":0,"mock":true}},{"type":"Feature","id":190,"geometry":{"type":"Polygon","coordinates":[[[71.324,51.0878],[71.33,51.0878],[71.33,51.09158],[71.324,51.09158],[71.324,51.0878]]]},"properties":{"id":190,"trees":0,"canopy":1,"park_dist":1261,"pass_trees":false,"pass_canopy":false,"pass_dist":false,"score":0,"mock":true}},{"type":"Feature","id":191,"geometry":{"type":"Polygon","coordinates":[[[71.324,51.09158],[71.33,51.09158],[71.33,51.09536],[71.324,51.09536],[71.324,51.09158]]]},"properties":{"id":191,"trees":1,"canopy":4,"park_dist":1209,"pass_trees":false,"pass_canopy":false,"pass_dist":false,"score":0,"mock":true}},{"type":"Feature","id":192,"geometry":{"type":"Polygon","coordinates":[[[71.324,51.09536],[71.33,51.09536],[71.33,51.09914],[71.324,51.09914],[71.324,51.09536]]]},"properties":{"id":192,"trees":0,"canopy":1,"park_dist":1252,"pass_trees":false,"pass_canopy":false,"pass_dist":false,"score":0,"mock":true}},{"type":"Feature","id":193,"geometry":{"type":"Polygon","coordinates":[[[71.324,51.09914],[71.33,51.09914],[71.33,51.10292],[71.324,51.10292],[71.324,51.09914]]]},"properties":{"id":193,"trees":0,"canopy":1,"park_dist":1251,"pass_trees":false,"pass_canopy":false,"pass_dist":false,"score":0,"mock":true}},{"type":"Feature","id":194,"geometry":{"type":"Polygon","coordinates":[[[71.324,51.10292],[71.33,51.10292],[71.33,51.1067],[71.324,51.1067],[71.324,51.10292]]]},"properties":{"id":194,"trees":0,"canopy":1,"park_dist":1286,"pass_trees":false,"pass_canopy":false,"pass_dist":false,"score":0,"mock":true}},{"type":"Feature","id":195,"geometry":{"type":"Polygon","coordinates":[[[71.324,51.1067],[71.33,51.1067],[71.33,51.11048],[71.324,51.11048],[71.324,51.1067]]]},"properties":{"id":195,"trees":0,"canopy":1,"park_dist":1174,"pass_trees":false,"pass_canopy":false,"pass_dist":false,"score":0,"mock":true}},{"type":"Feature","id":196,"geometry":{"type":"Polygon","coordinates":[[[71.324,51.11048],[71.33,51.11048],[71.33,51.11426],[71.324,51.11426],[71.324,51.11048]]]},"properties":{"id":196,"trees":0,"canopy":1,"park_dist":1186,"pass_trees":false,"pass_canopy":false,"pass_dist":false,"score":0,"mock":true}},{"type":"Feature","id":197,"geometry":{"type":"Polygon","coordinates":[[[71.324,51.11426],[71.33,51.11426],[71.33,51.11804],[71.324,51.11804],[71.324,51.11426]]]},"properties":{"id":197,"trees":0,"canopy":1,"park_dist":1163,"pass_trees":false,"pass_canopy":false,"pass_dist":false,"score":0,"mock":true}},{"type":"Feature","id":198,"geometry":{"type":"Polygon","coordinates":[[[71.324,51.11804],[71.33,51.11804],[71.33,51.12182],[71.324,51.12182],[71.324,51.11804]]]},"properties":{"id":198,"trees":0,"canopy":1,"park_dist":1240,"pass_trees":false,"pass_canopy":false,"pass_dist":false,"score":0,"mock":true}},{"type":"Feature","id":199,"geometry":{"type":"Polygon","coordinates":[[[71.324,51.12182],[71.33,51.12182],[71.33,51.1256],[71.324,51.1256],[71.324,51.12182]]]},"properties":{"id":199,"trees":1,"canopy":1,"park_dist":1213,"pass_trees":false,"pass_canopy":false,"pass_dist":false,"score":0,"mock":true}},{"type":"Feature","id":200,"geometry":{"type":"Polygon","coordinates":[[[71.324,51.1256],[71.33,51.1256],[71.33,51.12938],[71.324,51.12938],[71.324,51.1256]]]},"properties":{"id":200,"trees":0,"canopy":2,"park_dist":1187,"pass_trees":false,"pass_canopy":false,"pass_dist":false,"score":0,"mock":true}},{"type":"Feature","id":201,"geometry":{"type":"Polygon","coordinates":[[[71.324,51.12938],[71.33,51.12938],[71.33,51.13316],[71.324,51.13316],[71.324,51.12938]]]},"properties":{"id":201,"trees":1,"canopy":3,"park_dist":1143,"pass_trees":false,"pass_canopy":false,"pass_dist":false,"score":0,"mock":true}},{"type":"Feature","id":202,"geometry":{"type":"Polygon","coordinates":[[[71.324,51.13316],[71.33,51.13316],[71.33,51.13694],[71.324,51.13694],[71.324,51.13316]]]},"properties":{"id":202,"trees":0,"canopy":2,"park_dist":1129,"pass_trees":false,"pass_canopy":false,"pass_dist":false,"score":0,"mock":true}},{"type":"Feature","id":203,"geometry":{"type":"Polygon","coordinates":[[[71.324,51.13694],[71.33,51.13694],[71.33,51.14072],[71.324,51.14072],[71.324,51.13694]]]},"properties":{"id":203,"trees":1,"canopy":2,"park_dist":1047,"pass_trees":false,"pass_canopy":false,"pass_dist":false,"score":0,"mock":true}},{"type":"Feature","id":204,"geometry":{"type":"Polygon","coordinates":[[[71.324,51.14072],[71.33,51.14072],[71.33,51.1445],[71.324,51.1445],[71.324,51.14072]]]},"properties":{"id":204,"trees":2,"canopy":5,"park_dist":1036,"pass_trees":false,"pass_canopy":false,"pass_dist":false,"score":0,"mock":true}},{"type":"Feature","id":205,"geometry":{"type":"Polygon","coordinates":[[[71.324,51.1445],[71.33,51.1445],[71.33,51.14828],[71.324,51.14828],[71.324,51.1445]]]},"properties":{"id":205,"trees":1,"canopy":5,"park_dist":1089,"pass_trees":false,"pass_canopy":false,"pass_dist":false,"score":0,"mock":true}},{"type":"Feature","id":206,"geometry":{"type":"Polygon","coordinates":[[[71.324,51.14828],[71.33,51.14828],[71.33,51.15206],[71.324,51.15206],[71.324,51.14828]]]},"properties":{"id":206,"trees":1,"canopy":6,"park_dist":1071,"pass_trees":false,"pass_canopy":false,"pass_dist":false,"score":0,"mock":true}},{"type":"Feature","id":207,"geometry":{"type":"Polygon","coordinates":[[[71.324,51.15206],[71.33,51.15206],[71.33,51.15584],[71.324,51.15584],[71.324,51.15206]]]},"properties":{"id":207,"trees":1,"canopy":5,"park_dist":1036,"pass_trees":false,"pass_canopy":false,"pass_dist":false,"score":0,"mock":true}},{"type":"Feature","id":208,"geometry":{"type":"Polygon","coordinates":[[[71.324,51.15584],[71.33,51.15584],[71.33,51.15962],[71.324,51.15962],[71.324,51.15584]]]},"properties":{"id":208,"trees":1,"canopy":2,"park_dist":1037,"pass_trees":false,"pass_canopy":false,"pass_dist":false,"score":0,"mock":true}},{"type":"Feature","id":209,"geometry":{"type":"Polygon","coordinates":[[[71.324,51.15962],[71.33,51.15962],[71.33,51.1634],[71.324,51.1634],[71.324,51.15962]]]},"properties":{"id":209,"trees":2,"canopy":8,"park_dist":1065,"pass_trees":false,"pass_canopy":false,"pass_dist":false,"score":0,"mock":true}},{"type":"Feature","id":210,"geometry":{"type":"Polygon","coordinates":[[[71.324,51.1634],[71.33,51.1634],[71.33,51.16718],[71.324,51.16718],[71.324,51.1634]]]},"properties":{"id":210,"trees":1,"canopy":5,"park_dist":1010,"pass_trees":false,"pass_canopy":false,"pass_dist":false,"score":0,"mock":true}},{"type":"Feature","id":211,"geometry":{"type":"Polygon","coordinates":[[[71.324,51.16718],[71.33,51.16718],[71.33,51.17096],[71.324,51.17096],[71.324,51.16718]]]},"properties":{"id":211,"trees":0,"canopy":2,"park_dist":1156,"pass_trees":false,"pass_canopy":false,"pass_dist":false,"score":0,"mock":true}},{"type":"Feature","id":212,"geometry":{"type":"Polygon","coordinates":[[[71.324,51.17096],[71.33,51.17096],[71.33,51.17474],[71.324,51.17474],[71.324,51.17096]]]},"properties":{"id":212,"trees":0,"canopy":3,"park_dist":1100,"pass_trees":false,"pass_canopy":false,"pass_dist":false,"score":0,"mock":true}},{"type":"Feature","id":213,"geometry":{"type":"Polygon","coordinates":[[[71.324,51.17474],[71.33,51.17474],[71.33,51.17852],[71.324,51.17852],[71.324,51.17474]]]},"properties":{"id":213,"trees":1,"canopy":7,"park_dist":1047,"pass_trees":false,"pass_canopy":false,"pass_dist":false,"score":0,"mock":true}},{"type":"Feature","id":214,"geometry":{"type":"Polygon","coordinates":[[[71.324,51.17852],[71.33,51.17852],[71.33,51.1823],[71.324,51.1823],[71.324,51.17852]]]},"properties":{"id":214,"trees":1,"canopy":1,"park_dist":1117,"pass_trees":false,"pass_canopy":false,"pass_dist":false,"score":0,"mock":true}},{"type":"Feature","id":215,"geometry":{"type":"Polygon","coordinates":[[[71.324,51.1823],[71.33,51.1823],[71.33,51.18608],[71.324,51.18608],[71.324,51.1823]]]},"properties":{"id":215,"trees":1,"canopy":3,"park_dist":1128,"pass_trees":false,"pass_canopy":false,"pass_dist":false,"score":0,"mock":true}},{"type":"Feature","id":216,"geometry":{"type":"Polygon","coordinates":[[[71.324,51.18608],[71.33,51.18608],[71.33,51.18986],[71.324,51.18986],[71.324,51.18608]]]},"properties":{"id":216,"trees":0,"canopy":2,"park_dist":1216,"pass_trees":false,"pass_canopy":false,"pass_dist":false,"score":0,"mock":true}},{"type":"Feature","id":217,"geometry":{"type":"Polygon","coordinates":[[[71.324,51.18986],[71.33,51.18986],[71.33,51.19364],[71.324,51.19364],[71.324,51.18986]]]},"properties":{"id":217,"trees":1,"canopy":5,"park_dist":1082,"pass_trees":false,"pass_canopy":false,"pass_dist":false,"score":0,"mock":true}},{"type":"Feature","id":218,"geometry":{"type":"Polygon","coordinates":[[[71.324,51.19364],[71.33,51.19364],[71.33,51.19742],[71.324,51.19742],[71.324,51.19364]]]},"properties":{"id":218,"trees":2,"canopy":5,"park_dist":1073,"pass_trees":false,"pass_canopy":false,"pass_dist":false,"score":0,"mock":true}},{"type":"Feature","id":219,"geometry":{"type":"Polygon","coordinates":[[[71.324,51.19742],[71.33,51.19742],[71.33,51.2012],[71.324,51.2012],[71.324,51.19742]]]},"properties":{"id":219,"trees":1,"canopy":7,"park_dist":1088,"pass_trees":false,"pass_canopy":false,"pass_dist":false,"score":0,"mock":true}},{"type":"Feature","id":220,"geometry":{"type":"Polygon","coordinates":[[[71.324,51.2012],[71.33,51.2012],[71.33,51.20498],[71.324,51.20498],[71.324,51.2012]]]},"properties":{"id":220,"trees":1,"canopy":2,"park_dist":1072,"pass_trees":false,"pass_canopy":false,"pass_dist":false,"score":0,"mock":true}},{"type":"Feature","id":221,"geometry":{"type":"Polygon","coordinates":[[[71.324,51.20498],[71.33,51.20498],[71.33,51.20876],[71.324,51.20876],[71.324,51.20498]]]},"properties":{"id":221,"trees":2,"canopy":8,"park_dist":987,"pass_trees":false,"pass_canopy":false,"pass_dist":false,"score":0,"mock":true}},{"type":"Feature","id":222,"geometry":{"type":"Polygon","coordinates":[[[71.324,51.20876],[71.33,51.20876],[71.33,51.21254],[71.324,51.21254],[71.324,51.20876]]]},"properties":{"id":222,"trees":1,"canopy":11,"park_dist":1018,"pass_trees":false,"pass_canopy":false,"pass_dist":false,"score":0,"mock":true}},{"type":"Feature","id":223,"geometry":{"type":"Polygon","coordinates":[[[71.324,51.21254],[71.33,51.21254],[71.33,51.21632],[71.324,51.21632],[71.324,51.21254]]]},"properties":{"id":223,"trees":2,"canopy":9,"park_dist":938,"pass_trees":false,"pass_canopy":false,"pass_dist":false,"score":0,"mock":true}},{"type":"Feature","id":224,"geometry":{"type":"Polygon","coordinates":[[[71.324,51.21632],[71.33,51.21632],[71.33,51.2201],[71.324,51.2201],[71.324,51.21632]]]},"properties":{"id":224,"trees":2,"canopy":8,"park_dist":923,"pass_trees":false,"pass_canopy":false,"pass_dist":false,"score":0,"mock":true}},{"type":"Feature","id":225,"geometry":{"type":"Polygon","coordinates":[[[71.33,51.05],[71.336,51.05],[71.336,51.05378],[71.33,51.05378],[71.33,51.05]]]},"properties":{"id":225,"trees":0,"canopy":1,"park_dist":1210,"pass_trees":false,"pass_canopy":false,"pass_dist":false,"score":0,"mock":true}},{"type":"Feature","id":226,"geometry":{"type":"Polygon","coordinates":[[[71.33,51.05378],[71.336,51.05378],[71.336,51.05756],[71.33,51.05756],[71.33,51.05378]]]},"properties":{"id":226,"trees":0,"canopy":2,"park_dist":1204,"pass_trees":false,"pass_canopy":false,"pass_dist":false,"score":0,"mock":true}},{"type":"Feature","id":227,"geometry":{"type":"Polygon","coordinates":[[[71.33,51.05756],[71.336,51.05756],[71.336,51.06134],[71.33,51.06134],[71.33,51.05756]]]},"properties":{"id":227,"trees":0,"canopy":1,"park_dist":1298,"pass_trees":false,"pass_canopy":false,"pass_dist":false,"score":0,"mock":true}},{"type":"Feature","id":228,"geometry":{"type":"Polygon","coordinates":[[[71.33,51.06134],[71.336,51.06134],[71.336,51.06512],[71.33,51.06512],[71.33,51.06134]]]},"properties":{"id":228,"trees":0,"canopy":1,"park_dist":1171,"pass_trees":false,"pass_canopy":false,"pass_dist":false,"score":0,"mock":true}},{"type":"Feature","id":229,"geometry":{"type":"Polygon","coordinates":[[[71.33,51.06512],[71.336,51.06512],[71.336,51.0689],[71.33,51.0689],[71.33,51.06512]]]},"properties":{"id":229,"trees":0,"canopy":2,"park_dist":1219,"pass_trees":false,"pass_canopy":false,"pass_dist":false,"score":0,"mock":true}},{"type":"Feature","id":230,"geometry":{"type":"Polygon","coordinates":[[[71.33,51.0689],[71.336,51.0689],[71.336,51.07268],[71.33,51.07268],[71.33,51.0689]]]},"properties":{"id":230,"trees":0,"canopy":2,"park_dist":1172,"pass_trees":false,"pass_canopy":false,"pass_dist":false,"score":0,"mock":true}},{"type":"Feature","id":231,"geometry":{"type":"Polygon","coordinates":[[[71.33,51.07268],[71.336,51.07268],[71.336,51.07646],[71.33,51.07646],[71.33,51.07268]]]},"properties":{"id":231,"trees":0,"canopy":1,"park_dist":1131,"pass_trees":false,"pass_canopy":false,"pass_dist":false,"score":0,"mock":true}},{"type":"Feature","id":232,"geometry":{"type":"Polygon","coordinates":[[[71.33,51.07646],[71.336,51.07646],[71.336,51.08024],[71.33,51.08024],[71.33,51.07646]]]},"properties":{"id":232,"trees":0,"canopy":5,"park_dist":1261,"pass_trees":false,"pass_canopy":false,"pass_dist":false,"score":0,"mock":true}},{"type":"Feature","id":233,"geometry":{"type":"Polygon","coordinates":[[[71.33,51.08024],[71.336,51.08024],[71.336,51.08402],[71.33,51.08402],[71.33,51.08024]]]},"properties":{"id":233,"trees":1,"canopy":1,"park_dist":1234,"pass_trees":false,"pass_canopy":false,"pass_dist":false,"score":0,"mock":true}},{"type":"Feature","id":234,"geometry":{"type":"Polygon","coordinates":[[[71.33,51.08402],[71.336,51.08402],[71.336,51.0878],[71.33,51.0878],[71.33,51.08402]]]},"properties":{"id":234,"trees":0,"canopy":1,"park_dist":1253,"pass_trees":false,"pass_canopy":false,"pass_dist":false,"score":0,"mock":true}},{"type":"Feature","id":235,"geometry":{"type":"Polygon","coordinates":[[[71.33,51.0878],[71.336,51.0878],[71.336,51.09158],[71.33,51.09158],[71.33,51.0878]]]},"properties":{"id":235,"trees":0,"canopy":2,"park_dist":1220,"pass_trees":false,"pass_canopy":false,"pass_dist":false,"score":0,"mock":true}},{"type":"Feature","id":236,"geometry":{"type":"Polygon","coordinates":[[[71.33,51.09158],[71.336,51.09158],[71.336,51.09536],[71.33,51.09536],[71.33,51.09158]]]},"properties":{"id":236,"trees":0,"canopy":2,"park_dist":1165,"pass_trees":false,"pass_canopy":false,"pass_dist":false,"score":0,"mock":true}},{"type":"Feature","id":237,"geometry":{"type":"Polygon","coordinates":[[[71.33,51.09536],[71.336,51.09536],[71.336,51.09914],[71.33,51.09914],[71.33,51.09536]]]},"properties":{"id":237,"trees":0,"canopy":1,"park_dist":1198,"pass_trees":false,"pass_canopy":false,"pass_dist":false,"score":0,"mock":true}},{"type":"Feature","id":238,"geometry":{"type":"Polygon","coordinates":[[[71.33,51.09914],[71.336,51.09914],[71.336,51.10292],[71.33,51.10292],[71.33,51.09914]]]},"properties":{"id":238,"trees":0,"canopy":1,"park_dist":1238,"pass_trees":false,"pass_canopy":false,"pass_dist":false,"score":0,"mock":true}},{"type":"Feature","id":239,"geometry":{"type":"Polygon","coordinates":[[[71.33,51.10292],[71.336,51.10292],[71.336,51.1067],[71.33,51.1067],[71.33,51.10292]]]},"properties":{"id":239,"trees":0,"canopy":1,"park_dist":1150,"pass_trees":false,"pass_canopy":false,"pass_dist":false,"score":0,"mock":true}},{"type":"Feature","id":240,"geometry":{"type":"Polygon","coordinates":[[[71.33,51.1067],[71.336,51.1067],[71.336,51.11048],[71.33,51.11048],[71.33,51.1067]]]},"properties":{"id":240,"trees":1,"canopy":1,"park_dist":1252,"pass_trees":false,"pass_canopy":false,"pass_dist":false,"score":0,"mock":true}},{"type":"Feature","id":241,"geometry":{"type":"Polygon","coordinates":[[[71.33,51.11048],[71.336,51.11048],[71.336,51.11426],[71.33,51.11426],[71.33,51.11048]]]},"properties":{"id":241,"trees":0,"canopy":2,"park_dist":1167,"pass_trees":false,"pass_canopy":false,"pass_dist":false,"score":0,"mock":true}},{"type":"Feature","id":242,"geometry":{"type":"Polygon","coordinates":[[[71.33,51.11426],[71.336,51.11426],[71.336,51.11804],[71.33,51.11804],[71.33,51.11426]]]},"properties":{"id":242,"trees":1,"canopy":1,"park_dist":1220,"pass_trees":false,"pass_canopy":false,"pass_dist":false,"score":0,"mock":true}},{"type":"Feature","id":243,"geometry":{"type":"Polygon","coordinates":[[[71.33,51.11804],[71.336,51.11804],[71.336,51.12182],[71.33,51.12182],[71.33,51.11804]]]},"properties":{"id":243,"trees":0,"canopy":1,"park_dist":1226,"pass_trees":false,"pass_canopy":false,"pass_dist":false,"score":0,"mock":true}},{"type":"Feature","id":244,"geometry":{"type":"Polygon","coordinates":[[[71.33,51.12182],[71.336,51.12182],[71.336,51.1256],[71.33,51.1256],[71.33,51.12182]]]},"properties":{"id":244,"trees":0,"canopy":1,"park_dist":1296,"pass_trees":false,"pass_canopy":false,"pass_dist":false,"score":0,"mock":true}},{"type":"Feature","id":245,"geometry":{"type":"Polygon","coordinates":[[[71.33,51.1256],[71.336,51.1256],[71.336,51.12938],[71.33,51.12938],[71.33,51.1256]]]},"properties":{"id":245,"trees":0,"canopy":1,"park_dist":1223,"pass_trees":false,"pass_canopy":false,"pass_dist":false,"score":0,"mock":true}},{"type":"Feature","id":246,"geometry":{"type":"Polygon","coordinates":[[[71.33,51.12938],[71.336,51.12938],[71.336,51.13316],[71.33,51.13316],[71.33,51.12938]]]},"properties":{"id":246,"trees":0,"canopy":1,"park_dist":1189,"pass_trees":false,"pass_canopy":false,"pass_dist":false,"score":0,"mock":true}},{"type":"Feature","id":247,"geometry":{"type":"Polygon","coordinates":[[[71.33,51.13316],[71.336,51.13316],[71.336,51.13694],[71.33,51.13694],[71.33,51.13316]]]},"properties":{"id":247,"trees":0,"canopy":3,"park_dist":1286,"pass_trees":false,"pass_canopy":false,"pass_dist":false,"score":0,"mock":true}},{"type":"Feature","id":248,"geometry":{"type":"Polygon","coordinates":[[[71.33,51.13694],[71.336,51.13694],[71.336,51.14072],[71.33,51.14072],[71.33,51.13694]]]},"properties":{"id":248,"trees":0,"canopy":1,"park_dist":1147,"pass_trees":false,"pass_canopy":false,"pass_dist":false,"score":0,"mock":true}},{"type":"Feature","id":249,"geometry":{"type":"Polygon","coordinates":[[[71.33,51.14072],[71.336,51.14072],[71.336,51.1445],[71.33,51.1445],[71.33,51.14072]]]},"properties":{"id":249,"trees":1,"canopy":9,"park_dist":1081,"pass_trees":false,"pass_canopy":false,"pass_dist":false,"score":0,"mock":true}},{"type":"Feature","id":250,"geometry":{"type":"Polygon","coordinates":[[[71.33,51.1445],[71.336,51.1445],[71.336,51.14828],[71.33,51.14828],[71.33,51.1445]]]},"properties":{"id":250,"trees":0,"canopy":7,"park_dist":1189,"pass_trees":false,"pass_canopy":false,"pass_dist":false,"score":0,"mock":true}},{"type":"Feature","id":251,"geometry":{"type":"Polygon","coordinates":[[[71.33,51.14828],[71.336,51.14828],[71.336,51.15206],[71.33,51.15206],[71.33,51.14828]]]},"properties":{"id":251,"trees":1,"canopy":8,"park_dist":1056,"pass_trees":false,"pass_canopy":false,"pass_dist":false,"score":0,"mock":true}},{"type":"Feature","id":252,"geometry":{"type":"Polygon","coordinates":[[[71.33,51.15206],[71.336,51.15206],[71.336,51.15584],[71.33,51.15584],[71.33,51.15206]]]},"properties":{"id":252,"trees":1,"canopy":4,"park_dist":1109,"pass_trees":false,"pass_canopy":false,"pass_dist":false,"score":0,"mock":true}},{"type":"Feature","id":253,"geometry":{"type":"Polygon","coordinates":[[[71.33,51.15584],[71.336,51.15584],[71.336,51.15962],[71.33,51.15962],[71.33,51.15584]]]},"properties":{"id":253,"trees":1,"canopy":5,"park_dist":1109,"pass_trees":false,"pass_canopy":false,"pass_dist":false,"score":0,"mock":true}},{"type":"Feature","id":254,"geometry":{"type":"Polygon","coordinates":[[[71.33,51.15962],[71.336,51.15962],[71.336,51.1634],[71.33,51.1634],[71.33,51.15962]]]},"properties":{"id":254,"trees":0,"canopy":4,"park_dist":1156,"pass_trees":false,"pass_canopy":false,"pass_dist":false,"score":0,"mock":true}},{"type":"Feature","id":255,"geometry":{"type":"Polygon","coordinates":[[[71.33,51.1634],[71.336,51.1634],[71.336,51.16718],[71.33,51.16718],[71.33,51.1634]]]},"properties":{"id":255,"trees":0,"canopy":2,"park_dist":1145,"pass_trees":false,"pass_canopy":false,"pass_dist":false,"score":0,"mock":true}},{"type":"Feature","id":256,"geometry":{"type":"Polygon","coordinates":[[[71.33,51.16718],[71.336,51.16718],[71.336,51.17096],[71.33,51.17096],[71.33,51.16718]]]},"properties":{"id":256,"trees":0,"canopy":4,"park_dist":1157,"pass_trees":false,"pass_canopy":false,"pass_dist":false,"score":0,"mock":true}},{"type":"Feature","id":257,"geometry":{"type":"Polygon","coordinates":[[[71.33,51.17096],[71.336,51.17096],[71.336,51.17474],[71.33,51.17474],[71.33,51.17096]]]},"properties":{"id":257,"trees":0,"canopy":1,"park_dist":1190,"pass_trees":false,"pass_canopy":false,"pass_dist":false,"score":0,"mock":true}},{"type":"Feature","id":258,"geometry":{"type":"Polygon","coordinates":[[[71.33,51.17474],[71.336,51.17474],[71.336,51.17852],[71.33,51.17852],[71.33,51.17474]]]},"properties":{"id":258,"trees":0,"canopy":3,"park_dist":1219,"pass_trees":false,"pass_canopy":false,"pass_dist":false,"score":0,"mock":true}},{"type":"Feature","id":259,"geometry":{"type":"Polygon","coordinates":[[[71.33,51.17852],[71.336,51.17852],[71.336,51.1823],[71.33,51.1823],[71.33,51.17852]]]},"properties":{"id":259,"trees":1,"canopy":4,"park_dist":1089,"pass_trees":false,"pass_canopy":false,"pass_dist":false,"score":0,"mock":true}},{"type":"Feature","id":260,"geometry":{"type":"Polygon","coordinates":[[[71.33,51.1823],[71.336,51.1823],[71.336,51.18608],[71.33,51.18608],[71.33,51.1823]]]},"properties":{"id":260,"trees":0,"canopy":1,"park_dist":1223,"pass_trees":false,"pass_canopy":false,"pass_dist":false,"score":0,"mock":true}},{"type":"Feature","id":261,"geometry":{"type":"Polygon","coordinates":[[[71.33,51.18608],[71.336,51.18608],[71.336,51.18986],[71.33,51.18986],[71.33,51.18608]]]},"properties":{"id":261,"trees":1,"canopy":1,"park_dist":1164,"pass_trees":false,"pass_canopy":false,"pass_dist":false,"score":0,"mock":true}},{"type":"Feature","id":262,"geometry":{"type":"Polygon","coordinates":[[[71.33,51.18986],[71.336,51.18986],[71.336,51.19364],[71.33,51.19364],[71.33,51.18986]]]},"properties":{"id":262,"trees":0,"canopy":4,"park_dist":1186,"pass_trees":false,"pass_canopy":false,"pass_dist":false,"score":0,"mock":true}},{"type":"Feature","id":263,"geometry":{"type":"Polygon","coordinates":[[[71.33,51.19364],[71.336,51.19364],[71.336,51.19742],[71.33,51.19742],[71.33,51.19364]]]},"properties":{"id":263,"trees":0,"canopy":4,"park_dist":1228,"pass_trees":false,"pass_canopy":false,"pass_dist":false,"score":0,"mock":true}},{"type":"Feature","id":264,"geometry":{"type":"Polygon","coordinates":[[[71.33,51.19742],[71.336,51.19742],[71.336,51.2012],[71.33,51.2012],[71.33,51.19742]]]},"properties":{"id":264,"trees":0,"canopy":1,"park_dist":1117,"pass_trees":false,"pass_canopy":false,"pass_dist":false,"score":0,"mock":true}},{"type":"Feature","id":265,"geometry":{"type":"Polygon","coordinates":[[[71.33,51.2012],[71.336,51.2012],[71.336,51.20498],[71.33,51.20498],[71.33,51.2012]]]},"properties":{"id":265,"trees":1,"canopy":1,"park_dist":1086,"pass_trees":false,"pass_canopy":false,"pass_dist":false,"score":0,"mock":true}},{"type":"Feature","id":266,"geometry":{"type":"Polygon","coordinates":[[[71.33,51.20498],[71.336,51.20498],[71.336,51.20876],[71.33,51.20876],[71.33,51.20498]]]},"properties":{"id":266,"trees":1,"canopy":1,"park_dist":1099,"pass_trees":false,"pass_canopy":false,"pass_dist":false,"score":0,"mock":true}},{"type":"Feature","id":267,"geometry":{"type":"Polygon","coordinates":[[[71.33,51.20876],[71.336,51.20876],[71.336,51.21254],[71.33,51.21254],[71.33,51.20876]]]},"properties":{"id":267,"trees":1,"canopy":6,"park_dist":1054,"pass_trees":false,"pass_canopy":false,"pass_dist":false,"score":0,"mock":true}},{"type":"Feature","id":268,"geometry":{"type":"Polygon","coordinates":[[[71.33,51.21254],[71.336,51.21254],[71.336,51.21632],[71.33,51.21632],[71.33,51.21254]]]},"properties":{"id":268,"trees":1,"canopy":7,"park_dist":1038,"pass_trees":false,"pass_canopy":false,"pass_dist":false,"score":0,"mock":true}},{"type":"Feature","id":269,"geometry":{"type":"Polygon","coordinates":[[[71.33,51.21632],[71.336,51.21632],[71.336,51.2201],[71.33,51.2201],[71.33,51.21632]]]},"properties":{"id":269,"trees":1,"canopy":5,"park_dist":1090,"pass_trees":false,"pass_canopy":false,"pass_dist":false,"score":0,"mock":true}},{"type":"Feature","id":270,"geometry":{"type":"Polygon","coordinates":[[[71.336,51.05],[71.342,51.05],[71.342,51.05378],[71.336,51.05378],[71.336,51.05]]]},"properties":{"id":270,"trees":1,"canopy":3,"park_dist":1069,"pass_trees":false,"pass_canopy":false,"pass_dist":false,"score":0,"mock":true}},{"type":"Feature","id":271,"geometry":{"type":"Polygon","coordinates":[[[71.336,51.05378],[71.342,51.05378],[71.342,51.05756],[71.336,51.05756],[71.336,51.05378]]]},"properties":{"id":271,"trees":0,"canopy":2,"park_dist":1155,"pass_trees":false,"pass_canopy":false,"pass_dist":false,"score":0,"mock":true}},{"type":"Feature","id":272,"geometry":{"type":"Polygon","coordinates":[[[71.336,51.05756],[71.342,51.05756],[71.342,51.06134],[71.336,51.06134],[71.336,51.05756]]]},"properties":{"id":272,"trees":0,"canopy":1,"park_dist":1227,"pass_trees":false,"pass_canopy":false,"pass_dist":false,"score":0,"mock":true}},{"type":"Feature","id":273,"geometry":{"type":"Polygon","coordinates":[[[71.336,51.06134],[71.342,51.06134],[71.342,51.06512],[71.336,51.06512],[71.336,51.06134]]]},"properties":{"id":273,"trees":0,"canopy":1,"park_dist":1101,"pass_trees":false,"pass_canopy":false,"pass_dist":false,"score":0,"mock":true}},{"type":"Feature","id":274,"geometry":{"type":"Polygon","coordinates":[[[71.336,51.06512],[71.342,51.06512],[71.342,51.0689],[71.336,51.0689],[71.336,51.06512]]]},"properties":{"id":274,"trees":0,"canopy":1,"park_dist":1238,"pass_trees":false,"pass_canopy":false,"pass_dist":false,"score":0,"mock":true}},{"type":"Feature","id":275,"geometry":{"type":"Polygon","coordinates":[[[71.336,51.0689],[71.342,51.0689],[71.342,51.07268],[71.336,51.07268],[71.336,51.0689]]]},"properties":{"id":275,"trees":0,"canopy":1,"park_dist":1190,"pass_trees":false,"pass_canopy":false,"pass_dist":false,"score":0,"mock":true}},{"type":"Feature","id":276,"geometry":{"type":"Polygon","coordinates":[[[71.336,51.07268],[71.342,51.07268],[71.342,51.07646],[71.336,51.07646],[71.336,51.07268]]]},"properties":{"id":276,"trees":0,"canopy":1,"park_dist":1224,"pass_trees":false,"pass_canopy":false,"pass_dist":false,"score":0,"mock":true}},{"type":"Feature","id":277,"geometry":{"type":"Polygon","coordinates":[[[71.336,51.07646],[71.342,51.07646],[71.342,51.08024],[71.336,51.08024],[71.336,51.07646]]]},"properties":{"id":277,"trees":0,"canopy":1,"park_dist":1191,"pass_trees":false,"pass_canopy":false,"pass_dist":false,"score":0,"mock":true}},{"type":"Feature","id":278,"geometry":{"type":"Polygon","coordinates":[[[71.336,51.08024],[71.342,51.08024],[71.342,51.08402],[71.336,51.08402],[71.336,51.08024]]]},"properties":{"id":278,"trees":0,"canopy":4,"park_dist":1207,"pass_trees":false,"pass_canopy":false,"pass_dist":false,"score":0,"mock":true}},{"type":"Feature","id":279,"geometry":{"type":"Polygon","coordinates":[[[71.336,51.08402],[71.342,51.08402],[71.342,51.0878],[71.336,51.0878],[71.336,51.08402]]]},"properties":{"id":279,"trees":0,"canopy":1,"park_dist":1215,"pass_trees":false,"pass_canopy":false,"pass_dist":false,"score":0,"mock":true}},{"type":"Feature","id":280,"geometry":{"type":"Polygon","coordinates":[[[71.336,51.0878],[71.342,51.0878],[71.342,51.09158],[71.336,51.09158],[71.336,51.0878]]]},"properties":{"id":280,"trees":0,"canopy":3,"park_dist":1181,"pass_trees":false,"pass_canopy":false,"pass_dist":false,"score":0,"mock":true}},{"type":"Feature","id":281,"geometry":{"type":"Polygon","coordinates":[[[71.336,51.09158],[71.342,51.09158],[71.342,51.09536],[71.336,51.09536],[71.336,51.09158]]]},"properties":{"id":281,"trees":0,"canopy":1,"park_dist":1206,"pass_trees":false,"pass_canopy":false,"pass_dist":false,"score":0,"mock":true}},{"type":"Feature","id":282,"geometry":{"type":"Polygon","coordinates":[[[71.336,51.09536],[71.342,51.09536],[71.342,51.09914],[71.336,51.09914],[71.336,51.09536]]]},"properties":{"id":282,"trees":1,"canopy":2,"park_dist":1273,"pass_trees":false,"pass_canopy":false,"pass_dist":false,"score":0,"mock":true}},{"type":"Feature","id":283,"geometry":{"type":"Polygon","coordinates":[[[71.336,51.09914],[71.342,51.09914],[71.342,51.10292],[71.336,51.10292],[71.336,51.09914]]]},"properties":{"id":283,"trees":0,"canopy":2,"park_dist":1257,"pass_trees":false,"pass_canopy":false,"pass_dist":false,"score":0,"mock":true}},{"type":"Feature","id":284,"geometry":{"type":"Polygon","coordinates":[[[71.336,51.10292],[71.342,51.10292],[71.342,51.1067],[71.336,51.1067],[71.336,51.10292]]]},"properties":{"id":284,"trees":0,"canopy":1,"park_dist":1270,"pass_trees":false,"pass_canopy":false,"pass_dist":false,"score":0,"mock":true}},{"type":"Feature","id":285,"geometry":{"type":"Polygon","coordinates":[[[71.336,51.1067],[71.342,51.1067],[71.342,51.11048],[71.336,51.11048],[71.336,51.1067]]]},"properties":{"id":285,"trees":0,"canopy":3,"park_dist":1152,"pass_trees":false,"pass_canopy":false,"pass_dist":false,"score":0,"mock":true}},{"type":"Feature","id":286,"geometry":{"type":"Polygon","coordinates":[[[71.336,51.11048],[71.342,51.11048],[71.342,51.11426],[71.336,51.11426],[71.336,51.11048]]]},"properties":{"id":286,"trees":0,"canopy":4,"park_dist":1152,"pass_trees":false,"pass_canopy":false,"pass_dist":false,"score":0,"mock":true}},{"type":"Feature","id":287,"geometry":{"type":"Polygon","coordinates":[[[71.336,51.11426],[71.342,51.11426],[71.342,51.11804],[71.336,51.11804],[71.336,51.11426]]]},"properties":{"id":287,"trees":0,"canopy":1,"park_dist":1196,"pass_trees":false,"pass_canopy":false,"pass_dist":false,"score":0,"mock":true}},{"type":"Feature","id":288,"geometry":{"type":"Polygon","coordinates":[[[71.336,51.11804],[71.342,51.11804],[71.342,51.12182],[71.336,51.12182],[71.336,51.11804]]]},"properties":{"id":288,"trees":0,"canopy":1,"park_dist":1206,"pass_trees":false,"pass_canopy":false,"pass_dist":false,"score":0,"mock":true}},{"type":"Feature","id":289,"geometry":{"type":"Polygon","coordinates":[[[71.336,51.12182],[71.342,51.12182],[71.342,51.1256],[71.336,51.1256],[71.336,51.12182]]]},"properties":{"id":289,"trees":1,"canopy":1,"park_dist":1178,"pass_trees":false,"pass_canopy":false,"pass_dist":false,"score":0,"mock":true}},{"type":"Feature","id":290,"geometry":{"type":"Polygon","coordinates":[[[71.336,51.1256],[71.342,51.1256],[71.342,51.12938],[71.336,51.12938],[71.336,51.1256]]]},"properties":{"id":290,"trees":0,"canopy":2,"park_dist":1188,"pass_trees":false,"pass_canopy":false,"pass_dist":false,"score":0,"mock":true}},{"type":"Feature","id":291,"geometry":{"type":"Polygon","coordinates":[[[71.336,51.12938],[71.342,51.12938],[71.342,51.13316],[71.336,51.13316],[71.336,51.12938]]]},"properties":{"id":291,"trees":0,"canopy":1,"park_dist":1173,"pass_trees":false,"pass_canopy":false,"pass_dist":false,"score":0,"mock":true}},{"type":"Feature","id":292,"geometry":{"type":"Polygon","coordinates":[[[71.336,51.13316],[71.342,51.13316],[71.342,51.13694],[71.336,51.13694],[71.336,51.13316]]]},"properties":{"id":292,"trees":0,"canopy":3,"park_dist":1201,"pass_trees":false,"pass_canopy":false,"pass_dist":false,"score":0,"mock":true}},{"type":"Feature","id":293,"geometry":{"type":"Polygon","coordinates":[[[71.336,51.13694],[71.342,51.13694],[71.342,51.14072],[71.336,51.14072],[71.336,51.13694]]]},"properties":{"id":293,"trees":0,"canopy":1,"park_dist":1191,"pass_trees":false,"pass_canopy":false,"pass_dist":false,"score":0,"mock":true}},{"type":"Feature","id":294,"geometry":{"type":"Polygon","coordinates":[[[71.336,51.14072],[71.342,51.14072],[71.342,51.1445],[71.336,51.1445],[71.336,51.14072]]]},"properties":{"id":294,"trees":0,"canopy":1,"park_dist":1250,"pass_trees":false,"pass_canopy":false,"pass_dist":false,"score":0,"mock":true}},{"type":"Feature","id":295,"geometry":{"type":"Polygon","coordinates":[[[71.336,51.1445],[71.342,51.1445],[71.342,51.14828],[71.336,51.14828],[71.336,51.1445]]]},"properties":{"id":295,"trees":0,"canopy":1,"park_dist":1179,"pass_trees":false,"pass_canopy":false,"pass_dist":false,"score":0,"mock":true}},{"type":"Feature","id":296,"geometry":{"type":"Polygon","coordinates":[[[71.336,51.14828],[71.342,51.14828],[71.342,51.15206],[71.336,51.15206],[71.336,51.14828]]]},"properties":{"id":296,"trees":0,"canopy":1,"park_dist":1223,"pass_trees":false,"pass_canopy":false,"pass_dist":false,"score":0,"mock":true}},{"type":"Feature","id":297,"geometry":{"type":"Polygon","coordinates":[[[71.336,51.15206],[71.342,51.15206],[71.342,51.15584],[71.336,51.15584],[71.336,51.15206]]]},"properties":{"id":297,"trees":1,"canopy":5,"park_dist":1192,"pass_trees":false,"pass_canopy":false,"pass_dist":false,"score":0,"mock":true}},{"type":"Feature","id":298,"geometry":{"type":"Polygon","coordinates":[[[71.336,51.15584],[71.342,51.15584],[71.342,51.15962],[71.336,51.15962],[71.336,51.15584]]]},"properties":{"id":298,"trees":0,"canopy":2,"park_dist":1084,"pass_trees":false,"pass_canopy":false,"pass_dist":false,"score":0,"mock":true}},{"type":"Feature","id":299,"geometry":{"type":"Polygon","coordinates":[[[71.336,51.15962],[71.342,51.15962],[71.342,51.1634],[71.336,51.1634],[71.336,51.15962]]]},"properties":{"id":299,"trees":0,"canopy":1,"park_dist":1236,"pass_trees":false,"pass_canopy":false,"pass_dist":false,"score":0,"mock":true}},{"type":"Feature","id":300,"geometry":{"type":"Polygon","coordinates":[[[71.336,51.1634],[71.342,51.1634],[71.342,51.16718],[71.336,51.16718],[71.336,51.1634]]]},"properties":{"id":300,"trees":0,"canopy":1,"park_dist":1187,"pass_trees":false,"pass_canopy":false,"pass_dist":false,"score":0,"mock":true}},{"type":"Feature","id":301,"geometry":{"type":"Polygon","coordinates":[[[71.336,51.16718],[71.342,51.16718],[71.342,51.17096],[71.336,51.17096],[71.336,51.16718]]]},"properties":{"id":301,"trees":0,"canopy":1,"park_dist":1236,"pass_trees":false,"pass_canopy":false,"pass_dist":false,"score":0,"mock":true}},{"type":"Feature","id":302,"geometry":{"type":"Polygon","coordinates":[[[71.336,51.17096],[71.342,51.17096],[71.342,51.17474],[71.336,51.17474],[71.336,51.17096]]]},"properties":{"id":302,"trees":0,"canopy":1,"park_dist":1220,"pass_trees":false,"pass_canopy":false,"pass_dist":false,"score":0,"mock":true}},{"type":"Feature","id":303,"geometry":{"type":"Polygon","coordinates":[[[71.336,51.17474],[71.342,51.17474],[71.342,51.17852],[71.336,51.17852],[71.336,51.17474]]]},"properties":{"id":303,"trees":0,"canopy":3,"park_dist":1266,"pass_trees":false,"pass_canopy":false,"pass_dist":false,"score":0,"mock":true}},{"type":"Feature","id":304,"geometry":{"type":"Polygon","coordinates":[[[71.336,51.17852],[71.342,51.17852],[71.342,51.1823],[71.336,51.1823],[71.336,51.17852]]]},"properties":{"id":304,"trees":0,"canopy":1,"park_dist":1258,"pass_trees":false,"pass_canopy":false,"pass_dist":false,"score":0,"mock":true}},{"type":"Feature","id":305,"geometry":{"type":"Polygon","coordinates":[[[71.336,51.1823],[71.342,51.1823],[71.342,51.18608],[71.336,51.18608],[71.336,51.1823]]]},"properties":{"id":305,"trees":0,"canopy":1,"park_dist":1225,"pass_trees":false,"pass_canopy":false,"pass_dist":false,"score":0,"mock":true}},{"type":"Feature","id":306,"geometry":{"type":"Polygon","coordinates":[[[71.336,51.18608],[71.342,51.18608],[71.342,51.18986],[71.336,51.18986],[71.336,51.18608]]]},"properties":{"id":306,"trees":0,"canopy":1,"park_dist":1246,"pass_trees":false,"pass_canopy":false,"pass_dist":false,"score":0,"mock":true}},{"type":"Feature","id":307,"geometry":{"type":"Polygon","coordinates":[[[71.336,51.18986],[71.342,51.18986],[71.342,51.19364],[71.336,51.19364],[71.336,51.18986]]]},"properties":{"id":307,"trees":0,"canopy":1,"park_dist":1249,"pass_trees":false,"pass_canopy":false,"pass_dist":false,"score":0,"mock":true}},{"type":"Feature","id":308,"geometry":{"type":"Polygon","coordinates":[[[71.336,51.19364],[71.342,51.19364],[71.342,51.19742],[71.336,51.19742],[71.336,51.19364]]]},"properties":{"id":308,"trees":0,"canopy":1,"park_dist":1240,"pass_trees":false,"pass_canopy":false,"pass_dist":false,"score":0,"mock":true}},{"type":"Feature","id":309,"geometry":{"type":"Polygon","coordinates":[[[71.336,51.19742],[71.342,51.19742],[71.342,51.2012],[71.336,51.2012],[71.336,51.19742]]]},"properties":{"id":309,"trees":0,"canopy":1,"park_dist":1192,"pass_trees":false,"pass_canopy":false,"pass_dist":false,"score":0,"mock":true}},{"type":"Feature","id":310,"geometry":{"type":"Polygon","coordinates":[[[71.336,51.2012],[71.342,51.2012],[71.342,51.20498],[71.336,51.20498],[71.336,51.2012]]]},"properties":{"id":310,"trees":0,"canopy":1,"park_dist":1242,"pass_trees":false,"pass_canopy":false,"pass_dist":false,"score":0,"mock":true}},{"type":"Feature","id":311,"geometry":{"type":"Polygon","coordinates":[[[71.336,51.20498],[71.342,51.20498],[71.342,51.20876],[71.336,51.20876],[71.336,51.20498]]]},"properties":{"id":311,"trees":0,"canopy":4,"park_dist":1178,"pass_trees":false,"pass_canopy":false,"pass_dist":false,"score":0,"mock":true}},{"type":"Feature","id":312,"geometry":{"type":"Polygon","coordinates":[[[71.336,51.20876],[71.342,51.20876],[71.342,51.21254],[71.336,51.21254],[71.336,51.20876]]]},"properties":{"id":312,"trees":1,"canopy":5,"park_dist":1111,"pass_trees":false,"pass_canopy":false,"pass_dist":false,"score":0,"mock":true}},{"type":"Feature","id":313,"geometry":{"type":"Polygon","coordinates":[[[71.336,51.21254],[71.342,51.21254],[71.342,51.21632],[71.336,51.21632],[71.336,51.21254]]]},"properties":{"id":313,"trees":0,"canopy":5,"park_dist":1016,"pass_trees":false,"pass_canopy":false,"pass_dist":false,"score":0,"mock":true}},{"type":"Feature","id":314,"geometry":{"type":"Polygon","coordinates":[[[71.336,51.21632],[71.342,51.21632],[71.342,51.2201],[71.336,51.2201],[71.336,51.21632]]]},"properties":{"id":314,"trees":1,"canopy":9,"park_dist":991,"pass_trees":false,"pass_canopy":false,"pass_dist":false,"score":0,"mock":true}},{"type":"Feature","id":315,"geometry":{"type":"Polygon","coordinates":[[[71.342,51.05],[71.348,51.05],[71.348,51.05378],[71.342,51.05378],[71.342,51.05]]]},"properties":{"id":315,"trees":0,"canopy":1,"park_dist":1223,"pass_trees":false,"pass_canopy":false,"pass_dist":false,"score":0,"mock":true}},{"type":"Feature","id":316,"geometry":{"type":"Polygon","coordinates":[[[71.342,51.05378],[71.348,51.05378],[71.348,51.05756],[71.342,51.05756],[71.342,51.05378]]]},"properties":{"id":316,"trees":1,"canopy":1,"park_dist":1046,"pass_trees":false,"pass_canopy":false,"pass_dist":false,"score":0,"mock":true}},{"type":"Feature","id":317,"geometry":{"type":"Polygon","coordinates":[[[71.342,51.05756],[71.348,51.05756],[71.348,51.06134],[71.342,51.06134],[71.342,51.05756]]]},"properties":{"id":317,"trees":0,"canopy":1,"park_dist":1222,"pass_trees":false,"pass_canopy":false,"pass_dist":false,"score":0,"mock":true}},{"type":"Feature","id":318,"geometry":{"type":"Polygon","coordinates":[[[71.342,51.06134],[71.348,51.06134],[71.348,51.06512],[71.342,51.06512],[71.342,51.06134]]]},"properties":{"id":318,"trees":0,"canopy":2,"park_dist":1202,"pass_trees":false,"pass_canopy":false,"pass_dist":false,"score":0,"mock":true}},{"type":"Feature","id":319,"geometry":{"type":"Polygon","coordinates":[[[71.342,51.06512],[71.348,51.06512],[71.348,51.0689],[71.342,51.0689],[71.342,51.06512]]]},"properties":{"id":319,"trees":0,"canopy":1,"park_dist":1177,"pass_trees":false,"pass_canopy":false,"pass_dist":false,"score":0,"mock":true}},{"type":"Feature","id":320,"geometry":{"type":"Polygon","coordinates":[[[71.342,51.0689],[71.348,51.0689],[71.348,51.07268],[71.342,51.07268],[71.342,51.0689]]]},"properties":{"id":320,"trees":0,"canopy":1,"park_dist":1122,"pass_trees":false,"pass_canopy":false,"pass_dist":false,"score":0,"mock":true}},{"type":"Feature","id":321,"geometry":{"type":"Polygon","coordinates":[[[71.342,51.07268],[71.348,51.07268],[71.348,51.07646],[71.342,51.07646],[71.342,51.07268]]]},"properties":{"id":321,"trees":0,"canopy":1,"park_dist":1197,"pass_trees":false,"pass_canopy":false,"pass_dist":false,"score":0,"mock":true}},{"type":"Feature","id":322,"geometry":{"type":"Polygon","coordinates":[[[71.342,51.07646],[71.348,51.07646],[71.348,51.08024],[71.342,51.08024],[71.342,51.07646]]]},"properties":{"id":322,"trees":0,"canopy":1,"park_dist":1219,"pass_trees":false,"pass_canopy":false,"pass_dist":false,"score":0,"mock":true}},{"type":"Feature","id":323,"geometry":{"type":"Polygon","coordinates":[[[71.342,51.08024],[71.348,51.08024],[71.348,51.08402],[71.342,51.08402],[71.342,51.08024]]]},"properties":{"id":323,"trees":0,"canopy":1,"park_dist":1269,"pass_trees":false,"pass_canopy":false,"pass_dist":false,"score":0,"mock":true}},{"type":"Feature","id":324,"geometry":{"type":"Polygon","coordinates":[[[71.342,51.08402],[71.348,51.08402],[71.348,51.0878],[71.342,51.0878],[71.342,51.08402]]]},"properties":{"id":324,"trees":0,"canopy":1,"park_dist":1199,"pass_trees":false,"pass_canopy":false,"pass_dist":false,"score":0,"mock":true}},{"type":"Feature","id":325,"geometry":{"type":"Polygon","coordinates":[[[71.342,51.0878],[71.348,51.0878],[71.348,51.09158],[71.342,51.09158],[71.342,51.0878]]]},"properties":{"id":325,"trees":0,"canopy":1,"park_dist":1210,"pass_trees":false,"pass_canopy":false,"pass_dist":false,"score":0,"mock":true}},{"type":"Feature","id":326,"geometry":{"type":"Polygon","coordinates":[[[71.342,51.09158],[71.348,51.09158],[71.348,51.09536],[71.342,51.09536],[71.342,51.09158]]]},"properties":{"id":326,"trees":0,"canopy":1,"park_dist":1172,"pass_trees":false,"pass_canopy":false,"pass_dist":false,"score":0,"mock":true}},{"type":"Feature","id":327,"geometry":{"type":"Polygon","coordinates":[[[71.342,51.09536],[71.348,51.09536],[71.348,51.09914],[71.342,51.09914],[71.342,51.09536]]]},"properties":{"id":327,"trees":0,"canopy":3,"park_dist":1196,"pass_trees":false,"pass_canopy":false,"pass_dist":false,"score":0,"mock":true}},{"type":"Feature","id":328,"geometry":{"type":"Polygon","coordinates":[[[71.342,51.09914],[71.348,51.09914],[71.348,51.10292],[71.342,51.10292],[71.342,51.09914]]]},"properties":{"id":328,"trees":0,"canopy":1,"park_dist":1280,"pass_trees":false,"pass_canopy":false,"pass_dist":false,"score":0,"mock":true}},{"type":"Feature","id":329,"geometry":{"type":"Polygon","coordinates":[[[71.342,51.10292],[71.348,51.10292],[71.348,51.1067],[71.342,51.1067],[71.342,51.10292]]]},"properties":{"id":329,"trees":0,"canopy":3,"park_dist":1194,"pass_trees":false,"pass_canopy":false,"pass_dist":false,"score":0,"mock":true}},{"type":"Feature","id":330,"geometry":{"type":"Polygon","coordinates":[[[71.342,51.1067],[71.348,51.1067],[71.348,51.11048],[71.342,51.11048],[71.342,51.1067]]]},"properties":{"id":330,"trees":0,"canopy":3,"park_dist":1174,"pass_trees":false,"pass_canopy":false,"pass_dist":false,"score":0,"mock":true}},{"type":"Feature","id":331,"geometry":{"type":"Polygon","coordinates":[[[71.342,51.11048],[71.348,51.11048],[71.348,51.11426],[71.342,51.11426],[71.342,51.11048]]]},"properties":{"id":331,"trees":0,"canopy":1,"park_dist":1204,"pass_trees":false,"pass_canopy":false,"pass_dist":false,"score":0,"mock":true}},{"type":"Feature","id":332,"geometry":{"type":"Polygon","coordinates":[[[71.342,51.11426],[71.348,51.11426],[71.348,51.11804],[71.342,51.11804],[71.342,51.11426]]]},"properties":{"id":332,"trees":1,"canopy":1,"park_dist":1192,"pass_trees":false,"pass_canopy":false,"pass_dist":false,"score":0,"mock":true}},{"type":"Feature","id":333,"geometry":{"type":"Polygon","coordinates":[[[71.342,51.11804],[71.348,51.11804],[71.348,51.12182],[71.342,51.12182],[71.342,51.11804]]]},"properties":{"id":333,"trees":0,"canopy":1,"park_dist":1221,"pass_trees":false,"pass_canopy":false,"pass_dist":false,"score":0,"mock":true}},{"type":"Feature","id":334,"geometry":{"type":"Polygon","coordinates":[[[71.342,51.12182],[71.348,51.12182],[71.348,51.1256],[71.342,51.1256],[71.342,51.12182]]]},"properties":{"id":334,"trees":0,"canopy":1,"park_dist":1194,"pass_trees":false,"pass_canopy":false,"pass_dist":false,"score":0,"mock":true}},{"type":"Feature","id":335,"geometry":{"type":"Polygon","coordinates":[[[71.342,51.1256],[71.348,51.1256],[71.348,51.12938],[71.342,51.12938],[71.342,51.1256]]]},"properties":{"id":335,"trees":0,"canopy":1,"park_dist":1114,"pass_trees":false,"pass_canopy":false,"pass_dist":false,"score":0,"mock":true}},{"type":"Feature","id":336,"geometry":{"type":"Polygon","coordinates":[[[71.342,51.12938],[71.348,51.12938],[71.348,51.13316],[71.342,51.13316],[71.342,51.12938]]]},"properties":{"id":336,"trees":0,"canopy":1,"park_dist":1196,"pass_trees":false,"pass_canopy":false,"pass_dist":false,"score":0,"mock":true}},{"type":"Feature","id":337,"geometry":{"type":"Polygon","coordinates":[[[71.342,51.13316],[71.348,51.13316],[71.348,51.13694],[71.342,51.13694],[71.342,51.13316]]]},"properties":{"id":337,"trees":1,"canopy":2,"park_dist":1180,"pass_trees":false,"pass_canopy":false,"pass_dist":false,"score":0,"mock":true}},{"type":"Feature","id":338,"geometry":{"type":"Polygon","coordinates":[[[71.342,51.13694],[71.348,51.13694],[71.348,51.14072],[71.342,51.14072],[71.342,51.13694]]]},"properties":{"id":338,"trees":0,"canopy":1,"park_dist":1133,"pass_trees":false,"pass_canopy":false,"pass_dist":false,"score":0,"mock":true}},{"type":"Feature","id":339,"geometry":{"type":"Polygon","coordinates":[[[71.342,51.14072],[71.348,51.14072],[71.348,51.1445],[71.342,51.1445],[71.342,51.14072]]]},"properties":{"id":339,"trees":1,"canopy":1,"park_dist":1142,"pass_trees":false,"pass_canopy":false,"pass_dist":false,"score":0,"mock":true}},{"type":"Feature","id":340,"geometry":{"type":"Polygon","coordinates":[[[71.342,51.1445],[71.348,51.1445],[71.348,51.14828],[71.342,51.14828],[71.342,51.1445]]]},"properties":{"id":340,"trees":1,"canopy":1,"park_dist":1180,"pass_trees":false,"pass_canopy":false,"pass_dist":false,"score":0,"mock":true}},{"type":"Feature","id":341,"geometry":{"type":"Polygon","coordinates":[[[71.342,51.14828],[71.348,51.14828],[71.348,51.15206],[71.342,51.15206],[71.342,51.14828]]]},"properties":{"id":341,"trees":0,"canopy":1,"park_dist":1212,"pass_trees":false,"pass_canopy":false,"pass_dist":false,"score":0,"mock":true}},{"type":"Feature","id":342,"geometry":{"type":"Polygon","coordinates":[[[71.342,51.15206],[71.348,51.15206],[71.348,51.15584],[71.342,51.15584],[71.342,51.15206]]]},"properties":{"id":342,"trees":0,"canopy":1,"park_dist":1171,"pass_trees":false,"pass_canopy":false,"pass_dist":false,"score":0,"mock":true}},{"type":"Feature","id":343,"geometry":{"type":"Polygon","coordinates":[[[71.342,51.15584],[71.348,51.15584],[71.348,51.15962],[71.342,51.15962],[71.342,51.15584]]]},"properties":{"id":343,"trees":0,"canopy":1,"park_dist":1234,"pass_trees":false,"pass_canopy":false,"pass_dist":false,"score":0,"mock":true}},{"type":"Feature","id":344,"geometry":{"type":"Polygon","coordinates":[[[71.342,51.15962],[71.348,51.15962],[71.348,51.1634],[71.342,51.1634],[71.342,51.15962]]]},"properties":{"id":344,"trees":0,"canopy":5,"park_dist":1261,"pass_trees":false,"pass_canopy":false,"pass_dist":false,"score":0,"mock":true}},{"type":"Feature","id":345,"geometry":{"type":"Polygon","coordinates":[[[71.342,51.1634],[71.348,51.1634],[71.348,51.16718],[71.342,51.16718],[71.342,51.1634]]]},"properties":{"id":345,"trees":0,"canopy":3,"park_dist":1222,"pass_trees":false,"pass_canopy":false,"pass_dist":false,"score":0,"mock":true}},{"type":"Feature","id":346,"geometry":{"type":"Polygon","coordinates":[[[71.342,51.16718],[71.348,51.16718],[71.348,51.17096],[71.342,51.17096],[71.342,51.16718]]]},"properties":{"id":346,"trees":0,"canopy":1,"park_dist":1210,"pass_trees":false,"pass_canopy":false,"pass_dist":false,"score":0,"mock":true}},{"type":"Feature","id":347,"geometry":{"type":"Polygon","coordinates":[[[71.342,51.17096],[71.348,51.17096],[71.348,51.17474],[71.342,51.17474],[71.342,51.17096]]]},"properties":{"id":347,"trees":0,"canopy":1,"park_dist":1178,"pass_trees":false,"pass_canopy":false,"pass_dist":false,"score":0,"mock":true}},{"type":"Feature","id":348,"geometry":{"type":"Polygon","coordinates":[[[71.342,51.17474],[71.348,51.17474],[71.348,51.17852],[71.342,51.17852],[71.342,51.17474]]]},"properties":{"id":348,"trees":0,"canopy":1,"park_dist":1140,"pass_trees":false,"pass_canopy":false,"pass_dist":false,"score":0,"mock":true}},{"type":"Feature","id":349,"geometry":{"type":"Polygon","coordinates":[[[71.342,51.17852],[71.348,51.17852],[71.348,51.1823],[71.342,51.1823],[71.342,51.17852]]]},"properties":{"id":349,"trees":0,"canopy":1,"park_dist":1258,"pass_trees":false,"pass_canopy":false,"pass_dist":false,"score":0,"mock":true}},{"type":"Feature","id":350,"geometry":{"type":"Polygon","coordinates":[[[71.342,51.1823],[71.348,51.1823],[71.348,51.18608],[71.342,51.18608],[71.342,51.1823]]]},"properties":{"id":350,"trees":0,"canopy":1,"park_dist":1194,"pass_trees":false,"pass_canopy":false,"pass_dist":false,"score":0,"mock":true}},{"type":"Feature","id":351,"geometry":{"type":"Polygon","coordinates":[[[71.342,51.18608],[71.348,51.18608],[71.348,51.18986],[71.342,51.18986],[71.342,51.18608]]]},"properties":{"id":351,"trees":0,"canopy":4,"park_dist":1234,"pass_trees":false,"pass_canopy":false,"pass_dist":false,"score":0,"mock":true}},{"type":"Feature","id":352,"geometry":{"type":"Polygon","coordinates":[[[71.342,51.18986],[71.348,51.18986],[71.348,51.19364],[71.342,51.19364],[71.342,51.18986]]]},"properties":{"id":352,"trees":0,"canopy":2,"park_dist":1198,"pass_trees":false,"pass_canopy":false,"pass_dist":false,"score":0,"mock":true}},{"type":"Feature","id":353,"geometry":{"type":"Polygon","coordinates":[[[71.342,51.19364],[71.348,51.19364],[71.348,51.19742],[71.342,51.19742],[71.342,51.19364]]]},"properties":{"id":353,"trees":0,"canopy":2,"park_dist":1184,"pass_trees":false,"pass_canopy":false,"pass_dist":false,"score":0,"mock":true}},{"type":"Feature","id":354,"geometry":{"type":"Polygon","coordinates":[[[71.342,51.19742],[71.348,51.19742],[71.348,51.2012],[71.342,51.2012],[71.342,51.19742]]]},"properties":{"id":354,"trees":1,"canopy":2,"park_dist":1255,"pass_trees":false,"pass_canopy":false,"pass_dist":false,"score":0,"mock":true}},{"type":"Feature","id":355,"geometry":{"type":"Polygon","coordinates":[[[71.342,51.2012],[71.348,51.2012],[71.348,51.20498],[71.342,51.20498],[71.342,51.2012]]]},"properties":{"id":355,"trees":0,"canopy":1,"park_dist":1209,"pass_trees":false,"pass_canopy":false,"pass_dist":false,"score":0,"mock":true}},{"type":"Feature","id":356,"geometry":{"type":"Polygon","coordinates":[[[71.342,51.20498],[71.348,51.20498],[71.348,51.20876],[71.342,51.20876],[71.342,51.20498]]]},"properties":{"id":356,"trees":0,"canopy":3,"park_dist":1203,"pass_trees":false,"pass_canopy":false,"pass_dist":false,"score":0,"mock":true}},{"type":"Feature","id":357,"geometry":{"type":"Polygon","coordinates":[[[71.342,51.20876],[71.348,51.20876],[71.348,51.21254],[71.342,51.21254],[71.342,51.20876]]]},"properties":{"id":357,"trees":1,"canopy":5,"park_dist":1088,"pass_trees":false,"pass_canopy":false,"pass_dist":false,"score":0,"mock":true}},{"type":"Feature","id":358,"geometry":{"type":"Polygon","coordinates":[[[71.342,51.21254],[71.348,51.21254],[71.348,51.21632],[71.342,51.21632],[71.342,51.21254]]]},"properties":{"id":358,"trees":1,"canopy":4,"park_dist":1096,"pass_trees":false,"pass_canopy":false,"pass_dist":false,"score":0,"mock":true}},{"type":"Feature","id":359,"geometry":{"type":"Polygon","coordinates":[[[71.342,51.21632],[71.348,51.21632],[71.348,51.2201],[71.342,51.2201],[71.342,51.21632]]]},"properties":{"id":359,"trees":1,"canopy":6,"park_dist":1045,"pass_trees":false,"pass_canopy":false,"pass_dist":false,"score":0,"mock":true}},{"type":"Feature","id":360,"geometry":{"type":"Polygon","coordinates":[[[71.348,51.05],[71.354,51.05],[71.354,51.05378],[71.348,51.05378],[71.348,51.05]]]},"properties":{"id":360,"trees":1,"canopy":3,"park_dist":1062,"pass_trees":false,"pass_canopy":false,"pass_dist":false,"score":0,"mock":true}},{"type":"Feature","id":361,"geometry":{"type":"Polygon","coordinates":[[[71.348,51.05378],[71.354,51.05378],[71.354,51.05756],[71.348,51.05756],[71.348,51.05378]]]},"properties":{"id":361,"trees":1,"canopy":3,"park_dist":1104,"pass_trees":false,"pass_canopy":false,"pass_dist":false,"score":0,"mock":true}},{"type":"Feature","id":362,"geometry":{"type":"Polygon","coordinates":[[[71.348,51.05756],[71.354,51.05756],[71.354,51.06134],[71.348,51.06134],[71.348,51.05756]]]},"properties":{"id":362,"trees":0,"canopy":1,"park_dist":1184,"pass_trees":false,"pass_canopy":false,"pass_dist":false,"score":0,"mock":true}},{"type":"Feature","id":363,"geometry":{"type":"Polygon","coordinates":[[[71.348,51.06134],[71.354,51.06134],[71.354,51.06512],[71.348,51.06512],[71.348,51.06134]]]},"properties":{"id":363,"trees":0,"canopy":2,"park_dist":1232,"pass_trees":false,"pass_canopy":false,"pass_dist":false,"score":0,"mock":true}},{"type":"Feature","id":364,"geometry":{"type":"Polygon","coordinates":[[[71.348,51.06512],[71.354,51.06512],[71.354,51.0689],[71.348,51.0689],[71.348,51.06512]]]},"properties":{"id":364,"trees":0,"canopy":1,"park_dist":1166,"pass_trees":false,"pass_canopy":false,"pass_dist":false,"score":0,"mock":true}},{"type":"Feature","id":365,"geometry":{"type":"Polygon","coordinates":[[[71.348,51.0689],[71.354,51.0689],[71.354,51.07268],[71.348,51.07268],[71.348,51.0689]]]},"properties":{"id":365,"trees":0,"canopy":2,"park_dist":1195,"pass_trees":false,"pass_canopy":false,"pass_dist":false,"score":0,"mock":true}},{"type":"Feature","id":366,"geometry":{"type":"Polygon","coordinates":[[[71.348,51.07268],[71.354,51.07268],[71.354,51.07646],[71.348,51.07646],[71.348,51.07268]]]},"properties":{"id":366,"trees":0,"canopy":1,"park_dist":1177,"pass_trees":false,"pass_canopy":false,"pass_dist":false,"score":0,"mock":true}},{"type":"Feature","id":367,"geometry":{"type":"Polygon","coordinates":[[[71.348,51.07646],[71.354,51.07646],[71.354,51.08024],[71.348,51.08024],[71.348,51.07646]]]},"properties":{"id":367,"trees":0,"canopy":4,"park_dist":1150,"pass_trees":false,"pass_canopy":false,"pass_dist":false,"score":0,"mock":true}},{"type":"Feature","id":368,"geometry":{"type":"Polygon","coordinates":[[[71.348,51.08024],[71.354,51.08024],[71.354,51.08402],[71.348,51.08402],[71.348,51.08024]]]},"properties":{"id":368,"trees":0,"canopy":1,"park_dist":1263,"pass_trees":false,"pass_canopy":false,"pass_dist":false,"score":0,"mock":true}},{"type":"Feature","id":369,"geometry":{"type":"Polygon","coordinates":[[[71.348,51.08402],[71.354,51.08402],[71.354,51.0878],[71.348,51.0878],[71.348,51.08402]]]},"properties":{"id":369,"trees":0,"canopy":1,"park_dist":1181,"pass_trees":false,"pass_canopy":false,"pass_dist":false,"score":0,"mock":true}},{"type":"Feature","id":370,"geometry":{"type":"Polygon","coordinates":[[[71.348,51.0878],[71.354,51.0878],[71.354,51.09158],[71.348,51.09158],[71.348,51.0878]]]},"properties":{"id":370,"trees":0,"canopy":3,"park_dist":1227,"pass_trees":false,"pass_canopy":false,"pass_dist":false,"score":0,"mock":true}},{"type":"Feature","id":371,"geometry":{"type":"Polygon","coordinates":[[[71.348,51.09158],[71.354,51.09158],[71.354,51.09536],[71.348,51.09536],[71.348,51.09158]]]},"properties":{"id":371,"trees":0,"canopy":1,"park_dist":1243,"pass_trees":false,"pass_canopy":false,"pass_dist":false,"score":0,"mock":true}},{"type":"Feature","id":372,"geometry":{"type":"Polygon","coordinates":[[[71.348,51.09536],[71.354,51.09536],[71.354,51.09914],[71.348,51.09914],[71.348,51.09536]]]},"properties":{"id":372,"trees":0,"canopy":1,"park_dist":1223,"pass_trees":false,"pass_canopy":false,"pass_dist":false,"score":0,"mock":true}},{"type":"Feature","id":373,"geometry":{"type":"Polygon","coordinates":[[[71.348,51.09914],[71.354,51.09914],[71.354,51.10292],[71.348,51.10292],[71.348,51.09914]]]},"properties":{"id":373,"trees":0,"canopy":1,"park_dist":1197,"pass_trees":false,"pass_canopy":false,"pass_dist":false,"score":0,"mock":true}},{"type":"Feature","id":374,"geometry":{"type":"Polygon","coordinates":[[[71.348,51.10292],[71.354,51.10292],[71.354,51.1067],[71.348,51.1067],[71.348,51.10292]]]},"properties":{"id":374,"trees":1,"canopy":2,"park_dist":1230,"pass_trees":false,"pass_canopy":false,"pass_dist":false,"score":0,"mock":true}},{"type":"Feature","id":375,"geometry":{"type":"Polygon","coordinates":[[[71.348,51.1067],[71.354,51.1067],[71.354,51.11048],[71.348,51.11048],[71.348,51.1067]]]},"properties":{"id":375,"trees":1,"canopy":1,"park_dist":1180,"pass_trees":false,"pass_canopy":false,"pass_dist":false,"score":0,"mock":true}},{"type":"Feature","id":376,"geometry":{"type":"Polygon","coordinates":[[[71.348,51.11048],[71.354,51.11048],[71.354,51.11426],[71.348,51.11426],[71.348,51.11048]]]},"properties":{"id":376,"trees":0,"canopy":1,"park_dist":1243,"pass_trees":false,"pass_canopy":false,"pass_dist":false,"score":0,"mock":true}},{"type":"Feature","id":377,"geometry":{"type":"Polygon","coordinates":[[[71.348,51.11426],[71.354,51.11426],[71.354,51.11804],[71.348,51.11804],[71.348,51.11426]]]},"properties":{"id":377,"trees":0,"canopy":1,"park_dist":1145,"pass_trees":false,"pass_canopy":false,"pass_dist":false,"score":0,"mock":true}},{"type":"Feature","id":378,"geometry":{"type":"Polygon","coordinates":[[[71.348,51.11804],[71.354,51.11804],[71.354,51.12182],[71.348,51.12182],[71.348,51.11804]]]},"properties":{"id":378,"trees":1,"canopy":1,"park_dist":1131,"pass_trees":false,"pass_canopy":false,"pass_dist":false,"score":0,"mock":true}},{"type":"Feature","id":379,"geometry":{"type":"Polygon","coordinates":[[[71.348,51.12182],[71.354,51.12182],[71.354,51.1256],[71.348,51.1256],[71.348,51.12182]]]},"properties":{"id":379,"trees":1,"canopy":1,"park_dist":1146,"pass_trees":false,"pass_canopy":false,"pass_dist":false,"score":0,"mock":true}},{"type":"Feature","id":380,"geometry":{"type":"Polygon","coordinates":[[[71.348,51.1256],[71.354,51.1256],[71.354,51.12938],[71.348,51.12938],[71.348,51.1256]]]},"properties":{"id":380,"trees":1,"canopy":1,"park_dist":1112,"pass_trees":false,"pass_canopy":false,"pass_dist":false,"score":0,"mock":true}},{"type":"Feature","id":381,"geometry":{"type":"Polygon","coordinates":[[[71.348,51.12938],[71.354,51.12938],[71.354,51.13316],[71.348,51.13316],[71.348,51.12938]]]},"properties":{"id":381,"trees":0,"canopy":3,"park_dist":1218,"pass_trees":false,"pass_canopy":false,"pass_dist":false,"score":0,"mock":true}},{"type":"Feature","id":382,"geometry":{"type":"Polygon","coordinates":[[[71.348,51.13316],[71.354,51.13316],[71.354,51.13694],[71.348,51.13694],[71.348,51.13316]]]},"properties":{"id":382,"trees":0,"canopy":1,"park_dist":1229,"pass_trees":false,"pass_canopy":false,"pass_dist":false,"score":0,"mock":true}},{"type":"Feature","id":383,"geometry":{"type":"Polygon","coordinates":[[[71.348,51.13694],[71.354,51.13694],[71.354,51.14072],[71.348,51.14072],[71.348,51.13694]]]},"properties":{"id":383,"trees":0,"canopy":1,"park_dist":1161,"pass_trees":false,"pass_canopy":false,"pass_dist":false,"score":0,"mock":true}},{"type":"Feature","id":384,"geometry":{"type":"Polygon","coordinates":[[[71.348,51.14072],[71.354,51.14072],[71.354,51.1445],[71.348,51.1445],[71.348,51.14072]]]},"properties":{"id":384,"trees":0,"canopy":3,"park_dist":1188,"pass_trees":false,"pass_canopy":false,"pass_dist":false,"score":0,"mock":true}},{"type":"Feature","id":385,"geometry":{"type":"Polygon","coordinates":[[[71.348,51.1445],[71.354,51.1445],[71.354,51.14828],[71.348,51.14828],[71.348,51.1445]]]},"properties":{"id":385,"trees":0,"canopy":5,"park_dist":1156,"pass_trees":false,"pass_canopy":false,"pass_dist":false,"score":0,"mock":true}},{"type":"Feature","id":386,"geometry":{"type":"Polygon","coordinates":[[[71.348,51.14828],[71.354,51.14828],[71.354,51.15206],[71.348,51.15206],[71.348,51.14828]]]},"properties":{"id":386,"trees":1,"canopy":1,"park_dist":1241,"pass_trees":false,"pass_canopy":false,"pass_dist":false,"score":0,"mock":true}},{"type":"Feature","id":387,"geometry":{"type":"Polygon","coordinates":[[[71.348,51.15206],[71.354,51.15206],[71.354,51.15584],[71.348,51.15584],[71.348,51.15206]]]},"properties":{"id":387,"trees":0,"canopy":4,"park_dist":1213,"pass_trees":false,"pass_canopy":false,"pass_dist":false,"score":0,"mock":true}},{"type":"Feature","id":388,"geometry":{"type":"Polygon","coordinates":[[[71.348,51.15584],[71.354,51.15584],[71.354,51.15962],[71.348,51.15962],[71.348,51.15584]]]},"properties":{"id":388,"trees":0,"canopy":2,"park_dist":1233,"pass_trees":false,"pass_canopy":false,"pass_dist":false,"score":0,"mock":true}},{"type":"Feature","id":389,"geometry":{"type":"Polygon","coordinates":[[[71.348,51.15962],[71.354,51.15962],[71.354,51.1634],[71.348,51.1634],[71.348,51.15962]]]},"properties":{"id":389,"trees":0,"canopy":1,"park_dist":1249,"pass_trees":false,"pass_canopy":false,"pass_dist":false,"score":0,"mock":true}},{"type":"Feature","id":390,"geometry":{"type":"Polygon","coordinates":[[[71.348,51.1634],[71.354,51.1634],[71.354,51.16718],[71.348,51.16718],[71.348,51.1634]]]},"properties":{"id":390,"trees":0,"canopy":1,"park_dist":1226,"pass_trees":false,"pass_canopy":false,"pass_dist":false,"score":0,"mock":true}},{"type":"Feature","id":391,"geometry":{"type":"Polygon","coordinates":[[[71.348,51.16718],[71.354,51.16718],[71.354,51.17096],[71.348,51.17096],[71.348,51.16718]]]},"properties":{"id":391,"trees":0,"canopy":1,"park_dist":1207,"pass_trees":false,"pass_canopy":false,"pass_dist":false,"score":0,"mock":true}},{"type":"Feature","id":392,"geometry":{"type":"Polygon","coordinates":[[[71.348,51.17096],[71.354,51.17096],[71.354,51.17474],[71.348,51.17474],[71.348,51.17096]]]},"properties":{"id":392,"trees":0,"canopy":1,"park_dist":1276,"pass_trees":false,"pass_canopy":false,"pass_dist":false,"score":0,"mock":true}},{"type":"Feature","id":393,"geometry":{"type":"Polygon","coordinates":[[[71.348,51.17474],[71.354,51.17474],[71.354,51.17852],[71.348,51.17852],[71.348,51.17474]]]},"properties":{"id":393,"trees":0,"canopy":2,"park_dist":1243,"pass_trees":false,"pass_canopy":false,"pass_dist":false,"score":0,"mock":true}},{"type":"Feature","id":394,"geometry":{"type":"Polygon","coordinates":[[[71.348,51.17852],[71.354,51.17852],[71.354,51.1823],[71.348,51.1823],[71.348,51.17852]]]},"properties":{"id":394,"trees":0,"canopy":1,"park_dist":1250,"pass_trees":false,"pass_canopy":false,"pass_dist":false,"score":0,"mock":true}},{"type":"Feature","id":395,"geometry":{"type":"Polygon","coordinates":[[[71.348,51.1823],[71.354,51.1823],[71.354,51.18608],[71.348,51.18608],[71.348,51.1823]]]},"properties":{"id":395,"trees":0,"canopy":1,"park_dist":1216,"pass_trees":false,"pass_canopy":false,"pass_dist":false,"score":0,"mock":true}},{"type":"Feature","id":396,"geometry":{"type":"Polygon","coordinates":[[[71.348,51.18608],[71.354,51.18608],[71.354,51.18986],[71.348,51.18986],[71.348,51.18608]]]},"properties":{"id":396,"trees":1,"canopy":1,"park_dist":1178,"pass_trees":false,"pass_canopy":false,"pass_dist":false,"score":0,"mock":true}},{"type":"Feature","id":397,"geometry":{"type":"Polygon","coordinates":[[[71.348,51.18986],[71.354,51.18986],[71.354,51.19364],[71.348,51.19364],[71.348,51.18986]]]},"properties":{"id":397,"trees":0,"canopy":2,"park_dist":1157,"pass_trees":false,"pass_canopy":false,"pass_dist":false,"score":0,"mock":true}},{"type":"Feature","id":398,"geometry":{"type":"Polygon","coordinates":[[[71.348,51.19364],[71.354,51.19364],[71.354,51.19742],[71.348,51.19742],[71.348,51.19364]]]},"properties":{"id":398,"trees":0,"canopy":4,"park_dist":1197,"pass_trees":false,"pass_canopy":false,"pass_dist":false,"score":0,"mock":true}},{"type":"Feature","id":399,"geometry":{"type":"Polygon","coordinates":[[[71.348,51.19742],[71.354,51.19742],[71.354,51.2012],[71.348,51.2012],[71.348,51.19742]]]},"properties":{"id":399,"trees":0,"canopy":2,"park_dist":1224,"pass_trees":false,"pass_canopy":false,"pass_dist":false,"score":0,"mock":true}},{"type":"Feature","id":400,"geometry":{"type":"Polygon","coordinates":[[[71.348,51.2012],[71.354,51.2012],[71.354,51.20498],[71.348,51.20498],[71.348,51.2012]]]},"properties":{"id":400,"trees":0,"canopy":1,"park_dist":1300,"pass_trees":false,"pass_canopy":false,"pass_dist":false,"score":0,"mock":true}},{"type":"Feature","id":401,"geometry":{"type":"Polygon","coordinates":[[[71.348,51.20498],[71.354,51.20498],[71.354,51.20876],[71.348,51.20876],[71.348,51.20498]]]},"properties":{"id":401,"trees":1,"canopy":1,"park_dist":1285,"pass_trees":false,"pass_canopy":false,"pass_dist":false,"score":0,"mock":true}},{"type":"Feature","id":402,"geometry":{"type":"Polygon","coordinates":[[[71.348,51.20876],[71.354,51.20876],[71.354,51.21254],[71.348,51.21254],[71.348,51.20876]]]},"properties":{"id":402,"trees":0,"canopy":2,"park_dist":1206,"pass_trees":false,"pass_canopy":false,"pass_dist":false,"score":0,"mock":true}},{"type":"Feature","id":403,"geometry":{"type":"Polygon","coordinates":[[[71.348,51.21254],[71.354,51.21254],[71.354,51.21632],[71.348,51.21632],[71.348,51.21254]]]},"properties":{"id":403,"trees":0,"canopy":1,"park_dist":1253,"pass_trees":false,"pass_canopy":false,"pass_dist":false,"score":0,"mock":true}},{"type":"Feature","id":404,"geometry":{"type":"Polygon","coordinates":[[[71.348,51.21632],[71.354,51.21632],[71.354,51.2201],[71.348,51.2201],[71.348,51.21632]]]},"properties":{"id":404,"trees":2,"canopy":3,"park_dist":1077,"pass_trees":false,"pass_canopy":false,"pass_dist":false,"score":0,"mock":true}},{"type":"Feature","id":405,"geometry":{"type":"Polygon","coordinates":[[[71.354,51.05],[71.36,51.05],[71.36,51.05378],[71.354,51.05378],[71.354,51.05]]]},"properties":{"id":405,"trees":1,"canopy":5,"park_dist":1054,"pass_trees":false,"pass_canopy":false,"pass_dist":false,"score":0,"mock":true}},{"type":"Feature","id":406,"geometry":{"type":"Polygon","coordinates":[[[71.354,51.05378],[71.36,51.05378],[71.36,51.05756],[71.354,51.05756],[71.354,51.05378]]]},"properties":{"id":406,"trees":1,"canopy":3,"park_dist":1076,"pass_trees":false,"pass_canopy":false,"pass_dist":false,"score":0,"mock":true}},{"type":"Feature","id":407,"geometry":{"type":"Polygon","coordinates":[[[71.354,51.05756],[71.36,51.05756],[71.36,51.06134],[71.354,51.06134],[71.354,51.05756]]]},"properties":{"id":407,"trees":1,"canopy":7,"park_dist":1065,"pass_trees":false,"pass_canopy":false,"pass_dist":false,"score":0,"mock":true}},{"type":"Feature","id":408,"geometry":{"type":"Polygon","coordinates":[[[71.354,51.06134],[71.36,51.06134],[71.36,51.06512],[71.354,51.06512],[71.354,51.06134]]]},"properties":{"id":408,"trees":0,"canopy":1,"park_dist":1213,"pass_trees":false,"pass_canopy":false,"pass_dist":false,"score":0,"mock":true}},{"type":"Feature","id":409,"geometry":{"type":"Polygon","coordinates":[[[71.354,51.06512],[71.36,51.06512],[71.36,51.0689],[71.354,51.0689],[71.354,51.06512]]]},"properties":{"id":409,"trees":0,"canopy":1,"park_dist":1229,"pass_trees":false,"pass_canopy":false,"pass_dist":false,"score":0,"mock":true}},{"type":"Feature","id":410,"geometry":{"type":"Polygon","coordinates":[[[71.354,51.0689],[71.36,51.0689],[71.36,51.07268],[71.354,51.07268],[71.354,51.0689]]]},"properties":{"id":410,"trees":0,"canopy":2,"park_dist":1142,"pass_trees":false,"pass_canopy":false,"pass_dist":false,"score":0,"mock":true}},{"type":"Feature","id":411,"geometry":{"type":"Polygon","coordinates":[[[71.354,51.07268],[71.36,51.07268],[71.36,51.07646],[71.354,51.07646],[71.354,51.07268]]]},"properties":{"id":411,"trees":0,"canopy":1,"park_dist":1268,"pass_trees":false,"pass_canopy":false,"pass_dist":false,"score":0,"mock":true}},{"type":"Feature","id":412,"geometry":{"type":"Polygon","coordinates":[[[71.354,51.07646],[71.36,51.07646],[71.36,51.08024],[71.354,51.08024],[71.354,51.07646]]]},"properties":{"id":412,"trees":0,"canopy":1,"park_dist":1236,"pass_trees":false,"pass_canopy":false,"pass_dist":false,"score":0,"mock":true}},{"type":"Feature","id":413,"geometry":{"type":"Polygon","coordinates":[[[71.354,51.08024],[71.36,51.08024],[71.36,51.08402],[71.354,51.08402],[71.354,51.08024]]]},"properties":{"id":413,"trees":1,"canopy":1,"park_dist":1178,"pass_trees":false,"pass_canopy":false,"pass_dist":false,"score":0,"mock":true}},{"type":"Feature","id":414,"geometry":{"type":"Polygon","coordinates":[[[71.354,51.08402],[71.36,51.08402],[71.36,51.0878],[71.354,51.0878],[71.354,51.08402]]]},"properties":{"id":414,"trees":1,"canopy":1,"park_dist":1192,"pass_trees":false,"pass_canopy":false,"pass_dist":false,"score":0,"mock":true}},{"type":"Feature","id":415,"geometry":{"type":"Polygon","coordinates":[[[71.354,51.0878],[71.36,51.0878],[71.36,51.09158],[71.354,51.09158],[71.354,51.0878]]]},"properties":{"id":415,"trees":0,"canopy":1,"park_dist":1264,"pass_trees":false,"pass_canopy":false,"pass_dist":false,"score":0,"mock":true}},{"type":"Feature","id":416,"geometry":{"type":"Polygon","coordinates":[[[71.354,51.09158],[71.36,51.09158],[71.36,51.09536],[71.354,51.09536],[71.354,51.09158]]]},"properties":{"id":416,"trees":0,"canopy":1,"park_dist":1213,"pass_trees":false,"pass_canopy":false,"pass_dist":false,"score":0,"mock":true}},{"type":"Feature","id":417,"geometry":{"type":"Polygon","coordinates":[[[71.354,51.09536],[71.36,51.09536],[71.36,51.09914],[71.354,51.09914],[71.354,51.09536]]]},"properties":{"id":417,"trees":0,"canopy":1,"park_dist":1178,"pass_trees":false,"pass_canopy":false,"pass_dist":false,"score":0,"mock":true}},{"type":"Feature","id":418,"geometry":{"type":"Polygon","coordinates":[[[71.354,51.09914],[71.36,51.09914],[71.36,51.10292],[71.354,51.10292],[71.354,51.09914]]]},"properties":{"id":418,"trees":0,"canopy":1,"park_dist":1237,"pass_trees":false,"pass_canopy":false,"pass_dist":false,"score":0,"mock":true}},{"type":"Feature","id":419,"geometry":{"type":"Polygon","coordinates":[[[71.354,51.10292],[71.36,51.10292],[71.36,51.1067],[71.354,51.1067],[71.354,51.10292]]]},"properties":{"id":419,"trees":0,"canopy":2,"park_dist":1217,"pass_trees":false,"pass_canopy":false,"pass_dist":false,"score":0,"mock":true}},{"type":"Feature","id":420,"geometry":{"type":"Polygon","coordinates":[[[71.354,51.1067],[71.36,51.1067],[71.36,51.11048],[71.354,51.11048],[71.354,51.1067]]]},"properties":{"id":420,"trees":0,"canopy":3,"park_dist":1211,"pass_trees":false,"pass_canopy":false,"pass_dist":false,"score":0,"mock":true}},{"type":"Feature","id":421,"geometry":{"type":"Polygon","coordinates":[[[71.354,51.11048],[71.36,51.11048],[71.36,51.11426],[71.354,51.11426],[71.354,51.11048]]]},"properties":{"id":421,"trees":0,"canopy":2,"park_dist":1221,"pass_trees":false,"pass_canopy":false,"pass_dist":false,"score":0,"mock":true}},{"type":"Feature","id":422,"geometry":{"type":"Polygon","coordinates":[[[71.354,51.11426],[71.36,51.11426],[71.36,51.11804],[71.354,51.11804],[71.354,51.11426]]]},"properties":{"id":422,"trees":0,"canopy":1,"park_dist":1145,"pass_trees":false,"pass_canopy":false,"pass_dist":false,"score":0,"mock":true}},{"type":"Feature","id":423,"geometry":{"type":"Polygon","coordinates":[[[71.354,51.11804],[71.36,51.11804],[71.36,51.12182],[71.354,51.12182],[71.354,51.11804]]]},"properties":{"id":423,"trees":1,"canopy":6,"park_dist":1083,"pass_trees":false,"pass_canopy":false,"pass_dist":false,"score":0,"mock":true}},{"type":"Feature","id":424,"geometry":{"type":"Polygon","coordinates":[[[71.354,51.12182],[71.36,51.12182],[71.36,51.1256],[71.354,51.1256],[71.354,51.12182]]]},"properties":{"id":424,"trees":1,"canopy":6,"park_dist":1056,"pass_trees":false,"pass_canopy":false,"pass_dist":false,"score":0,"mock":true}},{"type":"Feature","id":425,"geometry":{"type":"Polygon","coordinates":[[[71.354,51.1256],[71.36,51.1256],[71.36,51.12938],[71.354,51.12938],[71.354,51.1256]]]},"properties":{"id":425,"trees":1,"canopy":1,"park_dist":1084,"pass_trees":false,"pass_canopy":false,"pass_dist":false,"score":0,"mock":true}},{"type":"Feature","id":426,"geometry":{"type":"Polygon","coordinates":[[[71.354,51.12938],[71.36,51.12938],[71.36,51.13316],[71.354,51.13316],[71.354,51.12938]]]},"properties":{"id":426,"trees":2,"canopy":4,"park_dist":995,"pass_trees":false,"pass_canopy":false,"pass_dist":false,"score":0,"mock":true}},{"type":"Feature","id":427,"geometry":{"type":"Polygon","coordinates":[[[71.354,51.13316],[71.36,51.13316],[71.36,51.13694],[71.354,51.13694],[71.354,51.13316]]]},"properties":{"id":427,"trees":1,"canopy":9,"park_dist":1111,"pass_trees":false,"pass_canopy":false,"pass_dist":false,"score":0,"mock":true}},{"type":"Feature","id":428,"geometry":{"type":"Polygon","coordinates":[[[71.354,51.13694],[71.36,51.13694],[71.36,51.14072],[71.354,51.14072],[71.354,51.13694]]]},"properties":{"id":428,"trees":1,"canopy":4,"park_dist":1114,"pass_trees":false,"pass_canopy":false,"pass_dist":false,"score":0,"mock":true}},{"type":"Feature","id":429,"geometry":{"type":"Polygon","coordinates":[[[71.354,51.14072],[71.36,51.14072],[71.36,51.1445],[71.354,51.1445],[71.354,51.14072]]]},"properties":{"id":429,"trees":0,"canopy":1,"park_dist":1281,"pass_trees":false,"pass_canopy":false,"pass_dist":false,"score":0,"mock":true}},{"type":"Feature","id":430,"geometry":{"type":"Polygon","coordinates":[[[71.354,51.1445],[71.36,51.1445],[71.36,51.14828],[71.354,51.14828],[71.354,51.1445]]]},"properties":{"id":430,"trees":1,"canopy":5,"park_dist":1206,"pass_trees":false,"pass_canopy":false,"pass_dist":false,"score":0,"mock":true}},{"type":"Feature","id":431,"geometry":{"type":"Polygon","coordinates":[[[71.354,51.14828],[71.36,51.14828],[71.36,51.15206],[71.354,51.15206],[71.354,51.14828]]]},"properties":{"id":431,"trees":0,"canopy":1,"park_dist":1295,"pass_trees":false,"pass_canopy":false,"pass_dist":false,"score":0,"mock":true}},{"type":"Feature","id":432,"geometry":{"type":"Polygon","coordinates":[[[71.354,51.15206],[71.36,51.15206],[71.36,51.15584],[71.354,51.15584],[71.354,51.15206]]]},"properties":{"id":432,"trees":0,"canopy":1,"park_dist":1254,"pass_trees":false,"pass_canopy":false,"pass_dist":false,"score":0,"mock":true}},{"type":"Feature","id":433,"geometry":{"type":"Polygon","coordinates":[[[71.354,51.15584],[71.36,51.15584],[71.36,51.15962],[71.354,51.15962],[71.354,51.15584]]]},"properties":{"id":433,"trees":0,"canopy":1,"park_dist":1224,"pass_trees":false,"pass_canopy":false,"pass_dist":false,"score":0,"mock":true}},{"type":"Feature","id":434,"geometry":{"type":"Polygon","coordinates":[[[71.354,51.15962],[71.36,51.15962],[71.36,51.1634],[71.354,51.1634],[71.354,51.15962]]]},"properties":{"id":434,"trees":0,"canopy":1,"park_dist":1180,"pass_trees":false,"pass_canopy":false,"pass_dist":false,"score":0,"mock":true}},{"type":"Feature","id":435,"geometry":{"type":"Polygon","coordinates":[[[71.354,51.1634],[71.36,51.1634],[71.36,51.16718],[71.354,51.16718],[71.354,51.1634]]]},"properties":{"id":435,"trees":0,"canopy":3,"park_dist":1204,"pass_trees":false,"pass_canopy":false,"pass_dist":false,"score":0,"mock":true}},{"type":"Feature","id":436,"geometry":{"type":"Polygon","coordinates":[[[71.354,51.16718],[71.36,51.16718],[71.36,51.17096],[71.354,51.17096],[71.354,51.16718]]]},"properties":{"id":436,"trees":0,"canopy":1,"park_dist":1195,"pass_trees":false,"pass_canopy":false,"pass_dist":false,"score":0,"mock":true}},{"type":"Feature","id":437,"geometry":{"type":"Polygon","coordinates":[[[71.354,51.17096],[71.36,51.17096],[71.36,51.17474],[71.354,51.17474],[71.354,51.17096]]]},"properties":{"id":437,"trees":1,"canopy":1,"park_dist":1163,"pass_trees":false,"pass_canopy":false,"pass_dist":false,"score":0,"mock":true}},{"type":"Feature","id":438,"geometry":{"type":"Polygon","coordinates":[[[71.354,51.17474],[71.36,51.17474],[71.36,51.17852],[71.354,51.17852],[71.354,51.17474]]]},"properties":{"id":438,"trees":0,"canopy":1,"park_dist":1205,"pass_trees":false,"pass_canopy":false,"pass_dist":false,"score":0,"mock":true}},{"type":"Feature","id":439,"geometry":{"type":"Polygon","coordinates":[[[71.354,51.17852],[71.36,51.17852],[71.36,51.1823],[71.354,51.1823],[71.354,51.17852]]]},"properties":{"id":439,"trees":0,"canopy":1,"park_dist":1205,"pass_trees":false,"pass_canopy":false,"pass_dist":false,"score":0,"mock":true}},{"type":"Feature","id":440,"geometry":{"type":"Polygon","coordinates":[[[71.354,51.1823],[71.36,51.1823],[71.36,51.18608],[71.354,51.18608],[71.354,51.1823]]]},"properties":{"id":440,"trees":1,"canopy":1,"park_dist":1167,"pass_trees":false,"pass_canopy":false,"pass_dist":false,"score":0,"mock":true}},{"type":"Feature","id":441,"geometry":{"type":"Polygon","coordinates":[[[71.354,51.18608],[71.36,51.18608],[71.36,51.18986],[71.354,51.18986],[71.354,51.18608]]]},"properties":{"id":441,"trees":0,"canopy":2,"park_dist":1103,"pass_trees":false,"pass_canopy":false,"pass_dist":false,"score":0,"mock":true}},{"type":"Feature","id":442,"geometry":{"type":"Polygon","coordinates":[[[71.354,51.18986],[71.36,51.18986],[71.36,51.19364],[71.354,51.19364],[71.354,51.18986]]]},"properties":{"id":442,"trees":0,"canopy":1,"park_dist":1191,"pass_trees":false,"pass_canopy":false,"pass_dist":false,"score":0,"mock":true}},{"type":"Feature","id":443,"geometry":{"type":"Polygon","coordinates":[[[71.354,51.19364],[71.36,51.19364],[71.36,51.19742],[71.354,51.19742],[71.354,51.19364]]]},"properties":{"id":443,"trees":0,"canopy":1,"park_dist":1135,"pass_trees":false,"pass_canopy":false,"pass_dist":false,"score":0,"mock":true}},{"type":"Feature","id":444,"geometry":{"type":"Polygon","coordinates":[[[71.354,51.19742],[71.36,51.19742],[71.36,51.2012],[71.354,51.2012],[71.354,51.19742]]]},"properties":{"id":444,"trees":0,"canopy":2,"park_dist":1254,"pass_trees":false,"pass_canopy":false,"pass_dist":false,"score":0,"mock":true}},{"type":"Feature","id":445,"geometry":{"type":"Polygon","coordinates":[[[71.354,51.2012],[71.36,51.2012],[71.36,51.20498],[71.354,51.20498],[71.354,51.2012]]]},"properties":{"id":445,"trees":0,"canopy":1,"park_dist":1215,"pass_trees":false,"pass_canopy":false,"pass_dist":false,"score":0,"mock":true}},{"type":"Feature","id":446,"geometry":{"type":"Polygon","coordinates":[[[71.354,51.20498],[71.36,51.20498],[71.36,51.20876],[71.354,51.20876],[71.354,51.20498]]]},"properties":{"id":446,"trees":0,"canopy":2,"park_dist":1186,"pass_trees":false,"pass_canopy":false,"pass_dist":false,"score":0,"mock":true}},{"type":"Feature","id":447,"geometry":{"type":"Polygon","coordinates":[[[71.354,51.20876],[71.36,51.20876],[71.36,51.21254],[71.354,51.21254],[71.354,51.20876]]]},"properties":{"id":447,"trees":0,"canopy":1,"park_dist":1232,"pass_trees":false,"pass_canopy":false,"pass_dist":false,"score":0,"mock":true}},{"type":"Feature","id":448,"geometry":{"type":"Polygon","coordinates":[[[71.354,51.21254],[71.36,51.21254],[71.36,51.21632],[71.354,51.21632],[71.354,51.21254]]]},"properties":{"id":448,"trees":0,"canopy":1,"park_dist":1250,"pass_trees":false,"pass_canopy":false,"pass_dist":false,"score":0,"mock":true}},{"type":"Feature","id":449,"geometry":{"type":"Polygon","coordinates":[[[71.354,51.21632],[71.36,51.21632],[71.36,51.2201],[71.354,51.2201],[71.354,51.21632]]]},"properties":{"id":449,"trees":0,"canopy":1,"park_dist":1157,"pass_trees":false,"pass_canopy":false,"pass_dist":false,"score":0,"mock":true}},{"type":"Feature","id":450,"geometry":{"type":"Polygon","coordinates":[[[71.36,51.05],[71.366,51.05],[71.366,51.05378],[71.36,51.05378],[71.36,51.05]]]},"properties":{"id":450,"trees":2,"canopy":8,"park_dist":964,"pass_trees":false,"pass_canopy":false,"pass_dist":false,"score":0,"mock":true}},{"type":"Feature","id":451,"geometry":{"type":"Polygon","coordinates":[[[71.36,51.05378],[71.366,51.05378],[71.366,51.05756],[71.36,51.05756],[71.36,51.05378]]]},"properties":{"id":451,"trees":2,"canopy":11,"park_dist":979,"pass_trees":false,"pass_canopy":false,"pass_dist":false,"score":0,"mock":true}},{"type":"Feature","id":452,"geometry":{"type":"Polygon","coordinates":[[[71.36,51.05756],[71.366,51.05756],[71.366,51.06134],[71.36,51.06134],[71.36,51.05756]]]},"properties":{"id":452,"trees":1,"canopy":3,"park_dist":1149,"pass_trees":false,"pass_canopy":false,"pass_dist":false,"score":0,"mock":true}},{"type":"Feature","id":453,"geometry":{"type":"Polygon","coordinates":[[[71.36,51.06134],[71.366,51.06134],[71.366,51.06512],[71.36,51.06512],[71.36,51.06134]]]},"properties":{"id":453,"trees":0,"canopy":3,"park_dist":1084,"pass_trees":false,"pass_canopy":false,"pass_dist":false,"score":0,"mock":true}},{"type":"Feature","id":454,"geometry":{"type":"Polygon","coordinates":[[[71.36,51.06512],[71.366,51.06512],[71.366,51.0689],[71.36,51.0689],[71.36,51.06512]]]},"properties":{"id":454,"trees":0,"canopy":5,"park_dist":1163,"pass_trees":false,"pass_canopy":false,"pass_dist":false,"score":0,"mock":true}},{"type":"Feature","id":455,"geometry":{"type":"Polygon","coordinates":[[[71.36,51.0689],[71.366,51.0689],[71.366,51.07268],[71.36,51.07268],[71.36,51.0689]]]},"properties":{"id":455,"trees":0,"canopy":1,"park_dist":1200,"pass_trees":false,"pass_canopy":false,"pass_dist":false,"score":0,"mock":true}},{"type":"Feature","id":456,"geometry":{"type":"Polygon","coordinates":[[[71.36,51.07268],[71.366,51.07268],[71.366,51.07646],[71.36,51.07646],[71.36,51.07268]]]},"properties":{"id":456,"trees":1,"canopy":1,"park_dist":1224,"pass_trees":false,"pass_canopy":false,"pass_dist":false,"score":0,"mock":true}},{"type":"Feature","id":457,"geometry":{"type":"Polygon","coordinates":[[[71.36,51.07646],[71.366,51.07646],[71.366,51.08024],[71.36,51.08024],[71.36,51.07646]]]},"properties":{"id":457,"trees":0,"canopy":4,"park_dist":1206,"pass_trees":false,"pass_canopy":false,"pass_dist":false,"score":0,"mock":true}},{"type":"Feature","id":458,"geometry":{"type":"Polygon","coordinates":[[[71.36,51.08024],[71.366,51.08024],[71.366,51.08402],[71.36,51.08402],[71.36,51.08024]]]},"properties":{"id":458,"trees":0,"canopy":1,"park_dist":1222,"pass_trees":false,"pass_canopy":false,"pass_dist":false,"score":0,"mock":true}},{"type":"Feature","id":459,"geometry":{"type":"Polygon","coordinates":[[[71.36,51.08402],[71.366,51.08402],[71.366,51.0878],[71.36,51.0878],[71.36,51.08402]]]},"properties":{"id":459,"trees":0,"canopy":4,"park_dist":1235,"pass_trees":false,"pass_canopy":false,"pass_dist":false,"score":0,"mock":true}},{"type":"Feature","id":460,"geometry":{"type":"Polygon","coordinates":[[[71.36,51.0878],[71.366,51.0878],[71.366,51.09158],[71.36,51.09158],[71.36,51.0878]]]},"properties":{"id":460,"trees":0,"canopy":2,"park_dist":1197,"pass_trees":false,"pass_canopy":false,"pass_dist":false,"score":0,"mock":true}},{"type":"Feature","id":461,"geometry":{"type":"Polygon","coordinates":[[[71.36,51.09158],[71.366,51.09158],[71.366,51.09536],[71.36,51.09536],[71.36,51.09158]]]},"properties":{"id":461,"trees":0,"canopy":2,"park_dist":1171,"pass_trees":false,"pass_canopy":false,"pass_dist":false,"score":0,"mock":true}},{"type":"Feature","id":462,"geometry":{"type":"Polygon","coordinates":[[[71.36,51.09536],[71.366,51.09536],[71.366,51.09914],[71.36,51.09914],[71.36,51.09536]]]},"properties":{"id":462,"trees":0,"canopy":1,"park_dist":1158,"pass_trees":false,"pass_canopy":false,"pass_dist":false,"score":0,"mock":true}},{"type":"Feature","id":463,"geometry":{"type":"Polygon","coordinates":[[[71.36,51.09914],[71.366,51.09914],[71.366,51.10292],[71.36,51.10292],[71.36,51.09914]]]},"properties":{"id":463,"trees":1,"canopy":1,"park_dist":1268,"pass_trees":false,"pass_canopy":false,"pass_dist":false,"score":0,"mock":true}},{"type":"Feature","id":464,"geometry":{"type":"Polygon","coordinates":[[[71.36,51.10292],[71.366,51.10292],[71.366,51.1067],[71.36,51.1067],[71.36,51.10292]]]},"properties":{"id":464,"trees":0,"canopy":1,"park_dist":1144,"pass_trees":false,"pass_canopy":false,"pass_dist":false,"score":0,"mock":true}},{"type":"Feature","id":465,"geometry":{"type":"Polygon","coordinates":[[[71.36,51.1067],[71.366,51.1067],[71.366,51.11048],[71.36,51.11048],[71.36,51.1067]]]},"properties":{"id":465,"trees":1,"canopy":1,"park_dist":1108,"pass_trees":false,"pass_canopy":false,"pass_dist":false,"score":0,"mock":true}},{"type":"Feature","id":466,"geometry":{"type":"Polygon","coordinates":[[[71.36,51.11048],[71.366,51.11048],[71.366,51.11426],[71.36,51.11426],[71.36,51.11048]]]},"properties":{"id":466,"trees":0,"canopy":1,"park_dist":1122,"pass_trees":false,"pass_canopy":false,"pass_dist":false,"score":0,"mock":true}},{"type":"Feature","id":467,"geometry":{"type":"Polygon","coordinates":[[[71.36,51.11426],[71.366,51.11426],[71.366,51.11804],[71.36,51.11804],[71.36,51.11426]]]},"properties":{"id":467,"trees":1,"canopy":10,"park_dist":1067,"pass_trees":false,"pass_canopy":false,"pass_dist":false,"score":0,"mock":true}},{"type":"Feature","id":468,"geometry":{"type":"Polygon","coordinates":[[[71.36,51.11804],[71.366,51.11804],[71.366,51.12182],[71.36,51.12182],[71.36,51.11804]]]},"properties":{"id":468,"trees":2,"canopy":10,"park_dist":1011,"pass_trees":false,"pass_canopy":false,"pass_dist":false,"score":0,"mock":true}},{"type":"Feature","id":469,"geometry":{"type":"Polygon","coordinates":[[[71.36,51.12182],[71.366,51.12182],[71.366,51.1256],[71.36,51.1256],[71.36,51.12182]]]},"properties":{"id":469,"trees":2,"canopy":9,"park_dist":925,"pass_trees":false,"pass_canopy":false,"pass_dist":false,"score":0,"mock":true}},{"type":"Feature","id":470,"geometry":{"type":"Polygon","coordinates":[[[71.36,51.1256],[71.366,51.1256],[71.366,51.12938],[71.36,51.12938],[71.36,51.1256]]]},"properties":{"id":470,"trees":3,"canopy":10,"park_dist":869,"pass_trees":true,"pass_canopy":false,"pass_dist":false,"score":1,"mock":true}},{"type":"Feature","id":471,"geometry":{"type":"Polygon","coordinates":[[[71.36,51.12938],[71.366,51.12938],[71.366,51.13316],[71.36,51.13316],[71.36,51.12938]]]},"properties":{"id":471,"trees":2,"canopy":10,"park_dist":937,"pass_trees":false,"pass_canopy":false,"pass_dist":false,"score":0,"mock":true}},{"type":"Feature","id":472,"geometry":{"type":"Polygon","coordinates":[[[71.36,51.13316],[71.366,51.13316],[71.366,51.13694],[71.36,51.13694],[71.36,51.13316]]]},"properties":{"id":472,"trees":2,"canopy":9,"park_dist":1033,"pass_trees":false,"pass_canopy":false,"pass_dist":false,"score":0,"mock":true}},{"type":"Feature","id":473,"geometry":{"type":"Polygon","coordinates":[[[71.36,51.13694],[71.366,51.13694],[71.366,51.14072],[71.36,51.14072],[71.36,51.13694]]]},"properties":{"id":473,"trees":1,"canopy":7,"park_dist":1012,"pass_trees":false,"pass_canopy":false,"pass_dist":false,"score":0,"mock":true}},{"type":"Feature","id":474,"geometry":{"type":"Polygon","coordinates":[[[71.36,51.14072],[71.366,51.14072],[71.366,51.1445],[71.36,51.1445],[71.36,51.14072]]]},"properties":{"id":474,"trees":2,"canopy":3,"park_dist":1060,"pass_trees":false,"pass_canopy":false,"pass_dist":false,"score":0,"mock":true}},{"type":"Feature","id":475,"geometry":{"type":"Polygon","coordinates":[[[71.36,51.1445],[71.366,51.1445],[71.366,51.14828],[71.36,51.14828],[71.36,51.1445]]]},"properties":{"id":475,"trees":0,"canopy":3,"park_dist":1062,"pass_trees":false,"pass_canopy":false,"pass_dist":false,"score":0,"mock":true}},{"type":"Feature","id":476,"geometry":{"type":"Polygon","coordinates":[[[71.36,51.14828],[71.366,51.14828],[71.366,51.15206],[71.36,51.15206],[71.36,51.14828]]]},"properties":{"id":476,"trees":0,"canopy":4,"park_dist":1183,"pass_trees":false,"pass_canopy":false,"pass_dist":false,"score":0,"mock":true}},{"type":"Feature","id":477,"geometry":{"type":"Polygon","coordinates":[[[71.36,51.15206],[71.366,51.15206],[71.366,51.15584],[71.36,51.15584],[71.36,51.15206]]]},"properties":{"id":477,"trees":0,"canopy":1,"park_dist":1239,"pass_trees":false,"pass_canopy":false,"pass_dist":false,"score":0,"mock":true}},{"type":"Feature","id":478,"geometry":{"type":"Polygon","coordinates":[[[71.36,51.15584],[71.366,51.15584],[71.366,51.15962],[71.36,51.15962],[71.36,51.15584]]]},"properties":{"id":478,"trees":0,"canopy":1,"park_dist":1161,"pass_trees":false,"pass_canopy":false,"pass_dist":false,"score":0,"mock":true}},{"type":"Feature","id":479,"geometry":{"type":"Polygon","coordinates":[[[71.36,51.15962],[71.366,51.15962],[71.366,51.1634],[71.36,51.1634],[71.36,51.15962]]]},"properties":{"id":479,"trees":0,"canopy":1,"park_dist":1200,"pass_trees":false,"pass_canopy":false,"pass_dist":false,"score":0,"mock":true}},{"type":"Feature","id":480,"geometry":{"type":"Polygon","coordinates":[[[71.36,51.1634],[71.366,51.1634],[71.366,51.16718],[71.36,51.16718],[71.36,51.1634]]]},"properties":{"id":480,"trees":0,"canopy":1,"park_dist":1180,"pass_trees":false,"pass_canopy":false,"pass_dist":false,"score":0,"mock":true}},{"type":"Feature","id":481,"geometry":{"type":"Polygon","coordinates":[[[71.36,51.16718],[71.366,51.16718],[71.366,51.17096],[71.36,51.17096],[71.36,51.16718]]]},"properties":{"id":481,"trees":0,"canopy":1,"park_dist":1105,"pass_trees":false,"pass_canopy":false,"pass_dist":false,"score":0,"mock":true}},{"type":"Feature","id":482,"geometry":{"type":"Polygon","coordinates":[[[71.36,51.17096],[71.366,51.17096],[71.366,51.17474],[71.36,51.17474],[71.36,51.17096]]]},"properties":{"id":482,"trees":1,"canopy":2,"park_dist":1211,"pass_trees":false,"pass_canopy":false,"pass_dist":false,"score":0,"mock":true}},{"type":"Feature","id":483,"geometry":{"type":"Polygon","coordinates":[[[71.36,51.17474],[71.366,51.17474],[71.366,51.17852],[71.36,51.17852],[71.36,51.17474]]]},"properties":{"id":483,"trees":0,"canopy":2,"park_dist":1287,"pass_trees":false,"pass_canopy":false,"pass_dist":false,"score":0,"mock":true}},{"type":"Feature","id":484,"geometry":{"type":"Polygon","coordinates":[[[71.36,51.17852],[71.366,51.17852],[71.366,51.1823],[71.36,51.1823],[71.36,51.17852]]]},"properties":{"id":484,"trees":0,"canopy":1,"park_dist":1214,"pass_trees":false,"pass_canopy":false,"pass_dist":false,"score":0,"mock":true}},{"type":"Feature","id":485,"geometry":{"type":"Polygon","coordinates":[[[71.36,51.1823],[71.366,51.1823],[71.366,51.18608],[71.36,51.18608],[71.36,51.1823]]]},"properties":{"id":485,"trees":0,"canopy":1,"park_dist":1165,"pass_trees":false,"pass_canopy":false,"pass_dist":false,"score":0,"mock":true}},{"type":"Feature","id":486,"geometry":{"type":"Polygon","coordinates":[[[71.36,51.18608],[71.366,51.18608],[71.366,51.18986],[71.36,51.18986],[71.36,51.18608]]]},"properties":{"id":486,"trees":0,"canopy":3,"park_dist":1204,"pass_trees":false,"pass_canopy":false,"pass_dist":false,"score":0,"mock":true}},{"type":"Feature","id":487,"geometry":{"type":"Polygon","coordinates":[[[71.36,51.18986],[71.366,51.18986],[71.366,51.19364],[71.36,51.19364],[71.36,51.18986]]]},"properties":{"id":487,"trees":1,"canopy":1,"park_dist":1260,"pass_trees":false,"pass_canopy":false,"pass_dist":false,"score":0,"mock":true}},{"type":"Feature","id":488,"geometry":{"type":"Polygon","coordinates":[[[71.36,51.19364],[71.366,51.19364],[71.366,51.19742],[71.36,51.19742],[71.36,51.19364]]]},"properties":{"id":488,"trees":0,"canopy":1,"park_dist":1239,"pass_trees":false,"pass_canopy":false,"pass_dist":false,"score":0,"mock":true}},{"type":"Feature","id":489,"geometry":{"type":"Polygon","coordinates":[[[71.36,51.19742],[71.366,51.19742],[71.366,51.2012],[71.36,51.2012],[71.36,51.19742]]]},"properties":{"id":489,"trees":0,"canopy":1,"park_dist":1259,"pass_trees":false,"pass_canopy":false,"pass_dist":false,"score":0,"mock":true}},{"type":"Feature","id":490,"geometry":{"type":"Polygon","coordinates":[[[71.36,51.2012],[71.366,51.2012],[71.366,51.20498],[71.36,51.20498],[71.36,51.2012]]]},"properties":{"id":490,"trees":0,"canopy":1,"park_dist":1172,"pass_trees":false,"pass_canopy":false,"pass_dist":false,"score":0,"mock":true}},{"type":"Feature","id":491,"geometry":{"type":"Polygon","coordinates":[[[71.36,51.20498],[71.366,51.20498],[71.366,51.20876],[71.36,51.20876],[71.36,51.20498]]]},"properties":{"id":491,"trees":0,"canopy":1,"park_dist":1217,"pass_trees":false,"pass_canopy":false,"pass_dist":false,"score":0,"mock":true}},{"type":"Feature","id":492,"geometry":{"type":"Polygon","coordinates":[[[71.36,51.20876],[71.366,51.20876],[71.366,51.21254],[71.36,51.21254],[71.36,51.20876]]]},"properties":{"id":492,"trees":0,"canopy":1,"park_dist":1186,"pass_trees":false,"pass_canopy":false,"pass_dist":false,"score":0,"mock":true}},{"type":"Feature","id":493,"geometry":{"type":"Polygon","coordinates":[[[71.36,51.21254],[71.366,51.21254],[71.366,51.21632],[71.36,51.21632],[71.36,51.21254]]]},"properties":{"id":493,"trees":0,"canopy":1,"park_dist":1222,"pass_trees":false,"pass_canopy":false,"pass_dist":false,"score":0,"mock":true}},{"type":"Feature","id":494,"geometry":{"type":"Polygon","coordinates":[[[71.36,51.21632],[71.366,51.21632],[71.366,51.2201],[71.36,51.2201],[71.36,51.21632]]]},"properties":{"id":494,"trees":0,"canopy":1,"park_dist":1220,"pass_trees":false,"pass_canopy":false,"pass_dist":false,"score":0,"mock":true}},{"type":"Feature","id":495,"geometry":{"type":"Polygon","coordinates":[[[71.366,51.05],[71.372,51.05],[71.372,51.05378],[71.366,51.05378],[71.366,51.05]]]},"properties":{"id":495,"trees":1,"canopy":8,"park_dist":986,"pass_trees":false,"pass_canopy":false,"pass_dist":false,"score":0,"mock":true}},{"type":"Feature","id":496,"geometry":{"type":"Polygon","coordinates":[[[71.366,51.05378],[71.372,51.05378],[71.372,51.05756],[71.366,51.05756],[71.366,51.05378]]]},"properties":{"id":496,"trees":1,"canopy":5,"park_dist":1011,"pass_trees":false,"pass_canopy":false,"pass_dist":false,"score":0,"mock":true}},{"type":"Feature","id":497,"geometry":{"type":"Polygon","coordinates":[[[71.366,51.05756],[71.372,51.05756],[71.372,51.06134],[71.366,51.06134],[71.366,51.05756]]]},"properties":{"id":497,"trees":1,"canopy":7,"park_dist":1011,"pass_trees":false,"pass_canopy":false,"pass_dist":false,"score":0,"mock":true}},{"type":"Feature","id":498,"geometry":{"type":"Polygon","coordinates":[[[71.366,51.06134],[71.372,51.06134],[71.372,51.06512],[71.366,51.06512],[71.366,51.06134]]]},"properties":{"id":498,"trees":1,"canopy":3,"park_dist":1150,"pass_trees":false,"pass_canopy":false,"pass_dist":false,"score":0,"mock":true}},{"type":"Feature","id":499,"geometry":{"type":"Polygon","coordinates":[[[71.366,51.06512],[71.372,51.06512],[71.372,51.0689],[71.366,51.0689],[71.366,51.06512]]]},"properties":{"id":499,"trees":1,"canopy":5,"park_dist":1197,"pass_trees":false,"pass_canopy":false,"pass_dist":false,"score":0,"mock":true}},{"type":"Feature","id":500,"geometry":{"type":"Polygon","coordinates":[[[71.366,51.0689],[71.372,51.0689],[71.372,51.07268],[71.366,51.07268],[71.366,51.0689]]]},"properties":{"id":500,"trees":0,"canopy":1,"park_dist":1130,"pass_trees":false,"pass_canopy":false,"pass_dist":false,"score":0,"mock":true}},{"type":"Feature","id":501,"geometry":{"type":"Polygon","coordinates":[[[71.366,51.07268],[71.372,51.07268],[71.372,51.07646],[71.366,51.07646],[71.366,51.07268]]]},"properties":{"id":501,"trees":1,"canopy":4,"park_dist":1087,"pass_trees":false,"pass_canopy":false,"pass_dist":false,"score":0,"mock":true}},{"type":"Feature","id":502,"geometry":{"type":"Polygon","coordinates":[[[71.366,51.07646],[71.372,51.07646],[71.372,51.08024],[71.366,51.08024],[71.366,51.07646]]]},"properties":{"id":502,"trees":1,"canopy":5,"park_dist":1032,"pass_trees":false,"pass_canopy":false,"pass_dist":false,"score":0,"mock":true}},{"type":"Feature","id":503,"geometry":{"type":"Polygon","coordinates":[[[71.366,51.08024],[71.372,51.08024],[71.372,51.08402],[71.366,51.08402],[71.366,51.08024]]]},"properties":{"id":503,"trees":1,"canopy":4,"park_dist":1197,"pass_trees":false,"pass_canopy":false,"pass_dist":false,"score":0,"mock":true}},{"type":"Feature","id":504,"geometry":{"type":"Polygon","coordinates":[[[71.366,51.08402],[71.372,51.08402],[71.372,51.0878],[71.366,51.0878],[71.366,51.08402]]]},"properties":{"id":504,"trees":1,"canopy":8,"park_dist":998,"pass_trees":false,"pass_canopy":false,"pass_dist":false,"score":0,"mock":true}},{"type":"Feature","id":505,"geometry":{"type":"Polygon","coordinates":[[[71.366,51.0878],[71.372,51.0878],[71.372,51.09158],[71.366,51.09158],[71.366,51.0878]]]},"properties":{"id":505,"trees":0,"canopy":1,"park_dist":1106,"pass_trees":false,"pass_canopy":false,"pass_dist":false,"score":0,"mock":true}},{"type":"Feature","id":506,"geometry":{"type":"Polygon","coordinates":[[[71.366,51.09158],[71.372,51.09158],[71.372,51.09536],[71.366,51.09536],[71.366,51.09158]]]},"properties":{"id":506,"trees":0,"canopy":1,"park_dist":1144,"pass_trees":false,"pass_canopy":false,"pass_dist":false,"score":0,"mock":true}},{"type":"Feature","id":507,"geometry":{"type":"Polygon","coordinates":[[[71.366,51.09536],[71.372,51.09536],[71.372,51.09914],[71.366,51.09914],[71.366,51.09536]]]},"properties":{"id":507,"trees":1,"canopy":5,"park_dist":1033,"pass_trees":false,"pass_canopy":false,"pass_dist":false,"score":0,"mock":true}},{"type":"Feature","id":508,"geometry":{"type":"Polygon","coordinates":[[[71.366,51.09914],[71.372,51.09914],[71.372,51.10292],[71.366,51.10292],[71.366,51.09914]]]},"properties":{"id":508,"trees":2,"canopy":3,"park_dist":1005,"pass_trees":false,"pass_canopy":false,"pass_dist":false,"score":0,"mock":true}},{"type":"Feature","id":509,"geometry":{"type":"Polygon","coordinates":[[[71.366,51.10292],[71.372,51.10292],[71.372,51.1067],[71.366,51.1067],[71.366,51.10292]]]},"properties":{"id":509,"trees":1,"canopy":8,"park_dist":1001,"pass_trees":false,"pass_canopy":false,"pass_dist":false,"score":0,"mock":true}},{"type":"Feature","id":510,"geometry":{"type":"Polygon","coordinates":[[[71.366,51.1067],[71.372,51.1067],[71.372,51.11048],[71.366,51.11048],[71.366,51.1067]]]},"properties":{"id":510,"trees":1,"canopy":7,"park_dist":1010,"pass_trees":false,"pass_canopy":false,"pass_dist":false,"score":0,"mock":true}},{"type":"Feature","id":511,"geometry":{"type":"Polygon","coordinates":[[[71.366,51.11048],[71.372,51.11048],[71.372,51.11426],[71.366,51.11426],[71.366,51.11048]]]},"properties":{"id":511,"trees":1,"canopy":10,"park_dist":976,"pass_trees":false,"pass_canopy":false,"pass_dist":false,"score":0,"mock":true}},{"type":"Feature","id":512,"geometry":{"type":"Polygon","coordinates":[[[71.366,51.11426],[71.372,51.11426],[71.372,51.11804],[71.366,51.11804],[71.366,51.11426]]]},"properties":{"id":512,"trees":2,"canopy":13,"park_dist":921,"pass_trees":false,"pass_canopy":false,"pass_dist":false,"score":0,"mock":true}},{"type":"Feature","id":513,"geometry":{"type":"Polygon","coordinates":[[[71.366,51.11804],[71.372,51.11804],[71.372,51.12182],[71.366,51.12182],[71.366,51.11804]]]},"properties":{"id":513,"trees":3,"canopy":13,"park_dist":819,"pass_trees":true,"pass_canopy":false,"pass_dist":false,"score":1,"mock":true}},{"type":"Feature","id":514,"geometry":{"type":"Polygon","coordinates":[[[71.366,51.12182],[71.372,51.12182],[71.372,51.1256],[71.366,51.1256],[71.366,51.12182]]]},"properties":{"id":514,"trees":3,"canopy":13,"park_dist":900,"pass_trees":true,"pass_canopy":false,"pass_dist":false,"score":1,"mock":true}},{"type":"Feature","id":515,"geometry":{"type":"Polygon","coordinates":[[[71.366,51.1256],[71.372,51.1256],[71.372,51.12938],[71.366,51.12938],[71.366,51.1256]]]},"properties":{"id":515,"trees":3,"canopy":18,"park_dist":673,"pass_trees":true,"pass_canopy":false,"pass_dist":false,"score":1,"mock":true}},{"type":"Feature","id":516,"geometry":{"type":"Polygon","coordinates":[[[71.366,51.12938],[71.372,51.12938],[71.372,51.13316],[71.366,51.13316],[71.366,51.12938]]]},"properties":{"id":516,"trees":3,"canopy":15,"park_dist":778,"pass_trees":true,"pass_canopy":false,"pass_dist":false,"score":1,"mock":true}},{"type":"Feature","id":517,"geometry":{"type":"Polygon","coordinates":[[[71.366,51.13316],[71.372,51.13316],[71.372,51.13694],[71.366,51.13694],[71.366,51.13316]]]},"properties":{"id":517,"trees":3,"canopy":18,"park_dist":813,"pass_trees":true,"pass_canopy":false,"pass_dist":false,"score":1,"mock":true}},{"type":"Feature","id":518,"geometry":{"type":"Polygon","coordinates":[[[71.366,51.13694],[71.372,51.13694],[71.372,51.14072],[71.366,51.14072],[71.366,51.13694]]]},"properties":{"id":518,"trees":3,"canopy":14,"park_dist":911,"pass_trees":true,"pass_canopy":false,"pass_dist":false,"score":1,"mock":true}},{"type":"Feature","id":519,"geometry":{"type":"Polygon","coordinates":[[[71.366,51.14072],[71.372,51.14072],[71.372,51.1445],[71.366,51.1445],[71.366,51.14072]]]},"properties":{"id":519,"trees":2,"canopy":13,"park_dist":861,"pass_trees":false,"pass_canopy":false,"pass_dist":false,"score":0,"mock":true}},{"type":"Feature","id":520,"geometry":{"type":"Polygon","coordinates":[[[71.366,51.1445],[71.372,51.1445],[71.372,51.14828],[71.366,51.14828],[71.366,51.1445]]]},"properties":{"id":520,"trees":2,"canopy":11,"park_dist":977,"pass_trees":false,"pass_canopy":false,"pass_dist":false,"score":0,"mock":true}},{"type":"Feature","id":521,"geometry":{"type":"Polygon","coordinates":[[[71.366,51.14828],[71.372,51.14828],[71.372,51.15206],[71.366,51.15206],[71.366,51.14828]]]},"properties":{"id":521,"trees":1,"canopy":7,"park_dist":1069,"pass_trees":false,"pass_canopy":false,"pass_dist":false,"score":0,"mock":true}},{"type":"Feature","id":522,"geometry":{"type":"Polygon","coordinates":[[[71.366,51.15206],[71.372,51.15206],[71.372,51.15584],[71.366,51.15584],[71.366,51.15206]]]},"properties":{"id":522,"trees":0,"canopy":2,"park_dist":1155,"pass_trees":false,"pass_canopy":false,"pass_dist":false,"score":0,"mock":true}},{"type":"Feature","id":523,"geometry":{"type":"Polygon","coordinates":[[[71.366,51.15584],[71.372,51.15584],[71.372,51.15962],[71.366,51.15962],[71.366,51.15584]]]},"properties":{"id":523,"trees":0,"canopy":1,"park_dist":1175,"pass_trees":false,"pass_canopy":false,"pass_dist":false,"score":0,"mock":true}},{"type":"Feature","id":524,"geometry":{"type":"Polygon","coordinates":[[[71.366,51.15962],[71.372,51.15962],[71.372,51.1634],[71.366,51.1634],[71.366,51.15962]]]},"properties":{"id":524,"trees":0,"canopy":1,"park_dist":1246,"pass_trees":false,"pass_canopy":false,"pass_dist":false,"score":0,"mock":true}},{"type":"Feature","id":525,"geometry":{"type":"Polygon","coordinates":[[[71.366,51.1634],[71.372,51.1634],[71.372,51.16718],[71.366,51.16718],[71.366,51.1634]]]},"properties":{"id":525,"trees":0,"canopy":1,"park_dist":1222,"pass_trees":false,"pass_canopy":false,"pass_dist":false,"score":0,"mock":true}},{"type":"Feature","id":526,"geometry":{"type":"Polygon","coordinates":[[[71.366,51.16718],[71.372,51.16718],[71.372,51.17096],[71.366,51.17096],[71.366,51.16718]]]},"properties":{"id":526,"trees":0,"canopy":1,"park_dist":1186,"pass_trees":false,"pass_canopy":false,"pass_dist":false,"score":0,"mock":true}},{"type":"Feature","id":527,"geometry":{"type":"Polygon","coordinates":[[[71.366,51.17096],[71.372,51.17096],[71.372,51.17474],[71.366,51.17474],[71.366,51.17096]]]},"properties":{"id":527,"trees":0,"canopy":1,"park_dist":1125,"pass_trees":false,"pass_canopy":false,"pass_dist":false,"score":0,"mock":true}},{"type":"Feature","id":528,"geometry":{"type":"Polygon","coordinates":[[[71.366,51.17474],[71.372,51.17474],[71.372,51.17852],[71.366,51.17852],[71.366,51.17474]]]},"properties":{"id":528,"trees":0,"canopy":3,"park_dist":1216,"pass_trees":false,"pass_canopy":false,"pass_dist":false,"score":0,"mock":true}},{"type":"Feature","id":529,"geometry":{"type":"Polygon","coordinates":[[[71.366,51.17852],[71.372,51.17852],[71.372,51.1823],[71.366,51.1823],[71.366,51.17852]]]},"properties":{"id":529,"trees":0,"canopy":2,"park_dist":1185,"pass_trees":false,"pass_canopy":false,"pass_dist":false,"score":0,"mock":true}},{"type":"Feature","id":530,"geometry":{"type":"Polygon","coordinates":[[[71.366,51.1823],[71.372,51.1823],[71.372,51.18608],[71.366,51.18608],[71.366,51.1823]]]},"properties":{"id":530,"trees":1,"canopy":1,"park_dist":1217,"pass_trees":false,"pass_canopy":false,"pass_dist":false,"score":0,"mock":true}},{"type":"Feature","id":531,"geometry":{"type":"Polygon","coordinates":[[[71.366,51.18608],[71.372,51.18608],[71.372,51.18986],[71.366,51.18986],[71.366,51.18608]]]},"properties":{"id":531,"trees":0,"canopy":1,"park_dist":1133,"pass_trees":false,"pass_canopy":false,"pass_dist":false,"score":0,"mock":true}},{"type":"Feature","id":532,"geometry":{"type":"Polygon","coordinates":[[[71.366,51.18986],[71.372,51.18986],[71.372,51.19364],[71.366,51.19364],[71.366,51.18986]]]},"properties":{"id":532,"trees":0,"canopy":1,"park_dist":1212,"pass_trees":false,"pass_canopy":false,"pass_dist":false,"score":0,"mock":true}},{"type":"Feature","id":533,"geometry":{"type":"Polygon","coordinates":[[[71.366,51.19364],[71.372,51.19364],[71.372,51.19742],[71.366,51.19742],[71.366,51.19364]]]},"properties":{"id":533,"trees":0,"canopy":1,"park_dist":1242,"pass_trees":false,"pass_canopy":false,"pass_dist":false,"score":0,"mock":true}},{"type":"Feature","id":534,"geometry":{"type":"Polygon","coordinates":[[[71.366,51.19742],[71.372,51.19742],[71.372,51.2012],[71.366,51.2012],[71.366,51.19742]]]},"properties":{"id":534,"trees":0,"canopy":4,"park_dist":1241,"pass_trees":false,"pass_canopy":false,"pass_dist":false,"score":0,"mock":true}},{"type":"Feature","id":535,"geometry":{"type":"Polygon","coordinates":[[[71.366,51.2012],[71.372,51.2012],[71.372,51.20498],[71.366,51.20498],[71.366,51.2012]]]},"properties":{"id":535,"trees":0,"canopy":1,"park_dist":1168,"pass_trees":false,"pass_canopy":false,"pass_dist":false,"score":0,"mock":true}},{"type":"Feature","id":536,"geometry":{"type":"Polygon","coordinates":[[[71.366,51.20498],[71.372,51.20498],[71.372,51.20876],[71.366,51.20876],[71.366,51.20498]]]},"properties":{"id":536,"trees":0,"canopy":1,"park_dist":1302,"pass_trees":false,"pass_canopy":false,"pass_dist":false,"score":0,"mock":true}},{"type":"Feature","id":537,"geometry":{"type":"Polygon","coordinates":[[[71.366,51.20876],[71.372,51.20876],[71.372,51.21254],[71.366,51.21254],[71.366,51.20876]]]},"properties":{"id":537,"trees":0,"canopy":1,"park_dist":1173,"pass_trees":false,"pass_canopy":false,"pass_dist":false,"score":0,"mock":true}},{"type":"Feature","id":538,"geometry":{"type":"Polygon","coordinates":[[[71.366,51.21254],[71.372,51.21254],[71.372,51.21632],[71.366,51.21632],[71.366,51.21254]]]},"properties":{"id":538,"trees":0,"canopy":1,"park_dist":1190,"pass_trees":false,"pass_canopy":false,"pass_dist":false,"score":0,"mock":true}},{"type":"Feature","id":539,"geometry":{"type":"Polygon","coordinates":[[[71.366,51.21632],[71.372,51.21632],[71.372,51.2201],[71.366,51.2201],[71.366,51.21632]]]},"properties":{"id":539,"trees":0,"canopy":1,"park_dist":1183,"pass_trees":false,"pass_canopy":false,"pass_dist":false,"score":0,"mock":true}},{"type":"Feature","id":540,"geometry":{"type":"Polygon","coordinates":[[[71.372,51.05],[71.378,51.05],[71.378,51.05378],[71.372,51.05378],[71.372,51.05]]]},"properties":{"id":540,"trees":2,"canopy":9,"park_dist":938,"pass_trees":false,"pass_canopy":false,"pass_dist":false,"score":0,"mock":true}},{"type":"Feature","id":541,"geometry":{"type":"Polygon","coordinates":[[[71.372,51.05378],[71.378,51.05378],[71.378,51.05756],[71.372,51.05756],[71.372,51.05378]]]},"properties":{"id":541,"trees":3,"canopy":12,"park_dist":814,"pass_trees":true,"pass_canopy":false,"pass_dist":false,"score":1,"mock":true}},{"type":"Feature","id":542,"geometry":{"type":"Polygon","coordinates":[[[71.372,51.05756],[71.378,51.05756],[71.378,51.06134],[71.372,51.06134],[71.372,51.05756]]]},"properties":{"id":542,"trees":2,"canopy":10,"park_dist":997,"pass_trees":false,"pass_canopy":false,"pass_dist":false,"score":0,"mock":true}},{"type":"Feature","id":543,"geometry":{"type":"Polygon","coordinates":[[[71.372,51.06134],[71.378,51.06134],[71.378,51.06512],[71.372,51.06512],[71.372,51.06134]]]},"properties":{"id":543,"trees":2,"canopy":8,"park_dist":1089,"pass_trees":false,"pass_canopy":false,"pass_dist":false,"score":0,"mock":true}},{"type":"Feature","id":544,"geometry":{"type":"Polygon","coordinates":[[[71.372,51.06512],[71.378,51.06512],[71.378,51.0689],[71.372,51.0689],[71.372,51.06512]]]},"properties":{"id":544,"trees":1,"canopy":9,"park_dist":1016,"pass_trees":false,"pass_canopy":false,"pass_dist":false,"score":0,"mock":true}},{"type":"Feature","id":545,"geometry":{"type":"Polygon","coordinates":[[[71.372,51.0689],[71.378,51.0689],[71.378,51.07268],[71.372,51.07268],[71.372,51.0689]]]},"properties":{"id":545,"trees":1,"canopy":9,"park_dist":994,"pass_trees":false,"pass_canopy":false,"pass_dist":false,"score":0,"mock":true}},{"type":"Feature","id":546,"geometry":{"type":"Polygon","coordinates":[[[71.372,51.07268],[71.378,51.07268],[71.378,51.07646],[71.372,51.07646],[71.372,51.07268]]]},"properties":{"id":546,"trees":1,"canopy":4,"park_dist":1052,"pass_trees":false,"pass_canopy":false,"pass_dist":false,"score":0,"mock":true}},{"type":"Feature","id":547,"geometry":{"type":"Polygon","coordinates":[[[71.372,51.07646],[71.378,51.07646],[71.378,51.08024],[71.372,51.08024],[71.372,51.07646]]]},"properties":{"id":547,"trees":1,"canopy":6,"park_dist":1051,"pass_trees":false,"pass_canopy":false,"pass_dist":false,"score":0,"mock":true}},{"type":"Feature","id":548,"geometry":{"type":"Polygon","coordinates":[[[71.372,51.08024],[71.378,51.08024],[71.378,51.08402],[71.372,51.08402],[71.372,51.08024]]]},"properties":{"id":548,"trees":1,"canopy":9,"park_dist":1015,"pass_trees":false,"pass_canopy":false,"pass_dist":false,"score":0,"mock":true}},{"type":"Feature","id":549,"geometry":{"type":"Polygon","coordinates":[[[71.372,51.08402],[71.378,51.08402],[71.378,51.0878],[71.372,51.0878],[71.372,51.08402]]]},"properties":{"id":549,"trees":1,"canopy":5,"park_dist":1022,"pass_trees":false,"pass_canopy":false,"pass_dist":false,"score":0,"mock":true}},{"type":"Feature","id":550,"geometry":{"type":"Polygon","coordinates":[[[71.372,51.0878],[71.378,51.0878],[71.378,51.09158],[71.372,51.09158],[71.372,51.0878]]]},"properties":{"id":550,"trees":1,"canopy":6,"park_dist":1044,"pass_trees":false,"pass_canopy":false,"pass_dist":false,"score":0,"mock":true}},{"type":"Feature","id":551,"geometry":{"type":"Polygon","coordinates":[[[71.372,51.09158],[71.378,51.09158],[71.378,51.09536],[71.372,51.09536],[71.372,51.09158]]]},"properties":{"id":551,"trees":2,"canopy":7,"park_dist":950,"pass_trees":false,"pass_canopy":false,"pass_dist":false,"score":0,"mock":true}},{"type":"Feature","id":552,"geometry":{"type":"Polygon","coordinates":[[[71.372,51.09536],[71.378,51.09536],[71.378,51.09914],[71.372,51.09914],[71.372,51.09536]]]},"properties":{"id":552,"trees":1,"canopy":15,"park_dist":815,"pass_trees":false,"pass_canopy":false,"pass_dist":false,"score":0,"mock":true}},{"type":"Feature","id":553,"geometry":{"type":"Polygon","coordinates":[[[71.372,51.09914],[71.378,51.09914],[71.378,51.10292],[71.372,51.10292],[71.372,51.09914]]]},"properties":{"id":553,"trees":3,"canopy":14,"park_dist":759,"pass_trees":true,"pass_canopy":false,"pass_dist":false,"score":1,"mock":true}},{"type":"Feature","id":554,"geometry":{"type":"Polygon","coordinates":[[[71.372,51.10292],[71.378,51.10292],[71.378,51.1067],[71.372,51.1067],[71.372,51.10292]]]},"properties":{"id":554,"trees":2,"canopy":14,"park_dist":943,"pass_trees":false,"pass_canopy":false,"pass_dist":false,"score":0,"mock":true}},{"type":"Feature","id":555,"geometry":{"type":"Polygon","coordinates":[[[71.372,51.1067],[71.378,51.1067],[71.378,51.11048],[71.372,51.11048],[71.372,51.1067]]]},"properties":{"id":555,"trees":3,"canopy":16,"park_dist":828,"pass_trees":true,"pass_canopy":false,"pass_dist":false,"score":1,"mock":true}},{"type":"Feature","id":556,"geometry":{"type":"Polygon","coordinates":[[[71.372,51.11048],[71.378,51.11048],[71.378,51.11426],[71.372,51.11426],[71.372,51.11048]]]},"properties":{"id":556,"trees":3,"canopy":21,"park_dist":625,"pass_trees":true,"pass_canopy":false,"pass_dist":false,"score":1,"mock":true}},{"type":"Feature","id":557,"geometry":{"type":"Polygon","coordinates":[[[71.372,51.11426],[71.378,51.11426],[71.378,51.11804],[71.372,51.11804],[71.372,51.11426]]]},"properties":{"id":557,"trees":4,"canopy":23,"park_dist":633,"pass_trees":true,"pass_canopy":false,"pass_dist":false,"score":1,"mock":true}},{"type":"Feature","id":558,"geometry":{"type":"Polygon","coordinates":[[[71.372,51.11804],[71.378,51.11804],[71.378,51.12182],[71.372,51.12182],[71.372,51.11804]]]},"properties":{"id":558,"trees":5,"canopy":26,"park_dist":579,"pass_trees":true,"pass_canopy":false,"pass_dist":false,"score":1,"mock":true}},{"type":"Feature","id":559,"geometry":{"type":"Polygon","coordinates":[[[71.372,51.12182],[71.378,51.12182],[71.378,51.1256],[71.372,51.1256],[71.372,51.12182]]]},"properties":{"id":559,"trees":5,"canopy":31,"park_dist":475,"pass_trees":true,"pass_canopy":true,"pass_dist":false,"score":2,"mock":true}},{"type":"Feature","id":560,"geometry":{"type":"Polygon","coordinates":[[[71.372,51.1256],[71.378,51.1256],[71.378,51.12938],[71.372,51.12938],[71.372,51.1256]]]},"properties":{"id":560,"trees":5,"canopy":30,"park_dist":409,"pass_trees":true,"pass_canopy":true,"pass_dist":false,"score":2,"mock":true}},{"type":"Feature","id":561,"geometry":{"type":"Polygon","coordinates":[[[71.372,51.12938],[71.378,51.12938],[71.378,51.13316],[71.372,51.13316],[71.372,51.12938]]]},"properties":{"id":561,"trees":5,"canopy":33,"park_dist":327,"pass_trees":true,"pass_canopy":true,"pass_dist":false,"score":2,"mock":true}},{"type":"Feature","id":562,"geometry":{"type":"Polygon","coordinates":[[[71.372,51.13316],[71.378,51.13316],[71.378,51.13694],[71.372,51.13694],[71.372,51.13316]]]},"properties":{"id":562,"trees":5,"canopy":27,"park_dist":485,"pass_trees":true,"pass_canopy":false,"pass_dist":false,"score":1,"mock":true}},{"type":"Feature","id":563,"geometry":{"type":"Polygon","coordinates":[[[71.372,51.13694],[71.378,51.13694],[71.378,51.14072],[71.372,51.14072],[71.372,51.13694]]]},"properties":{"id":563,"trees":4,"canopy":21,"park_dist":511,"pass_trees":true,"pass_canopy":false,"pass_dist":false,"score":1,"mock":true}},{"type":"Feature","id":564,"geometry":{"type":"Polygon","coordinates":[[[71.372,51.14072],[71.378,51.14072],[71.378,51.1445],[71.372,51.1445],[71.372,51.14072]]]},"properties":{"id":564,"trees":4,"canopy":23,"park_dist":643,"pass_trees":true,"pass_canopy":false,"pass_dist":false,"score":1,"mock":true}},{"type":"Feature","id":565,"geometry":{"type":"Polygon","coordinates":[[[71.372,51.1445],[71.378,51.1445],[71.378,51.14828],[71.372,51.14828],[71.372,51.1445]]]},"properties":{"id":565,"trees":3,"canopy":24,"park_dist":656,"pass_trees":true,"pass_canopy":false,"pass_dist":false,"score":1,"mock":true}},{"type":"Feature","id":566,"geometry":{"type":"Polygon","coordinates":[[[71.372,51.14828],[71.378,51.14828],[71.378,51.15206],[71.372,51.15206],[71.372,51.14828]]]},"properties":{"id":566,"trees":2,"canopy":8,"park_dist":938,"pass_trees":false,"pass_canopy":false,"pass_dist":false,"score":0,"mock":true}},{"type":"Feature","id":567,"geometry":{"type":"Polygon","coordinates":[[[71.372,51.15206],[71.378,51.15206],[71.378,51.15584],[71.372,51.15584],[71.372,51.15206]]]},"properties":{"id":567,"trees":2,"canopy":9,"park_dist":918,"pass_trees":false,"pass_canopy":false,"pass_dist":false,"score":0,"mock":true}},{"type":"Feature","id":568,"geometry":{"type":"Polygon","coordinates":[[[71.372,51.15584],[71.378,51.15584],[71.378,51.15962],[71.372,51.15962],[71.372,51.15584]]]},"properties":{"id":568,"trees":0,"canopy":3,"park_dist":1114,"pass_trees":false,"pass_canopy":false,"pass_dist":false,"score":0,"mock":true}},{"type":"Feature","id":569,"geometry":{"type":"Polygon","coordinates":[[[71.372,51.15962],[71.378,51.15962],[71.378,51.1634],[71.372,51.1634],[71.372,51.15962]]]},"properties":{"id":569,"trees":1,"canopy":5,"park_dist":1085,"pass_trees":false,"pass_canopy":false,"pass_dist":false,"score":0,"mock":true}},{"type":"Feature","id":570,"geometry":{"type":"Polygon","coordinates":[[[71.372,51.1634],[71.378,51.1634],[71.378,51.16718],[71.372,51.16718],[71.372,51.1634]]]},"properties":{"id":570,"trees":0,"canopy":1,"park_dist":1261,"pass_trees":false,"pass_canopy":false,"pass_dist":false,"score":0,"mock":true}},{"type":"Feature","id":571,"geometry":{"type":"Polygon","coordinates":[[[71.372,51.16718],[71.378,51.16718],[71.378,51.17096],[71.372,51.17096],[71.372,51.16718]]]},"properties":{"id":571,"trees":0,"canopy":3,"park_dist":1154,"pass_trees":false,"pass_canopy":false,"pass_dist":false,"score":0,"mock":true}},{"type":"Feature","id":572,"geometry":{"type":"Polygon","coordinates":[[[71.372,51.17096],[71.378,51.17096],[71.378,51.17474],[71.372,51.17474],[71.372,51.17096]]]},"properties":{"id":572,"trees":0,"canopy":1,"park_dist":1223,"pass_trees":false,"pass_canopy":false,"pass_dist":false,"score":0,"mock":true}},{"type":"Feature","id":573,"geometry":{"type":"Polygon","coordinates":[[[71.372,51.17474],[71.378,51.17474],[71.378,51.17852],[71.372,51.17852],[71.372,51.17474]]]},"properties":{"id":573,"trees":0,"canopy":1,"park_dist":1260,"pass_trees":false,"pass_canopy":false,"pass_dist":false,"score":0,"mock":true}},{"type":"Feature","id":574,"geometry":{"type":"Polygon","coordinates":[[[71.372,51.17852],[71.378,51.17852],[71.378,51.1823],[71.372,51.1823],[71.372,51.17852]]]},"properties":{"id":574,"trees":0,"canopy":1,"park_dist":1231,"pass_trees":false,"pass_canopy":false,"pass_dist":false,"score":0,"mock":true}},{"type":"Feature","id":575,"geometry":{"type":"Polygon","coordinates":[[[71.372,51.1823],[71.378,51.1823],[71.378,51.18608],[71.372,51.18608],[71.372,51.1823]]]},"properties":{"id":575,"trees":1,"canopy":1,"park_dist":1167,"pass_trees":false,"pass_canopy":false,"pass_dist":false,"score":0,"mock":true}},{"type":"Feature","id":576,"geometry":{"type":"Polygon","coordinates":[[[71.372,51.18608],[71.378,51.18608],[71.378,51.18986],[71.372,51.18986],[71.372,51.18608]]]},"properties":{"id":576,"trees":0,"canopy":1,"park_dist":1267,"pass_trees":false,"pass_canopy":false,"pass_dist":false,"score":0,"mock":true}},{"type":"Feature","id":577,"geometry":{"type":"Polygon","coordinates":[[[71.372,51.18986],[71.378,51.18986],[71.378,51.19364],[71.372,51.19364],[71.372,51.18986]]]},"properties":{"id":577,"trees":0,"canopy":1,"park_dist":1225,"pass_trees":false,"pass_canopy":false,"pass_dist":false,"score":0,"mock":true}},{"type":"Feature","id":578,"geometry":{"type":"Polygon","coordinates":[[[71.372,51.19364],[71.378,51.19364],[71.378,51.19742],[71.372,51.19742],[71.372,51.19364]]]},"properties":{"id":578,"trees":0,"canopy":1,"park_dist":1152,"pass_trees":false,"pass_canopy":false,"pass_dist":false,"score":0,"mock":true}},{"type":"Feature","id":579,"geometry":{"type":"Polygon","coordinates":[[[71.372,51.19742],[71.378,51.19742],[71.378,51.2012],[71.372,51.2012],[71.372,51.19742]]]},"properties":{"id":579,"trees":0,"canopy":1,"park_dist":1219,"pass_trees":false,"pass_canopy":false,"pass_dist":false,"score":0,"mock":true}},{"type":"Feature","id":580,"geometry":{"type":"Polygon","coordinates":[[[71.372,51.2012],[71.378,51.2012],[71.378,51.20498],[71.372,51.20498],[71.372,51.2012]]]},"properties":{"id":580,"trees":0,"canopy":1,"park_dist":1319,"pass_trees":false,"pass_canopy":false,"pass_dist":false,"score":0,"mock":true}},{"type":"Feature","id":581,"geometry":{"type":"Polygon","coordinates":[[[71.372,51.20498],[71.378,51.20498],[71.378,51.20876],[71.372,51.20876],[71.372,51.20498]]]},"properties":{"id":581,"trees":0,"canopy":1,"park_dist":1159,"pass_trees":false,"pass_canopy":false,"pass_dist":false,"score":0,"mock":true}},{"type":"Feature","id":582,"geometry":{"type":"Polygon","coordinates":[[[71.372,51.20876],[71.378,51.20876],[71.378,51.21254],[71.372,51.21254],[71.372,51.20876]]]},"properties":{"id":582,"trees":0,"canopy":1,"park_dist":1153,"pass_trees":false,"pass_canopy":false,"pass_dist":false,"score":0,"mock":true}},{"type":"Feature","id":583,"geometry":{"type":"Polygon","coordinates":[[[71.372,51.21254],[71.378,51.21254],[71.378,51.21632],[71.372,51.21632],[71.372,51.21254]]]},"properties":{"id":583,"trees":0,"canopy":1,"park_dist":1242,"pass_trees":false,"pass_canopy":false,"pass_dist":false,"score":0,"mock":true}},{"type":"Feature","id":584,"geometry":{"type":"Polygon","coordinates":[[[71.372,51.21632],[71.378,51.21632],[71.378,51.2201],[71.372,51.2201],[71.372,51.21632]]]},"properties":{"id":584,"trees":0,"canopy":2,"park_dist":1262,"pass_trees":false,"pass_canopy":false,"pass_dist":false,"score":0,"mock":true}},{"type":"Feature","id":585,"geometry":{"type":"Polygon","coordinates":[[[71.378,51.05],[71.384,51.05],[71.384,51.05378],[71.378,51.05378],[71.378,51.05]]]},"properties":{"id":585,"trees":2,"canopy":12,"park_dist":963,"pass_trees":false,"pass_canopy":false,"pass_dist":false,"score":0,"mock":true}},{"type":"Feature","id":586,"geometry":{"type":"Polygon","coordinates":[[[71.378,51.05378],[71.384,51.05378],[71.384,51.05756],[71.378,51.05756],[71.378,51.05378]]]},"properties":{"id":586,"trees":1,"canopy":9,"park_dist":932,"pass_trees":false,"pass_canopy":false,"pass_dist":false,"score":0,"mock":true}},{"type":"Feature","id":587,"geometry":{"type":"Polygon","coordinates":[[[71.378,51.05756],[71.384,51.05756],[71.384,51.06134],[71.378,51.06134],[71.378,51.05756]]]},"properties":{"id":587,"trees":2,"canopy":15,"park_dist":964,"pass_trees":false,"pass_canopy":false,"pass_dist":false,"score":0,"mock":true}},{"type":"Feature","id":588,"geometry":{"type":"Polygon","coordinates":[[[71.378,51.06134],[71.384,51.06134],[71.384,51.06512],[71.378,51.06512],[71.378,51.06134]]]},"properties":{"id":588,"trees":2,"canopy":9,"park_dist":997,"pass_trees":false,"pass_canopy":false,"pass_dist":false,"score":0,"mock":true}},{"type":"Feature","id":589,"geometry":{"type":"Polygon","coordinates":[[[71.378,51.06512],[71.384,51.06512],[71.384,51.0689],[71.378,51.0689],[71.378,51.06512]]]},"properties":{"id":589,"trees":2,"canopy":13,"park_dist":968,"pass_trees":false,"pass_canopy":false,"pass_dist":false,"score":0,"mock":true}},{"type":"Feature","id":590,"geometry":{"type":"Polygon","coordinates":[[[71.378,51.0689],[71.384,51.0689],[71.384,51.07268],[71.378,51.07268],[71.378,51.0689]]]},"properties":{"id":590,"trees":1,"canopy":8,"park_dist":1105,"pass_trees":false,"pass_canopy":false,"pass_dist":false,"score":0,"mock":true}},{"type":"Feature","id":591,"geometry":{"type":"Polygon","coordinates":[[[71.378,51.07268],[71.384,51.07268],[71.384,51.07646],[71.378,51.07646],[71.378,51.07268]]]},"properties":{"id":591,"trees":1,"canopy":8,"park_dist":989,"pass_trees":false,"pass_canopy":false,"pass_dist":false,"score":0,"mock":true}},{"type":"Feature","id":592,"geometry":{"type":"Polygon","coordinates":[[[71.378,51.07646],[71.384,51.07646],[71.384,51.08024],[71.378,51.08024],[71.378,51.07646]]]},"properties":{"id":592,"trees":2,"canopy":10,"park_dist":1023,"pass_trees":false,"pass_canopy":false,"pass_dist":false,"score":0,"mock":true}},{"type":"Feature","id":593,"geometry":{"type":"Polygon","coordinates":[[[71.378,51.08024],[71.384,51.08024],[71.384,51.08402],[71.378,51.08402],[71.378,51.08024]]]},"properties":{"id":593,"trees":2,"canopy":8,"park_dist":899,"pass_trees":false,"pass_canopy":false,"pass_dist":false,"score":0,"mock":true}},{"type":"Feature","id":594,"geometry":{"type":"Polygon","coordinates":[[[71.378,51.08402],[71.384,51.08402],[71.384,51.0878],[71.378,51.0878],[71.378,51.08402]]]},"properties":{"id":594,"trees":2,"canopy":14,"park_dist":941,"pass_trees":false,"pass_canopy":false,"pass_dist":false,"score":0,"mock":true}},{"type":"Feature","id":595,"geometry":{"type":"Polygon","coordinates":[[[71.378,51.0878],[71.384,51.0878],[71.384,51.09158],[71.378,51.09158],[71.378,51.0878]]]},"properties":{"id":595,"trees":2,"canopy":10,"park_dist":952,"pass_trees":false,"pass_canopy":false,"pass_dist":false,"score":0,"mock":true}},{"type":"Feature","id":596,"geometry":{"type":"Polygon","coordinates":[[[71.378,51.09158],[71.384,51.09158],[71.384,51.09536],[71.378,51.09536],[71.378,51.09158]]]},"properties":{"id":596,"trees":2,"canopy":11,"park_dist":902,"pass_trees":false,"pass_canopy":false,"pass_dist":false,"score":0,"mock":true}},{"type":"Feature","id":597,"geometry":{"type":"Polygon","coordinates":[[[71.378,51.09536],[71.384,51.09536],[71.384,51.09914],[71.378,51.09914],[71.378,51.09536]]]},"properties":{"id":597,"trees":3,"canopy":21,"park_dist":646,"pass_trees":true,"pass_canopy":false,"pass_dist":false,"score":1,"mock":true}},{"type":"Feature","id":598,"geometry":{"type":"Polygon","coordinates":[[[71.378,51.09914],[71.384,51.09914],[71.384,51.10292],[71.378,51.10292],[71.378,51.09914]]]},"properties":{"id":598,"trees":4,"canopy":13,"park_dist":792,"pass_trees":true,"pass_canopy":false,"pass_dist":false,"score":1,"mock":true}},{"type":"Feature","id":599,"geometry":{"type":"Polygon","coordinates":[[[71.378,51.10292],[71.384,51.10292],[71.384,51.1067],[71.378,51.1067],[71.378,51.10292]]]},"properties":{"id":599,"trees":5,"canopy":25,"park_dist":675,"pass_trees":true,"pass_canopy":false,"pass_dist":false,"score":1,"mock":true}},{"type":"Feature","id":600,"geometry":{"type":"Polygon","coordinates":[[[71.378,51.1067],[71.384,51.1067],[71.384,51.11048],[71.378,51.11048],[71.378,51.1067]]]},"properties":{"id":600,"trees":4,"canopy":26,"park_dist":568,"pass_trees":true,"pass_canopy":false,"pass_dist":false,"score":1,"mock":true}},{"type":"Feature","id":601,"geometry":{"type":"Polygon","coordinates":[[[71.378,51.11048],[71.384,51.11048],[71.384,51.11426],[71.378,51.11426],[71.378,51.11048]]]},"properties":{"id":601,"trees":6,"canopy":34,"park_dist":446,"pass_trees":true,"pass_canopy":true,"pass_dist":false,"score":2,"mock":true}},{"type":"Feature","id":602,"geometry":{"type":"Polygon","coordinates":[[[71.378,51.11426],[71.384,51.11426],[71.384,51.11804],[71.378,51.11804],[71.378,51.11426]]]},"properties":{"id":602,"trees":7,"canopy":31,"park_dist":417,"pass_trees":true,"pass_canopy":true,"pass_dist":false,"score":2,"mock":true}},{"type":"Feature","id":603,"geometry":{"type":"Polygon","coordinates":[[[71.378,51.11804],[71.384,51.11804],[71.384,51.12182],[71.378,51.12182],[71.378,51.11804]]]},"properties":{"id":603,"trees":6,"canopy":38,"park_dist":189,"pass_trees":true,"pass_canopy":true,"pass_dist":true,"score":3,"mock":true}},{"type":"Feature","id":604,"geometry":{"type":"Polygon","coordinates":[[[71.378,51.12182],[71.384,51.12182],[71.384,51.1256],[71.378,51.1256],[71.378,51.12182]]]},"properties":{"id":604,"trees":8,"canopy":40,"park_dist":208,"pass_trees":true,"pass_canopy":true,"pass_dist":true,"score":3,"mock":true}},{"type":"Feature","id":605,"geometry":{"type":"Polygon","coordinates":[[[71.378,51.1256],[71.384,51.1256],[71.384,51.12938],[71.378,51.12938],[71.378,51.1256]]]},"properties":{"id":605,"trees":8,"canopy":42,"park_dist":40,"pass_trees":true,"pass_canopy":true,"pass_dist":true,"score":3,"mock":true}},{"type":"Feature","id":606,"geometry":{"type":"Polygon","coordinates":[[[71.378,51.12938],[71.384,51.12938],[71.384,51.13316],[71.378,51.13316],[71.378,51.12938]]]},"properties":{"id":606,"trees":8,"canopy":43,"park_dist":121,"pass_trees":true,"pass_canopy":true,"pass_dist":true,"score":3,"mock":true}},{"type":"Feature","id":607,"geometry":{"type":"Polygon","coordinates":[[[71.378,51.13316],[71.384,51.13316],[71.384,51.13694],[71.378,51.13694],[71.378,51.13316]]]},"properties":{"id":607,"trees":7,"canopy":43,"park_dist":80,"pass_trees":true,"pass_canopy":true,"pass_dist":true,"score":3,"mock":true}},{"type":"Feature","id":608,"geometry":{"type":"Polygon","coordinates":[[[71.378,51.13694],[71.384,51.13694],[71.384,51.14072],[71.378,51.14072],[71.378,51.13694]]]},"properties":{"id":608,"trees":8,"canopy":41,"park_dist":140,"pass_trees":true,"pass_canopy":true,"pass_dist":true,"score":3,"mock":true}},{"type":"Feature","id":609,"geometry":{"type":"Polygon","coordinates":[[[71.378,51.14072],[71.384,51.14072],[71.384,51.1445],[71.378,51.1445],[71.378,51.14072]]]},"properties":{"id":609,"trees":6,"canopy":39,"park_dist":215,"pass_trees":true,"pass_canopy":true,"pass_dist":true,"score":3,"mock":true}},{"type":"Feature","id":610,"geometry":{"type":"Polygon","coordinates":[[[71.378,51.1445],[71.384,51.1445],[71.384,51.14828],[71.378,51.14828],[71.378,51.1445]]]},"properties":{"id":610,"trees":6,"canopy":29,"park_dist":398,"pass_trees":true,"pass_canopy":false,"pass_dist":false,"score":1,"mock":true}},{"type":"Feature","id":611,"geometry":{"type":"Polygon","coordinates":[[[71.378,51.14828],[71.384,51.14828],[71.384,51.15206],[71.378,51.15206],[71.378,51.14828]]]},"properties":{"id":611,"trees":5,"canopy":23,"park_dist":495,"pass_trees":true,"pass_canopy":false,"pass_dist":false,"score":1,"mock":true}},{"type":"Feature","id":612,"geometry":{"type":"Polygon","coordinates":[[[71.378,51.15206],[71.384,51.15206],[71.384,51.15584],[71.378,51.15584],[71.378,51.15206]]]},"properties":{"id":612,"trees":4,"canopy":21,"park_dist":709,"pass_trees":true,"pass_canopy":false,"pass_dist":false,"score":1,"mock":true}},{"type":"Feature","id":613,"geometry":{"type":"Polygon","coordinates":[[[71.378,51.15584],[71.384,51.15584],[71.384,51.15962],[71.378,51.15962],[71.378,51.15584]]]},"properties":{"id":613,"trees":3,"canopy":16,"park_dist":810,"pass_trees":true,"pass_canopy":false,"pass_dist":false,"score":1,"mock":true}},{"type":"Feature","id":614,"geometry":{"type":"Polygon","coordinates":[[[71.378,51.15962],[71.384,51.15962],[71.384,51.1634],[71.378,51.1634],[71.378,51.15962]]]},"properties":{"id":614,"trees":2,"canopy":8,"park_dist":1005,"pass_trees":false,"pass_canopy":false,"pass_dist":false,"score":0,"mock":true}},{"type":"Feature","id":615,"geometry":{"type":"Polygon","coordinates":[[[71.378,51.1634],[71.384,51.1634],[71.384,51.16718],[71.378,51.16718],[71.378,51.1634]]]},"properties":{"id":615,"trees":0,"canopy":5,"park_dist":1050,"pass_trees":false,"pass_canopy":false,"pass_dist":false,"score":0,"mock":true}},{"type":"Feature","id":616,"geometry":{"type":"Polygon","coordinates":[[[71.378,51.16718],[71.384,51.16718],[71.384,51.17096],[71.378,51.17096],[71.378,51.16718]]]},"properties":{"id":616,"trees":0,"canopy":2,"park_dist":1226,"pass_trees":false,"pass_canopy":false,"pass_dist":false,"score":0,"mock":true}},{"type":"Feature","id":617,"geometry":{"type":"Polygon","coordinates":[[[71.378,51.17096],[71.384,51.17096],[71.384,51.17474],[71.378,51.17474],[71.378,51.17096]]]},"properties":{"id":617,"trees":0,"canopy":4,"park_dist":1251,"pass_trees":false,"pass_canopy":false,"pass_dist":false,"score":0,"mock":true}},{"type":"Feature","id":618,"geometry":{"type":"Polygon","coordinates":[[[71.378,51.17474],[71.384,51.17474],[71.384,51.17852],[71.378,51.17852],[71.378,51.17474]]]},"properties":{"id":618,"trees":1,"canopy":1,"park_dist":1209,"pass_trees":false,"pass_canopy":false,"pass_dist":false,"score":0,"mock":true}},{"type":"Feature","id":619,"geometry":{"type":"Polygon","coordinates":[[[71.378,51.17852],[71.384,51.17852],[71.384,51.1823],[71.378,51.1823],[71.378,51.17852]]]},"properties":{"id":619,"trees":0,"canopy":3,"park_dist":1259,"pass_trees":false,"pass_canopy":false,"pass_dist":false,"score":0,"mock":true}},{"type":"Feature","id":620,"geometry":{"type":"Polygon","coordinates":[[[71.378,51.1823],[71.384,51.1823],[71.384,51.18608],[71.378,51.18608],[71.378,51.1823]]]},"properties":{"id":620,"trees":0,"canopy":2,"park_dist":1216,"pass_trees":false,"pass_canopy":false,"pass_dist":false,"score":0,"mock":true}},{"type":"Feature","id":621,"geometry":{"type":"Polygon","coordinates":[[[71.378,51.18608],[71.384,51.18608],[71.384,51.18986],[71.378,51.18986],[71.378,51.18608]]]},"properties":{"id":621,"trees":0,"canopy":1,"park_dist":1229,"pass_trees":false,"pass_canopy":false,"pass_dist":false,"score":0,"mock":true}},{"type":"Feature","id":622,"geometry":{"type":"Polygon","coordinates":[[[71.378,51.18986],[71.384,51.18986],[71.384,51.19364],[71.378,51.19364],[71.378,51.18986]]]},"properties":{"id":622,"trees":0,"canopy":1,"park_dist":1200,"pass_trees":false,"pass_canopy":false,"pass_dist":false,"score":0,"mock":true}},{"type":"Feature","id":623,"geometry":{"type":"Polygon","coordinates":[[[71.378,51.19364],[71.384,51.19364],[71.384,51.19742],[71.378,51.19742],[71.378,51.19364]]]},"properties":{"id":623,"trees":0,"canopy":1,"park_dist":1176,"pass_trees":false,"pass_canopy":false,"pass_dist":false,"score":0,"mock":true}},{"type":"Feature","id":624,"geometry":{"type":"Polygon","coordinates":[[[71.378,51.19742],[71.384,51.19742],[71.384,51.2012],[71.378,51.2012],[71.378,51.19742]]]},"properties":{"id":624,"trees":0,"canopy":1,"park_dist":1225,"pass_trees":false,"pass_canopy":false,"pass_dist":false,"score":0,"mock":true}},{"type":"Feature","id":625,"geometry":{"type":"Polygon","coordinates":[[[71.378,51.2012],[71.384,51.2012],[71.384,51.20498],[71.378,51.20498],[71.378,51.2012]]]},"properties":{"id":625,"trees":1,"canopy":1,"park_dist":1173,"pass_trees":false,"pass_canopy":false,"pass_dist":false,"score":0,"mock":true}},{"type":"Feature","id":626,"geometry":{"type":"Polygon","coordinates":[[[71.378,51.20498],[71.384,51.20498],[71.384,51.20876],[71.378,51.20876],[71.378,51.20498]]]},"properties":{"id":626,"trees":0,"canopy":2,"park_dist":1230,"pass_trees":false,"pass_canopy":false,"pass_dist":false,"score":0,"mock":true}},{"type":"Feature","id":627,"geometry":{"type":"Polygon","coordinates":[[[71.378,51.20876],[71.384,51.20876],[71.384,51.21254],[71.378,51.21254],[71.378,51.20876]]]},"properties":{"id":627,"trees":0,"canopy":1,"park_dist":1221,"pass_trees":false,"pass_canopy":false,"pass_dist":false,"score":0,"mock":true}},{"type":"Feature","id":628,"geometry":{"type":"Polygon","coordinates":[[[71.378,51.21254],[71.384,51.21254],[71.384,51.21632],[71.378,51.21632],[71.378,51.21254]]]},"properties":{"id":628,"trees":0,"canopy":1,"park_dist":1135,"pass_trees":false,"pass_canopy":false,"pass_dist":false,"score":0,"mock":true}},{"type":"Feature","id":629,"geometry":{"type":"Polygon","coordinates":[[[71.378,51.21632],[71.384,51.21632],[71.384,51.2201],[71.378,51.2201],[71.378,51.21632]]]},"properties":{"id":629,"trees":0,"canopy":1,"park_dist":1197,"pass_trees":false,"pass_canopy":false,"pass_dist":false,"score":0,"mock":true}},{"type":"Feature","id":630,"geometry":{"type":"Polygon","coordinates":[[[71.384,51.05],[71.39,51.05],[71.39,51.05378],[71.384,51.05378],[71.384,51.05]]]},"properties":{"id":630,"trees":3,"canopy":14,"park_dist":883,"pass_trees":true,"pass_canopy":false,"pass_dist":false,"score":1,"mock":true}},{"type":"Feature","id":631,"geometry":{"type":"Polygon","coordinates":[[[71.384,51.05378],[71.39,51.05378],[71.39,51.05756],[71.384,51.05756],[71.384,51.05378]]]},"properties":{"id":631,"trees":2,"canopy":14,"park_dist":853,"pass_trees":false,"pass_canopy":false,"pass_dist":false,"score":0,"mock":true}},{"type":"Feature","id":632,"geometry":{"type":"Polygon","coordinates":[[[71.384,51.05756],[71.39,51.05756],[71.39,51.06134],[71.384,51.06134],[71.384,51.05756]]]},"properties":{"id":632,"trees":2,"canopy":12,"park_dist":880,"pass_trees":false,"pass_canopy":false,"pass_dist":false,"score":0,"mock":true}},{"type":"Feature","id":633,"geometry":{"type":"Polygon","coordinates":[[[71.384,51.06134],[71.39,51.06134],[71.39,51.06512],[71.384,51.06512],[71.384,51.06134]]]},"properties":{"id":633,"trees":2,"canopy":15,"park_dist":829,"pass_trees":false,"pass_canopy":false,"pass_dist":false,"score":0,"mock":true}},{"type":"Feature","id":634,"geometry":{"type":"Polygon","coordinates":[[[71.384,51.06512],[71.39,51.06512],[71.39,51.0689],[71.384,51.0689],[71.384,51.06512]]]},"properties":{"id":634,"trees":2,"canopy":13,"park_dist":842,"pass_trees":false,"pass_canopy":false,"pass_dist":false,"score":0,"mock":true}},{"type":"Feature","id":635,"geometry":{"type":"Polygon","coordinates":[[[71.384,51.0689],[71.39,51.0689],[71.39,51.07268],[71.384,51.07268],[71.384,51.0689]]]},"properties":{"id":635,"trees":3,"canopy":14,"park_dist":954,"pass_trees":true,"pass_canopy":false,"pass_dist":false,"score":1,"mock":true}},{"type":"Feature","id":636,"geometry":{"type":"Polygon","coordinates":[[[71.384,51.07268],[71.39,51.07268],[71.39,51.07646],[71.384,51.07646],[71.384,51.07268]]]},"properties":{"id":636,"trees":3,"canopy":10,"park_dist":917,"pass_trees":true,"pass_canopy":false,"pass_dist":false,"score":1,"mock":true}},{"type":"Feature","id":637,"geometry":{"type":"Polygon","coordinates":[[[71.384,51.07646],[71.39,51.07646],[71.39,51.08024],[71.384,51.08024],[71.384,51.07646]]]},"properties":{"id":637,"trees":2,"canopy":14,"park_dist":911,"pass_trees":false,"pass_canopy":false,"pass_dist":false,"score":0,"mock":true}},{"type":"Feature","id":638,"geometry":{"type":"Polygon","coordinates":[[[71.384,51.08024],[71.39,51.08024],[71.39,51.08402],[71.384,51.08402],[71.384,51.08024]]]},"properties":{"id":638,"trees":2,"canopy":13,"park_dist":886,"pass_trees":false,"pass_canopy":false,"pass_dist":false,"score":0,"mock":true}},{"type":"Feature","id":639,"geometry":{"type":"Polygon","coordinates":[[[71.384,51.08402],[71.39,51.08402],[71.39,51.0878],[71.384,51.0878],[71.384,51.08402]]]},"properties":{"id":639,"trees":3,"canopy":14,"park_dist":877,"pass_trees":true,"pass_canopy":false,"pass_dist":false,"score":1,"mock":true}},{"type":"Feature","id":640,"geometry":{"type":"Polygon","coordinates":[[[71.384,51.0878],[71.39,51.0878],[71.39,51.09158],[71.384,51.09158],[71.384,51.0878]]]},"properties":{"id":640,"trees":3,"canopy":15,"park_dist":848,"pass_trees":true,"pass_canopy":false,"pass_dist":false,"score":1,"mock":true}},{"type":"Feature","id":641,"geometry":{"type":"Polygon","coordinates":[[[71.384,51.09158],[71.39,51.09158],[71.39,51.09536],[71.384,51.09536],[71.384,51.09158]]]},"properties":{"id":641,"trees":4,"canopy":22,"park_dist":550,"pass_trees":true,"pass_canopy":false,"pass_dist":false,"score":1,"mock":true}},{"type":"Feature","id":642,"geometry":{"type":"Polygon","coordinates":[[[71.384,51.09536],[71.39,51.09536],[71.39,51.09914],[71.384,51.09914],[71.384,51.09536]]]},"properties":{"id":642,"trees":4,"canopy":24,"park_dist":645,"pass_trees":true,"pass_canopy":false,"pass_dist":false,"score":1,"mock":true}},{"type":"Feature","id":643,"geometry":{"type":"Polygon","coordinates":[[[71.384,51.09914],[71.39,51.09914],[71.39,51.10292],[71.384,51.10292],[71.384,51.09914]]]},"properties":{"id":643,"trees":6,"canopy":30,"park_dist":393,"pass_trees":true,"pass_canopy":true,"pass_dist":false,"score":2,"mock":true}},{"type":"Feature","id":644,"geometry":{"type":"Polygon","coordinates":[[[71.384,51.10292],[71.39,51.10292],[71.39,51.1067],[71.384,51.1067],[71.384,51.10292]]]},"properties":{"id":644,"trees":5,"canopy":31,"park_dist":441,"pass_trees":true,"pass_canopy":true,"pass_dist":false,"score":2,"mock":true}},{"type":"Feature","id":645,"geometry":{"type":"Polygon","coordinates":[[[71.384,51.1067],[71.39,51.1067],[71.39,51.11048],[71.384,51.11048],[71.384,51.1067]]]},"properties":{"id":645,"trees":6,"canopy":36,"park_dist":155,"pass_trees":true,"pass_canopy":true,"pass_dist":true,"score":3,"mock":true}},{"type":"Feature","id":646,"geometry":{"type":"Polygon","coordinates":[[[71.384,51.11048],[71.39,51.11048],[71.39,51.11426],[71.384,51.11426],[71.384,51.11048]]]},"properties":{"id":646,"trees":9,"canopy":46,"park_dist":136,"pass_trees":true,"pass_canopy":true,"pass_dist":true,"score":3,"mock":true}},{"type":"Feature","id":647,"geometry":{"type":"Polygon","coordinates":[[[71.384,51.11426],[71.39,51.11426],[71.39,51.11804],[71.384,51.11804],[71.384,51.11426]]]},"properties":{"id":647,"trees":8,"canopy":48,"park_dist":40,"pass_trees":true,"pass_canopy":true,"pass_dist":true,"score":3,"mock":true}},{"type":"Feature","id":648,"geometry":{"type":"Polygon","coordinates":[[[71.384,51.11804],[71.39,51.11804],[71.39,51.12182],[71.384,51.12182],[71.384,51.11804]]]},"properties":{"id":648,"trees":9,"canopy":46,"park_dist":40,"pass_trees":true,"pass_canopy":true,"pass_dist":true,"score":3,"mock":true}},{"type":"Feature","id":649,"geometry":{"type":"Polygon","coordinates":[[[71.384,51.12182],[71.39,51.12182],[71.39,51.1256],[71.384,51.1256],[71.384,51.12182]]]},"properties":{"id":649,"trees":9,"canopy":43,"park_dist":40,"pass_trees":true,"pass_canopy":true,"pass_dist":true,"score":3,"mock":true}},{"type":"Feature","id":650,"geometry":{"type":"Polygon","coordinates":[[[71.384,51.1256],[71.39,51.1256],[71.39,51.12938],[71.384,51.12938],[71.384,51.1256]]]},"properties":{"id":650,"trees":8,"canopy":46,"park_dist":52,"pass_trees":true,"pass_canopy":true,"pass_dist":true,"score":3,"mock":true}},{"type":"Feature","id":651,"geometry":{"type":"Polygon","coordinates":[[[71.384,51.12938],[71.39,51.12938],[71.39,51.13316],[71.384,51.13316],[71.384,51.12938]]]},"properties":{"id":651,"trees":8,"canopy":44,"park_dist":101,"pass_trees":true,"pass_canopy":true,"pass_dist":true,"score":3,"mock":true}},{"type":"Feature","id":652,"geometry":{"type":"Polygon","coordinates":[[[71.384,51.13316],[71.39,51.13316],[71.39,51.13694],[71.384,51.13694],[71.384,51.13316]]]},"properties":{"id":652,"trees":8,"canopy":45,"park_dist":40,"pass_trees":true,"pass_canopy":true,"pass_dist":true,"score":3,"mock":true}},{"type":"Feature","id":653,"geometry":{"type":"Polygon","coordinates":[[[71.384,51.13694],[71.39,51.13694],[71.39,51.14072],[71.384,51.14072],[71.384,51.13694]]]},"properties":{"id":653,"trees":9,"canopy":42,"park_dist":54,"pass_trees":true,"pass_canopy":true,"pass_dist":true,"score":3,"mock":true}},{"type":"Feature","id":654,"geometry":{"type":"Polygon","coordinates":[[[71.384,51.14072],[71.39,51.14072],[71.39,51.1445],[71.384,51.1445],[71.384,51.14072]]]},"properties":{"id":654,"trees":7,"canopy":43,"park_dist":115,"pass_trees":true,"pass_canopy":true,"pass_dist":true,"score":3,"mock":true}},{"type":"Feature","id":655,"geometry":{"type":"Polygon","coordinates":[[[71.384,51.1445],[71.39,51.1445],[71.39,51.14828],[71.384,51.14828],[71.384,51.1445]]]},"properties":{"id":655,"trees":7,"canopy":40,"park_dist":74,"pass_trees":true,"pass_canopy":true,"pass_dist":true,"score":3,"mock":true}},{"type":"Feature","id":656,"geometry":{"type":"Polygon","coordinates":[[[71.384,51.14828],[71.39,51.14828],[71.39,51.15206],[71.384,51.15206],[71.384,51.14828]]]},"properties":{"id":656,"trees":7,"canopy":37,"park_dist":158,"pass_trees":true,"pass_canopy":true,"pass_dist":true,"score":3,"mock":true}},{"type":"Feature","id":657,"geometry":{"type":"Polygon","coordinates":[[[71.384,51.15206],[71.39,51.15206],[71.39,51.15584],[71.384,51.15584],[71.384,51.15206]]]},"properties":{"id":657,"trees":7,"canopy":33,"park_dist":281,"pass_trees":true,"pass_canopy":true,"pass_dist":true,"score":3,"mock":true}},{"type":"Feature","id":658,"geometry":{"type":"Polygon","coordinates":[[[71.384,51.15584],[71.39,51.15584],[71.39,51.15962],[71.384,51.15962],[71.384,51.15584]]]},"properties":{"id":658,"trees":4,"canopy":29,"park_dist":489,"pass_trees":true,"pass_canopy":false,"pass_dist":false,"score":1,"mock":true}},{"type":"Feature","id":659,"geometry":{"type":"Polygon","coordinates":[[[71.384,51.15962],[71.39,51.15962],[71.39,51.1634],[71.384,51.1634],[71.384,51.15962]]]},"properties":{"id":659,"trees":3,"canopy":22,"park_dist":772,"pass_trees":true,"pass_canopy":false,"pass_dist":false,"score":1,"mock":true}},{"type":"Feature","id":660,"geometry":{"type":"Polygon","coordinates":[[[71.384,51.1634],[71.39,51.1634],[71.39,51.16718],[71.384,51.16718],[71.384,51.1634]]]},"properties":{"id":660,"trees":2,"canopy":16,"park_dist":937,"pass_trees":false,"pass_canopy":false,"pass_dist":false,"score":0,"mock":true}},{"type":"Feature","id":661,"geometry":{"type":"Polygon","coordinates":[[[71.384,51.16718],[71.39,51.16718],[71.39,51.17096],[71.384,51.17096],[71.384,51.16718]]]},"properties":{"id":661,"trees":2,"canopy":5,"park_dist":1001,"pass_trees":false,"pass_canopy":false,"pass_dist":false,"score":0,"mock":true}},{"type":"Feature","id":662,"geometry":{"type":"Polygon","coordinates":[[[71.384,51.17096],[71.39,51.17096],[71.39,51.17474],[71.384,51.17474],[71.384,51.17096]]]},"properties":{"id":662,"trees":1,"canopy":6,"park_dist":1090,"pass_trees":false,"pass_canopy":false,"pass_dist":false,"score":0,"mock":true}},{"type":"Feature","id":663,"geometry":{"type":"Polygon","coordinates":[[[71.384,51.17474],[71.39,51.17474],[71.39,51.17852],[71.384,51.17852],[71.384,51.17474]]]},"properties":{"id":663,"trees":0,"canopy":1,"park_dist":1205,"pass_trees":false,"pass_canopy":false,"pass_dist":false,"score":0,"mock":true}},{"type":"Feature","id":664,"geometry":{"type":"Polygon","coordinates":[[[71.384,51.17852],[71.39,51.17852],[71.39,51.1823],[71.384,51.1823],[71.384,51.17852]]]},"properties":{"id":664,"trees":0,"canopy":1,"park_dist":1237,"pass_trees":false,"pass_canopy":false,"pass_dist":false,"score":0,"mock":true}},{"type":"Feature","id":665,"geometry":{"type":"Polygon","coordinates":[[[71.384,51.1823],[71.39,51.1823],[71.39,51.18608],[71.384,51.18608],[71.384,51.1823]]]},"properties":{"id":665,"trees":0,"canopy":1,"park_dist":1231,"pass_trees":false,"pass_canopy":false,"pass_dist":false,"score":0,"mock":true}},{"type":"Feature","id":666,"geometry":{"type":"Polygon","coordinates":[[[71.384,51.18608],[71.39,51.18608],[71.39,51.18986],[71.384,51.18986],[71.384,51.18608]]]},"properties":{"id":666,"trees":0,"canopy":2,"park_dist":1196,"pass_trees":false,"pass_canopy":false,"pass_dist":false,"score":0,"mock":true}},{"type":"Feature","id":667,"geometry":{"type":"Polygon","coordinates":[[[71.384,51.18986],[71.39,51.18986],[71.39,51.19364],[71.384,51.19364],[71.384,51.18986]]]},"properties":{"id":667,"trees":0,"canopy":1,"park_dist":1213,"pass_trees":false,"pass_canopy":false,"pass_dist":false,"score":0,"mock":true}},{"type":"Feature","id":668,"geometry":{"type":"Polygon","coordinates":[[[71.384,51.19364],[71.39,51.19364],[71.39,51.19742],[71.384,51.19742],[71.384,51.19364]]]},"properties":{"id":668,"trees":1,"canopy":1,"park_dist":1201,"pass_trees":false,"pass_canopy":false,"pass_dist":false,"score":0,"mock":true}},{"type":"Feature","id":669,"geometry":{"type":"Polygon","coordinates":[[[71.384,51.19742],[71.39,51.19742],[71.39,51.2012],[71.384,51.2012],[71.384,51.19742]]]},"properties":{"id":669,"trees":0,"canopy":1,"park_dist":1200,"pass_trees":false,"pass_canopy":false,"pass_dist":false,"score":0,"mock":true}},{"type":"Feature","id":670,"geometry":{"type":"Polygon","coordinates":[[[71.384,51.2012],[71.39,51.2012],[71.39,51.20498],[71.384,51.20498],[71.384,51.2012]]]},"properties":{"id":670,"trees":0,"canopy":1,"park_dist":1214,"pass_trees":false,"pass_canopy":false,"pass_dist":false,"score":0,"mock":true}},{"type":"Feature","id":671,"geometry":{"type":"Polygon","coordinates":[[[71.384,51.20498],[71.39,51.20498],[71.39,51.20876],[71.384,51.20876],[71.384,51.20498]]]},"properties":{"id":671,"trees":0,"canopy":1,"park_dist":1246,"pass_trees":false,"pass_canopy":false,"pass_dist":false,"score":0,"mock":true}},{"type":"Feature","id":672,"geometry":{"type":"Polygon","coordinates":[[[71.384,51.20876],[71.39,51.20876],[71.39,51.21254],[71.384,51.21254],[71.384,51.20876]]]},"properties":{"id":672,"trees":0,"canopy":2,"park_dist":1192,"pass_trees":false,"pass_canopy":false,"pass_dist":false,"score":0,"mock":true}},{"type":"Feature","id":673,"geometry":{"type":"Polygon","coordinates":[[[71.384,51.21254],[71.39,51.21254],[71.39,51.21632],[71.384,51.21632],[71.384,51.21254]]]},"properties":{"id":673,"trees":0,"canopy":1,"park_dist":1228,"pass_trees":false,"pass_canopy":false,"pass_dist":false,"score":0,"mock":true}},{"type":"Feature","id":674,"geometry":{"type":"Polygon","coordinates":[[[71.384,51.21632],[71.39,51.21632],[71.39,51.2201],[71.384,51.2201],[71.384,51.21632]]]},"properties":{"id":674,"trees":0,"canopy":2,"park_dist":1234,"pass_trees":false,"pass_canopy":false,"pass_dist":false,"score":0,"mock":true}},{"type":"Feature","id":675,"geometry":{"type":"Polygon","coordinates":[[[71.39,51.05],[71.396,51.05],[71.396,51.05378],[71.39,51.05378],[71.39,51.05]]]},"properties":{"id":675,"trees":2,"canopy":10,"park_dist":874,"pass_trees":false,"pass_canopy":false,"pass_dist":false,"score":0,"mock":true}},{"type":"Feature","id":676,"geometry":{"type":"Polygon","coordinates":[[[71.39,51.05378],[71.396,51.05378],[71.396,51.05756],[71.39,51.05756],[71.39,51.05378]]]},"properties":{"id":676,"trees":2,"canopy":10,"park_dist":889,"pass_trees":false,"pass_canopy":false,"pass_dist":false,"score":0,"mock":true}},{"type":"Feature","id":677,"geometry":{"type":"Polygon","coordinates":[[[71.39,51.05756],[71.396,51.05756],[71.396,51.06134],[71.39,51.06134],[71.39,51.05756]]]},"properties":{"id":677,"trees":3,"canopy":11,"park_dist":870,"pass_trees":true,"pass_canopy":false,"pass_dist":false,"score":1,"mock":true}},{"type":"Feature","id":678,"geometry":{"type":"Polygon","coordinates":[[[71.39,51.06134],[71.396,51.06134],[71.396,51.06512],[71.39,51.06512],[71.39,51.06134]]]},"properties":{"id":678,"trees":2,"canopy":16,"park_dist":807,"pass_trees":false,"pass_canopy":false,"pass_dist":false,"score":0,"mock":true}},{"type":"Feature","id":679,"geometry":{"type":"Polygon","coordinates":[[[71.39,51.06512],[71.396,51.06512],[71.396,51.0689],[71.39,51.0689],[71.39,51.06512]]]},"properties":{"id":679,"trees":2,"canopy":9,"park_dist":938,"pass_trees":false,"pass_canopy":false,"pass_dist":false,"score":0,"mock":true}},{"type":"Feature","id":680,"geometry":{"type":"Polygon","coordinates":[[[71.39,51.0689],[71.396,51.0689],[71.396,51.07268],[71.39,51.07268],[71.39,51.0689]]]},"properties":{"id":680,"trees":2,"canopy":19,"park_dist":888,"pass_trees":false,"pass_canopy":false,"pass_dist":false,"score":0,"mock":true}},{"type":"Feature","id":681,"geometry":{"type":"Polygon","coordinates":[[[71.39,51.07268],[71.396,51.07268],[71.396,51.07646],[71.39,51.07646],[71.39,51.07268]]]},"properties":{"id":681,"trees":2,"canopy":19,"park_dist":792,"pass_trees":false,"pass_canopy":false,"pass_dist":false,"score":0,"mock":true}},{"type":"Feature","id":682,"geometry":{"type":"Polygon","coordinates":[[[71.39,51.07646],[71.396,51.07646],[71.396,51.08024],[71.39,51.08024],[71.39,51.07646]]]},"properties":{"id":682,"trees":4,"canopy":14,"park_dist":714,"pass_trees":true,"pass_canopy":false,"pass_dist":false,"score":1,"mock":true}},{"type":"Feature","id":683,"geometry":{"type":"Polygon","coordinates":[[[71.39,51.08024],[71.396,51.08024],[71.396,51.08402],[71.39,51.08402],[71.39,51.08024]]]},"properties":{"id":683,"trees":3,"canopy":14,"park_dist":749,"pass_trees":true,"pass_canopy":false,"pass_dist":false,"score":1,"mock":true}},{"type":"Feature","id":684,"geometry":{"type":"Polygon","coordinates":[[[71.39,51.08402],[71.396,51.08402],[71.396,51.0878],[71.39,51.0878],[71.39,51.08402]]]},"properties":{"id":684,"trees":3,"canopy":19,"park_dist":703,"pass_trees":true,"pass_canopy":false,"pass_dist":false,"score":1,"mock":true}},{"type":"Feature","id":685,"geometry":{"type":"Polygon","coordinates":[[[71.39,51.0878],[71.396,51.0878],[71.396,51.09158],[71.39,51.09158],[71.39,51.0878]]]},"properties":{"id":685,"trees":4,"canopy":22,"park_dist":634,"pass_trees":true,"pass_canopy":false,"pass_dist":false,"score":1,"mock":true}},{"type":"Feature","id":686,"geometry":{"type":"Polygon","coordinates":[[[71.39,51.09158],[71.396,51.09158],[71.396,51.09536],[71.39,51.09536],[71.39,51.09158]]]},"properties":{"id":686,"trees":5,"canopy":24,"park_dist":574,"pass_trees":true,"pass_canopy":false,"pass_dist":false,"score":1,"mock":true}},{"type":"Feature","id":687,"geometry":{"type":"Polygon","coordinates":[[[71.39,51.09536],[71.396,51.09536],[71.396,51.09914],[71.39,51.09914],[71.39,51.09536]]]},"properties":{"id":687,"trees":5,"canopy":32,"park_dist":410,"pass_trees":true,"pass_canopy":true,"pass_dist":false,"score":2,"mock":true}},{"type":"Feature","id":688,"geometry":{"type":"Polygon","coordinates":[[[71.39,51.09914],[71.396,51.09914],[71.396,51.10292],[71.39,51.10292],[71.39,51.09914]]]},"properties":{"id":688,"trees":6,"canopy":35,"park_dist":407,"pass_trees":true,"pass_canopy":true,"pass_dist":false,"score":2,"mock":true}},{"type":"Feature","id":689,"geometry":{"type":"Polygon","coordinates":[[[71.39,51.10292],[71.396,51.10292],[71.396,51.1067],[71.39,51.1067],[71.39,51.10292]]]},"properties":{"id":689,"trees":7,"canopy":39,"park_dist":69,"pass_trees":true,"pass_canopy":true,"pass_dist":true,"score":3,"mock":true}},{"type":"Feature","id":690,"geometry":{"type":"Polygon","coordinates":[[[71.39,51.1067],[71.396,51.1067],[71.396,51.11048],[71.39,51.11048],[71.39,51.1067]]]},"properties":{"id":690,"trees":7,"canopy":47,"park_dist":51,"pass_trees":true,"pass_canopy":true,"pass_dist":true,"score":3,"mock":true}},{"type":"Feature","id":691,"geometry":{"type":"Polygon","coordinates":[[[71.39,51.11048],[71.396,51.11048],[71.396,51.11426],[71.39,51.11426],[71.39,51.11048]]]},"properties":{"id":691,"trees":8,"canopy":48,"park_dist":126,"pass_trees":true,"pass_canopy":true,"pass_dist":true,"score":3,"mock":true}},{"type":"Feature","id":692,"geometry":{"type":"Polygon","coordinates":[[[71.39,51.11426],[71.396,51.11426],[71.396,51.11804],[71.39,51.11804],[71.39,51.11426]]]},"properties":{"id":692,"trees":8,"canopy":41,"park_dist":40,"pass_trees":true,"pass_canopy":true,"pass_dist":true,"score":3,"mock":true}},{"type":"Feature","id":693,"geometry":{"type":"Polygon","coordinates":[[[71.39,51.11804],[71.396,51.11804],[71.396,51.12182],[71.39,51.12182],[71.39,51.11804]]]},"properties":{"id":693,"trees":8,"canopy":45,"park_dist":60,"pass_trees":true,"pass_canopy":true,"pass_dist":true,"score":3,"mock":true}},{"type":"Feature","id":694,"geometry":{"type":"Polygon","coordinates":[[[71.39,51.12182],[71.396,51.12182],[71.396,51.1256],[71.39,51.1256],[71.39,51.12182]]]},"properties":{"id":694,"trees":8,"canopy":45,"park_dist":85,"pass_trees":true,"pass_canopy":true,"pass_dist":true,"score":3,"mock":true}},{"type":"Feature","id":695,"geometry":{"type":"Polygon","coordinates":[[[71.39,51.1256],[71.396,51.1256],[71.396,51.12938],[71.39,51.12938],[71.39,51.1256]]]},"properties":{"id":695,"trees":8,"canopy":46,"park_dist":67,"pass_trees":true,"pass_canopy":true,"pass_dist":true,"score":3,"mock":true}},{"type":"Feature","id":696,"geometry":{"type":"Polygon","coordinates":[[[71.39,51.12938],[71.396,51.12938],[71.396,51.13316],[71.39,51.13316],[71.39,51.12938]]]},"properties":{"id":696,"trees":8,"canopy":43,"park_dist":72,"pass_trees":true,"pass_canopy":true,"pass_dist":true,"score":3,"mock":true}},{"type":"Feature","id":697,"geometry":{"type":"Polygon","coordinates":[[[71.39,51.13316],[71.396,51.13316],[71.396,51.13694],[71.39,51.13694],[71.39,51.13316]]]},"properties":{"id":697,"trees":7,"canopy":45,"park_dist":80,"pass_trees":true,"pass_canopy":true,"pass_dist":true,"score":3,"mock":true}},{"type":"Feature","id":698,"geometry":{"type":"Polygon","coordinates":[[[71.39,51.13694],[71.396,51.13694],[71.396,51.14072],[71.39,51.14072],[71.39,51.13694]]]},"properties":{"id":698,"trees":8,"canopy":47,"park_dist":42,"pass_trees":true,"pass_canopy":true,"pass_dist":true,"score":3,"mock":true}},{"type":"Feature","id":699,"geometry":{"type":"Polygon","coordinates":[[[71.39,51.14072],[71.396,51.14072],[71.396,51.1445],[71.39,51.1445],[71.39,51.14072]]]},"properties":{"id":699,"trees":7,"canopy":41,"park_dist":100,"pass_trees":true,"pass_canopy":true,"pass_dist":true,"score":3,"mock":true}},{"type":"Feature","id":700,"geometry":{"type":"Polygon","coordinates":[[[71.39,51.1445],[71.396,51.1445],[71.396,51.14828],[71.39,51.14828],[71.39,51.1445]]]},"properties":{"id":700,"trees":8,"canopy":43,"park_dist":83,"pass_trees":true,"pass_canopy":true,"pass_dist":true,"score":3,"mock":true}},{"type":"Feature","id":701,"geometry":{"type":"Polygon","coordinates":[[[71.39,51.14828],[71.396,51.14828],[71.396,51.15206],[71.39,51.15206],[71.39,51.14828]]]},"properties":{"id":701,"trees":8,"canopy":45,"park_dist":77,"pass_trees":true,"pass_canopy":true,"pass_dist":true,"score":3,"mock":true}},{"type":"Feature","id":702,"geometry":{"type":"Polygon","coordinates":[[[71.39,51.15206],[71.396,51.15206],[71.396,51.15584],[71.39,51.15584],[71.39,51.15206]]]},"properties":{"id":702,"trees":8,"canopy":41,"park_dist":40,"pass_trees":true,"pass_canopy":true,"pass_dist":true,"score":3,"mock":true}},{"type":"Feature","id":703,"geometry":{"type":"Polygon","coordinates":[[[71.39,51.15584],[71.396,51.15584],[71.396,51.15962],[71.39,51.15962],[71.39,51.15584]]]},"properties":{"id":703,"trees":7,"canopy":41,"park_dist":246,"pass_trees":true,"pass_canopy":true,"pass_dist":true,"score":3,"mock":true}},{"type":"Feature","id":704,"geometry":{"type":"Polygon","coordinates":[[[71.39,51.15962],[71.396,51.15962],[71.396,51.1634],[71.39,51.1634],[71.39,51.15962]]]},"properties":{"id":704,"trees":6,"canopy":32,"park_dist":440,"pass_trees":true,"pass_canopy":true,"pass_dist":false,"score":2,"mock":true}},{"type":"Feature","id":705,"geometry":{"type":"Polygon","coordinates":[[[71.39,51.1634],[71.396,51.1634],[71.396,51.16718],[71.39,51.16718],[71.39,51.1634]]]},"properties":{"id":705,"trees":5,"canopy":27,"park_dist":540,"pass_trees":true,"pass_canopy":false,"pass_dist":false,"score":1,"mock":true}},{"type":"Feature","id":706,"geometry":{"type":"Polygon","coordinates":[[[71.39,51.16718],[71.396,51.16718],[71.396,51.17096],[71.39,51.17096],[71.39,51.16718]]]},"properties":{"id":706,"trees":4,"canopy":21,"park_dist":706,"pass_trees":true,"pass_canopy":false,"pass_dist":false,"score":1,"mock":true}},{"type":"Feature","id":707,"geometry":{"type":"Polygon","coordinates":[[[71.39,51.17096],[71.396,51.17096],[71.396,51.17474],[71.39,51.17474],[71.39,51.17096]]]},"properties":{"id":707,"trees":2,"canopy":14,"park_dist":856,"pass_trees":false,"pass_canopy":false,"pass_dist":false,"score":0,"mock":true}},{"type":"Feature","id":708,"geometry":{"type":"Polygon","coordinates":[[[71.39,51.17474],[71.396,51.17474],[71.396,51.17852],[71.39,51.17852],[71.39,51.17474]]]},"properties":{"id":708,"trees":1,"canopy":7,"park_dist":1025,"pass_trees":false,"pass_canopy":false,"pass_dist":false,"score":0,"mock":true}},{"type":"Feature","id":709,"geometry":{"type":"Polygon","coordinates":[[[71.39,51.17852],[71.396,51.17852],[71.396,51.1823],[71.39,51.1823],[71.39,51.17852]]]},"properties":{"id":709,"trees":0,"canopy":4,"park_dist":1062,"pass_trees":false,"pass_canopy":false,"pass_dist":false,"score":0,"mock":true}},{"type":"Feature","id":710,"geometry":{"type":"Polygon","coordinates":[[[71.39,51.1823],[71.396,51.1823],[71.396,51.18608],[71.39,51.18608],[71.39,51.1823]]]},"properties":{"id":710,"trees":0,"canopy":1,"park_dist":1243,"pass_trees":false,"pass_canopy":false,"pass_dist":false,"score":0,"mock":true}},{"type":"Feature","id":711,"geometry":{"type":"Polygon","coordinates":[[[71.39,51.18608],[71.396,51.18608],[71.396,51.18986],[71.39,51.18986],[71.39,51.18608]]]},"properties":{"id":711,"trees":0,"canopy":1,"park_dist":1157,"pass_trees":false,"pass_canopy":false,"pass_dist":false,"score":0,"mock":true}},{"type":"Feature","id":712,"geometry":{"type":"Polygon","coordinates":[[[71.39,51.18986],[71.396,51.18986],[71.396,51.19364],[71.39,51.19364],[71.39,51.18986]]]},"properties":{"id":712,"trees":1,"canopy":1,"park_dist":1311,"pass_trees":false,"pass_canopy":false,"pass_dist":false,"score":0,"mock":true}},{"type":"Feature","id":713,"geometry":{"type":"Polygon","coordinates":[[[71.39,51.19364],[71.396,51.19364],[71.396,51.19742],[71.39,51.19742],[71.39,51.19364]]]},"properties":{"id":713,"trees":0,"canopy":1,"park_dist":1158,"pass_trees":false,"pass_canopy":false,"pass_dist":false,"score":0,"mock":true}},{"type":"Feature","id":714,"geometry":{"type":"Polygon","coordinates":[[[71.39,51.19742],[71.396,51.19742],[71.396,51.2012],[71.39,51.2012],[71.39,51.19742]]]},"properties":{"id":714,"trees":0,"canopy":1,"park_dist":1238,"pass_trees":false,"pass_canopy":false,"pass_dist":false,"score":0,"mock":true}},{"type":"Feature","id":715,"geometry":{"type":"Polygon","coordinates":[[[71.39,51.2012],[71.396,51.2012],[71.396,51.20498],[71.39,51.20498],[71.39,51.2012]]]},"properties":{"id":715,"trees":0,"canopy":1,"park_dist":1194,"pass_trees":false,"pass_canopy":false,"pass_dist":false,"score":0,"mock":true}},{"type":"Feature","id":716,"geometry":{"type":"Polygon","coordinates":[[[71.39,51.20498],[71.396,51.20498],[71.396,51.20876],[71.39,51.20876],[71.39,51.20498]]]},"properties":{"id":716,"trees":0,"canopy":1,"park_dist":1170,"pass_trees":false,"pass_canopy":false,"pass_dist":false,"score":0,"mock":true}},{"type":"Feature","id":717,"geometry":{"type":"Polygon","coordinates":[[[71.39,51.20876],[71.396,51.20876],[71.396,51.21254],[71.39,51.21254],[71.39,51.20876]]]},"properties":{"id":717,"trees":0,"canopy":1,"park_dist":1181,"pass_trees":false,"pass_canopy":false,"pass_dist":false,"score":0,"mock":true}},{"type":"Feature","id":718,"geometry":{"type":"Polygon","coordinates":[[[71.39,51.21254],[71.396,51.21254],[71.396,51.21632],[71.39,51.21632],[71.39,51.21254]]]},"properties":{"id":718,"trees":0,"canopy":2,"park_dist":1167,"pass_trees":false,"pass_canopy":false,"pass_dist":false,"score":0,"mock":true}},{"type":"Feature","id":719,"geometry":{"type":"Polygon","coordinates":[[[71.39,51.21632],[71.396,51.21632],[71.396,51.2201],[71.39,51.2201],[71.39,51.21632]]]},"properties":{"id":719,"trees":1,"canopy":1,"park_dist":1256,"pass_trees":false,"pass_canopy":false,"pass_dist":false,"score":0,"mock":true}},{"type":"Feature","id":720,"geometry":{"type":"Polygon","coordinates":[[[71.396,51.05],[71.402,51.05],[71.402,51.05378],[71.396,51.05378],[71.396,51.05]]]},"properties":{"id":720,"trees":2,"canopy":15,"park_dist":856,"pass_trees":false,"pass_canopy":false,"pass_dist":false,"score":0,"mock":true}},{"type":"Feature","id":721,"geometry":{"type":"Polygon","coordinates":[[[71.396,51.05378],[71.402,51.05378],[71.402,51.05756],[71.396,51.05756],[71.396,51.05378]]]},"properties":{"id":721,"trees":2,"canopy":16,"park_dist":825,"pass_trees":false,"pass_canopy":false,"pass_dist":false,"score":0,"mock":true}},{"type":"Feature","id":722,"geometry":{"type":"Polygon","coordinates":[[[71.396,51.05756],[71.402,51.05756],[71.402,51.06134],[71.396,51.06134],[71.396,51.05756]]]},"properties":{"id":722,"trees":3,"canopy":17,"park_dist":792,"pass_trees":true,"pass_canopy":false,"pass_dist":false,"score":1,"mock":true}},{"type":"Feature","id":723,"geometry":{"type":"Polygon","coordinates":[[[71.396,51.06134],[71.402,51.06134],[71.402,51.06512],[71.396,51.06512],[71.396,51.06134]]]},"properties":{"id":723,"trees":3,"canopy":16,"park_dist":857,"pass_trees":true,"pass_canopy":false,"pass_dist":false,"score":1,"mock":true}},{"type":"Feature","id":724,"geometry":{"type":"Polygon","coordinates":[[[71.396,51.06512],[71.402,51.06512],[71.402,51.0689],[71.396,51.0689],[71.396,51.06512]]]},"properties":{"id":724,"trees":2,"canopy":12,"park_dist":852,"pass_trees":false,"pass_canopy":false,"pass_dist":false,"score":0,"mock":true}},{"type":"Feature","id":725,"geometry":{"type":"Polygon","coordinates":[[[71.396,51.0689],[71.402,51.0689],[71.402,51.07268],[71.396,51.07268],[71.396,51.0689]]]},"properties":{"id":725,"trees":3,"canopy":12,"park_dist":832,"pass_trees":true,"pass_canopy":false,"pass_dist":false,"score":1,"mock":true}},{"type":"Feature","id":726,"geometry":{"type":"Polygon","coordinates":[[[71.396,51.07268],[71.402,51.07268],[71.402,51.07646],[71.396,51.07646],[71.396,51.07268]]]},"properties":{"id":726,"trees":2,"canopy":12,"park_dist":886,"pass_trees":false,"pass_canopy":false,"pass_dist":false,"score":0,"mock":true}},{"type":"Feature","id":727,"geometry":{"type":"Polygon","coordinates":[[[71.396,51.07646],[71.402,51.07646],[71.402,51.08024],[71.396,51.08024],[71.396,51.07646]]]},"properties":{"id":727,"trees":3,"canopy":11,"park_dist":853,"pass_trees":true,"pass_canopy":false,"pass_dist":false,"score":1,"mock":true}},{"type":"Feature","id":728,"geometry":{"type":"Polygon","coordinates":[[[71.396,51.08024],[71.402,51.08024],[71.402,51.08402],[71.396,51.08402],[71.396,51.08024]]]},"properties":{"id":728,"trees":3,"canopy":17,"park_dist":796,"pass_trees":true,"pass_canopy":false,"pass_dist":false,"score":1,"mock":true}},{"type":"Feature","id":729,"geometry":{"type":"Polygon","coordinates":[[[71.396,51.08402],[71.402,51.08402],[71.402,51.0878],[71.396,51.0878],[71.396,51.08402]]]},"properties":{"id":729,"trees":5,"canopy":18,"park_dist":644,"pass_trees":true,"pass_canopy":false,"pass_dist":false,"score":1,"mock":true}},{"type":"Feature","id":730,"geometry":{"type":"Polygon","coordinates":[[[71.396,51.0878],[71.402,51.0878],[71.402,51.09158],[71.396,51.09158],[71.396,51.0878]]]},"properties":{"id":730,"trees":5,"canopy":21,"park_dist":606,"pass_trees":true,"pass_canopy":false,"pass_dist":false,"score":1,"mock":true}},{"type":"Feature","id":731,"geometry":{"type":"Polygon","coordinates":[[[71.396,51.09158],[71.402,51.09158],[71.402,51.09536],[71.396,51.09536],[71.396,51.09158]]]},"properties":{"id":731,"trees":5,"canopy":31,"park_dist":457,"pass_trees":true,"pass_canopy":true,"pass_dist":false,"score":2,"mock":true}},{"type":"Feature","id":732,"geometry":{"type":"Polygon","coordinates":[[[71.396,51.09536],[71.402,51.09536],[71.402,51.09914],[71.396,51.09914],[71.396,51.09536]]]},"properties":{"id":732,"trees":6,"canopy":27,"park_dist":370,"pass_trees":true,"pass_canopy":false,"pass_dist":false,"score":1,"mock":true}},{"type":"Feature","id":733,"geometry":{"type":"Polygon","coordinates":[[[71.396,51.09914],[71.402,51.09914],[71.402,51.10292],[71.396,51.10292],[71.396,51.09914]]]},"properties":{"id":733,"trees":8,"canopy":41,"park_dist":184,"pass_trees":true,"pass_canopy":true,"pass_dist":true,"score":3,"mock":true}},{"type":"Feature","id":734,"geometry":{"type":"Polygon","coordinates":[[[71.396,51.10292],[71.402,51.10292],[71.402,51.1067],[71.396,51.1067],[71.396,51.10292]]]},"properties":{"id":734,"trees":8,"canopy":44,"park_dist":118,"pass_trees":true,"pass_canopy":true,"pass_dist":true,"score":3,"mock":true}},{"type":"Feature","id":735,"geometry":{"type":"Polygon","coordinates":[[[71.396,51.1067],[71.402,51.1067],[71.402,51.11048],[71.396,51.11048],[71.396,51.1067]]]},"properties":{"id":735,"trees":8,"canopy":41,"park_dist":57,"pass_trees":true,"pass_canopy":true,"pass_dist":true,"score":3,"mock":true}},{"type":"Feature","id":736,"geometry":{"type":"Polygon","coordinates":[[[71.396,51.11048],[71.402,51.11048],[71.402,51.11426],[71.396,51.11426],[71.396,51.11048]]]},"properties":{"id":736,"trees":8,"canopy":47,"park_dist":64,"pass_trees":true,"pass_canopy":true,"pass_dist":true,"score":3,"mock":true}},{"type":"Feature","id":737,"geometry":{"type":"Polygon","coordinates":[[[71.396,51.11426],[71.402,51.11426],[71.402,51.11804],[71.396,51.11804],[71.396,51.11426]]]},"properties":{"id":737,"trees":8,"canopy":41,"park_dist":69,"pass_trees":true,"pass_canopy":true,"pass_dist":true,"score":3,"mock":true}},{"type":"Feature","id":738,"geometry":{"type":"Polygon","coordinates":[[[71.396,51.11804],[71.402,51.11804],[71.402,51.12182],[71.396,51.12182],[71.396,51.11804]]]},"properties":{"id":738,"trees":9,"canopy":44,"park_dist":40,"pass_trees":true,"pass_canopy":true,"pass_dist":true,"score":3,"mock":true}},{"type":"Feature","id":739,"geometry":{"type":"Polygon","coordinates":[[[71.396,51.12182],[71.402,51.12182],[71.402,51.1256],[71.396,51.1256],[71.396,51.12182]]]},"properties":{"id":739,"trees":8,"canopy":43,"park_dist":49,"pass_trees":true,"pass_canopy":true,"pass_dist":true,"score":3,"mock":true}},{"type":"Feature","id":740,"geometry":{"type":"Polygon","coordinates":[[[71.396,51.1256],[71.402,51.1256],[71.402,51.12938],[71.396,51.12938],[71.396,51.1256]]]},"properties":{"id":740,"trees":8,"canopy":48,"park_dist":40,"pass_trees":true,"pass_canopy":true,"pass_dist":true,"score":3,"mock":true}},{"type":"Feature","id":741,"geometry":{"type":"Polygon","coordinates":[[[71.396,51.12938],[71.402,51.12938],[71.402,51.13316],[71.396,51.13316],[71.396,51.12938]]]},"properties":{"id":741,"trees":9,"canopy":43,"park_dist":58,"pass_trees":true,"pass_canopy":true,"pass_dist":true,"score":3,"mock":true}},{"type":"Feature","id":742,"geometry":{"type":"Polygon","coordinates":[[[71.396,51.13316],[71.402,51.13316],[71.402,51.13694],[71.396,51.13694],[71.396,51.13316]]]},"properties":{"id":742,"trees":7,"canopy":43,"park_dist":40,"pass_trees":true,"pass_canopy":true,"pass_dist":true,"score":3,"mock":true}},{"type":"Feature","id":743,"geometry":{"type":"Polygon","coordinates":[[[71.396,51.13694],[71.402,51.13694],[71.402,51.14072],[71.396,51.14072],[71.396,51.13694]]]},"properties":{"id":743,"trees":7,"canopy":45,"park_dist":40,"pass_trees":true,"pass_canopy":true,"pass_dist":true,"score":3,"mock":true}},{"type":"Feature","id":744,"geometry":{"type":"Polygon","coordinates":[[[71.396,51.14072],[71.402,51.14072],[71.402,51.1445],[71.396,51.1445],[71.396,51.14072]]]},"properties":{"id":744,"trees":8,"canopy":46,"park_dist":96,"pass_trees":true,"pass_canopy":true,"pass_dist":true,"score":3,"mock":true}},{"type":"Feature","id":745,"geometry":{"type":"Polygon","coordinates":[[[71.396,51.1445],[71.402,51.1445],[71.402,51.14828],[71.396,51.14828],[71.396,51.1445]]]},"properties":{"id":745,"trees":8,"canopy":42,"park_dist":40,"pass_trees":true,"pass_canopy":true,"pass_dist":true,"score":3,"mock":true}},{"type":"Feature","id":746,"geometry":{"type":"Polygon","coordinates":[[[71.396,51.14828],[71.402,51.14828],[71.402,51.15206],[71.396,51.15206],[71.396,51.14828]]]},"properties":{"id":746,"trees":8,"canopy":44,"park_dist":46,"pass_trees":true,"pass_canopy":true,"pass_dist":true,"score":3,"mock":true}},{"type":"Feature","id":747,"geometry":{"type":"Polygon","coordinates":[[[71.396,51.15206],[71.402,51.15206],[71.402,51.15584],[71.396,51.15584],[71.396,51.15206]]]},"properties":{"id":747,"trees":9,"canopy":42,"park_dist":135,"pass_trees":true,"pass_canopy":true,"pass_dist":true,"score":3,"mock":true}},{"type":"Feature","id":748,"geometry":{"type":"Polygon","coordinates":[[[71.396,51.15584],[71.402,51.15584],[71.402,51.15962],[71.396,51.15962],[71.396,51.15584]]]},"properties":{"id":748,"trees":8,"canopy":42,"park_dist":40,"pass_trees":true,"pass_canopy":true,"pass_dist":true,"score":3,"mock":true}},{"type":"Feature","id":749,"geometry":{"type":"Polygon","coordinates":[[[71.396,51.15962],[71.402,51.15962],[71.402,51.1634],[71.396,51.1634],[71.396,51.15962]]]},"properties":{"id":749,"trees":9,"canopy":49,"park_dist":40,"pass_trees":true,"pass_canopy":true,"pass_dist":true,"score":3,"mock":true}},{"type":"Feature","id":750,"geometry":{"type":"Polygon","coordinates":[[[71.396,51.1634],[71.402,51.1634],[71.402,51.16718],[71.396,51.16718],[71.396,51.1634]]]},"properties":{"id":750,"trees":6,"canopy":38,"park_dist":267,"pass_trees":true,"pass_canopy":true,"pass_dist":true,"score":3,"mock":true}},{"type":"Feature","id":751,"geometry":{"type":"Polygon","coordinates":[[[71.396,51.16718],[71.402,51.16718],[71.402,51.17096],[71.396,51.17096],[71.396,51.16718]]]},"properties":{"id":751,"trees":5,"canopy":30,"park_dist":430,"pass_trees":true,"pass_canopy":true,"pass_dist":false,"score":2,"mock":true}},{"type":"Feature","id":752,"geometry":{"type":"Polygon","coordinates":[[[71.396,51.17096],[71.402,51.17096],[71.402,51.17474],[71.396,51.17474],[71.396,51.17096]]]},"properties":{"id":752,"trees":4,"canopy":24,"park_dist":564,"pass_trees":true,"pass_canopy":false,"pass_dist":false,"score":1,"mock":true}},{"type":"Feature","id":753,"geometry":{"type":"Polygon","coordinates":[[[71.396,51.17474],[71.402,51.17474],[71.402,51.17852],[71.396,51.17852],[71.396,51.17474]]]},"properties":{"id":753,"trees":4,"canopy":19,"park_dist":658,"pass_trees":true,"pass_canopy":false,"pass_dist":false,"score":1,"mock":true}},{"type":"Feature","id":754,"geometry":{"type":"Polygon","coordinates":[[[71.396,51.17852],[71.402,51.17852],[71.402,51.1823],[71.396,51.1823],[71.396,51.17852]]]},"properties":{"id":754,"trees":2,"canopy":9,"park_dist":878,"pass_trees":false,"pass_canopy":false,"pass_dist":false,"score":0,"mock":true}},{"type":"Feature","id":755,"geometry":{"type":"Polygon","coordinates":[[[71.396,51.1823],[71.402,51.1823],[71.402,51.18608],[71.396,51.18608],[71.396,51.1823]]]},"properties":{"id":755,"trees":1,"canopy":10,"park_dist":961,"pass_trees":false,"pass_canopy":false,"pass_dist":false,"score":0,"mock":true}},{"type":"Feature","id":756,"geometry":{"type":"Polygon","coordinates":[[[71.396,51.18608],[71.402,51.18608],[71.402,51.18986],[71.396,51.18986],[71.396,51.18608]]]},"properties":{"id":756,"trees":0,"canopy":6,"park_dist":1078,"pass_trees":false,"pass_canopy":false,"pass_dist":false,"score":0,"mock":true}},{"type":"Feature","id":757,"geometry":{"type":"Polygon","coordinates":[[[71.396,51.18986],[71.402,51.18986],[71.402,51.19364],[71.396,51.19364],[71.396,51.18986]]]},"properties":{"id":757,"trees":1,"canopy":3,"park_dist":1128,"pass_trees":false,"pass_canopy":false,"pass_dist":false,"score":0,"mock":true}},{"type":"Feature","id":758,"geometry":{"type":"Polygon","coordinates":[[[71.396,51.19364],[71.402,51.19364],[71.402,51.19742],[71.396,51.19742],[71.396,51.19364]]]},"properties":{"id":758,"trees":0,"canopy":1,"park_dist":1170,"pass_trees":false,"pass_canopy":false,"pass_dist":false,"score":0,"mock":true}},{"type":"Feature","id":759,"geometry":{"type":"Polygon","coordinates":[[[71.396,51.19742],[71.402,51.19742],[71.402,51.2012],[71.396,51.2012],[71.396,51.19742]]]},"properties":{"id":759,"trees":0,"canopy":1,"park_dist":1240,"pass_trees":false,"pass_canopy":false,"pass_dist":false,"score":0,"mock":true}},{"type":"Feature","id":760,"geometry":{"type":"Polygon","coordinates":[[[71.396,51.2012],[71.402,51.2012],[71.402,51.20498],[71.396,51.20498],[71.396,51.2012]]]},"properties":{"id":760,"trees":0,"canopy":2,"park_dist":1136,"pass_trees":false,"pass_canopy":false,"pass_dist":false,"score":0,"mock":true}},{"type":"Feature","id":761,"geometry":{"type":"Polygon","coordinates":[[[71.396,51.20498],[71.402,51.20498],[71.402,51.20876],[71.396,51.20876],[71.396,51.20498]]]},"properties":{"id":761,"trees":0,"canopy":1,"park_dist":1185,"pass_trees":false,"pass_canopy":false,"pass_dist":false,"score":0,"mock":true}},{"type":"Feature","id":762,"geometry":{"type":"Polygon","coordinates":[[[71.396,51.20876],[71.402,51.20876],[71.402,51.21254],[71.396,51.21254],[71.396,51.20876]]]},"properties":{"id":762,"trees":1,"canopy":1,"park_dist":1108,"pass_trees":false,"pass_canopy":false,"pass_dist":false,"score":0,"mock":true}},{"type":"Feature","id":763,"geometry":{"type":"Polygon","coordinates":[[[71.396,51.21254],[71.402,51.21254],[71.402,51.21632],[71.396,51.21632],[71.396,51.21254]]]},"properties":{"id":763,"trees":0,"canopy":3,"park_dist":1215,"pass_trees":false,"pass_canopy":false,"pass_dist":false,"score":0,"mock":true}},{"type":"Feature","id":764,"geometry":{"type":"Polygon","coordinates":[[[71.396,51.21632],[71.402,51.21632],[71.402,51.2201],[71.396,51.2201],[71.396,51.21632]]]},"properties":{"id":764,"trees":1,"canopy":5,"park_dist":1123,"pass_trees":false,"pass_canopy":false,"pass_dist":false,"score":0,"mock":true}},{"type":"Feature","id":765,"geometry":{"type":"Polygon","coordinates":[[[71.402,51.05],[71.408,51.05],[71.408,51.05378],[71.402,51.05378],[71.402,51.05]]]},"properties":{"id":765,"trees":2,"canopy":11,"park_dist":808,"pass_trees":false,"pass_canopy":false,"pass_dist":false,"score":0,"mock":true}},{"type":"Feature","id":766,"geometry":{"type":"Polygon","coordinates":[[[71.402,51.05378],[71.408,51.05378],[71.408,51.05756],[71.402,51.05756],[71.402,51.05378]]]},"properties":{"id":766,"trees":3,"canopy":15,"park_dist":890,"pass_trees":true,"pass_canopy":false,"pass_dist":false,"score":1,"mock":true}},{"type":"Feature","id":767,"geometry":{"type":"Polygon","coordinates":[[[71.402,51.05756],[71.408,51.05756],[71.408,51.06134],[71.402,51.06134],[71.402,51.05756]]]},"properties":{"id":767,"trees":3,"canopy":15,"park_dist":857,"pass_trees":true,"pass_canopy":false,"pass_dist":false,"score":1,"mock":true}},{"type":"Feature","id":768,"geometry":{"type":"Polygon","coordinates":[[[71.402,51.06134],[71.408,51.06134],[71.408,51.06512],[71.402,51.06512],[71.402,51.06134]]]},"properties":{"id":768,"trees":2,"canopy":12,"park_dist":922,"pass_trees":false,"pass_canopy":false,"pass_dist":false,"score":0,"mock":true}},{"type":"Feature","id":769,"geometry":{"type":"Polygon","coordinates":[[[71.402,51.06512],[71.408,51.06512],[71.408,51.0689],[71.402,51.0689],[71.402,51.06512]]]},"properties":{"id":769,"trees":2,"canopy":17,"park_dist":735,"pass_trees":false,"pass_canopy":false,"pass_dist":false,"score":0,"mock":true}},{"type":"Feature","id":770,"geometry":{"type":"Polygon","coordinates":[[[71.402,51.0689],[71.408,51.0689],[71.408,51.07268],[71.402,51.07268],[71.402,51.0689]]]},"properties":{"id":770,"trees":3,"canopy":21,"park_dist":827,"pass_trees":true,"pass_canopy":false,"pass_dist":false,"score":1,"mock":true}},{"type":"Feature","id":771,"geometry":{"type":"Polygon","coordinates":[[[71.402,51.07268],[71.408,51.07268],[71.408,51.07646],[71.402,51.07646],[71.402,51.07268]]]},"properties":{"id":771,"trees":2,"canopy":15,"park_dist":829,"pass_trees":false,"pass_canopy":false,"pass_dist":false,"score":0,"mock":true}},{"type":"Feature","id":772,"geometry":{"type":"Polygon","coordinates":[[[71.402,51.07646],[71.408,51.07646],[71.408,51.08024],[71.402,51.08024],[71.402,51.07646]]]},"properties":{"id":772,"trees":3,"canopy":17,"park_dist":805,"pass_trees":true,"pass_canopy":false,"pass_dist":false,"score":1,"mock":true}},{"type":"Feature","id":773,"geometry":{"type":"Polygon","coordinates":[[[71.402,51.08024],[71.408,51.08024],[71.408,51.08402],[71.402,51.08402],[71.402,51.08024]]]},"properties":{"id":773,"trees":4,"canopy":23,"park_dist":727,"pass_trees":true,"pass_canopy":false,"pass_dist":false,"score":1,"mock":true}},{"type":"Feature","id":774,"geometry":{"type":"Polygon","coordinates":[[[71.402,51.08402],[71.408,51.08402],[71.408,51.0878],[71.402,51.0878],[71.402,51.08402]]]},"properties":{"id":774,"trees":3,"canopy":21,"park_dist":703,"pass_trees":true,"pass_canopy":false,"pass_dist":false,"score":1,"mock":true}},{"type":"Feature","id":775,"geometry":{"type":"Polygon","coordinates":[[[71.402,51.0878],[71.408,51.0878],[71.408,51.09158],[71.402,51.09158],[71.402,51.0878]]]},"properties":{"id":775,"trees":5,"canopy":24,"park_dist":478,"pass_trees":true,"pass_canopy":false,"pass_dist":false,"score":1,"mock":true}},{"type":"Feature","id":776,"geometry":{"type":"Polygon","coordinates":[[[71.402,51.09158],[71.408,51.09158],[71.408,51.09536],[71.402,51.09536],[71.402,51.09158]]]},"properties":{"id":776,"trees":6,"canopy":30,"park_dist":398,"pass_trees":true,"pass_canopy":true,"pass_dist":false,"score":2,"mock":true}},{"type":"Feature","id":777,"geometry":{"type":"Polygon","coordinates":[[[71.402,51.09536],[71.408,51.09536],[71.408,51.09914],[71.402,51.09914],[71.402,51.09536]]]},"properties":{"id":777,"trees":6,"canopy":32,"park_dist":359,"pass_trees":true,"pass_canopy":true,"pass_dist":false,"score":2,"mock":true}},{"type":"Feature","id":778,"geometry":{"type":"Polygon","coordinates":[[[71.402,51.09914],[71.408,51.09914],[71.408,51.10292],[71.402,51.10292],[71.402,51.09914]]]},"properties":{"id":778,"trees":8,"canopy":41,"park_dist":74,"pass_trees":true,"pass_canopy":true,"pass_dist":true,"score":3,"mock":true}},{"type":"Feature","id":779,"geometry":{"type":"Polygon","coordinates":[[[71.402,51.10292],[71.408,51.10292],[71.408,51.1067],[71.402,51.1067],[71.402,51.10292]]]},"properties":{"id":779,"trees":8,"canopy":40,"park_dist":120,"pass_trees":true,"pass_canopy":true,"pass_dist":true,"score":3,"mock":true}},{"type":"Feature","id":780,"geometry":{"type":"Polygon","coordinates":[[[71.402,51.1067],[71.408,51.1067],[71.408,51.11048],[71.402,51.11048],[71.402,51.1067]]]},"properties":{"id":780,"trees":8,"canopy":45,"park_dist":82,"pass_trees":true,"pass_canopy":true,"pass_dist":true,"score":3,"mock":true}},{"type":"Feature","id":781,"geometry":{"type":"Polygon","coordinates":[[[71.402,51.11048],[71.408,51.11048],[71.408,51.11426],[71.402,51.11426],[71.402,51.11048]]]},"properties":{"id":781,"trees":8,"canopy":48,"park_dist":81,"pass_trees":true,"pass_canopy":true,"pass_dist":true,"score":3,"mock":true}},{"type":"Feature","id":782,"geometry":{"type":"Polygon","coordinates":[[[71.402,51.11426],[71.408,51.11426],[71.408,51.11804],[71.402,51.11804],[71.402,51.11426]]]},"properties":{"id":782,"trees":8,"canopy":44,"park_dist":129,"pass_trees":true,"pass_canopy":true,"pass_dist":true,"score":3,"mock":true}},{"type":"Feature","id":783,"geometry":{"type":"Polygon","coordinates":[[[71.402,51.11804],[71.408,51.11804],[71.408,51.12182],[71.402,51.12182],[71.402,51.11804]]]},"properties":{"id":783,"trees":7,"canopy":44,"park_dist":40,"pass_trees":true,"pass_canopy":true,"pass_dist":true,"score":3,"mock":true}},{"type":"Feature","id":784,"geometry":{"type":"Polygon","coordinates":[[[71.402,51.12182],[71.408,51.12182],[71.408,51.1256],[71.402,51.1256],[71.402,51.12182]]]},"properties":{"id":784,"trees":8,"canopy":42,"park_dist":79,"pass_trees":true,"pass_canopy":true,"pass_dist":true,"score":3,"mock":true}},{"type":"Feature","id":785,"geometry":{"type":"Polygon","coordinates":[[[71.402,51.1256],[71.408,51.1256],[71.408,51.12938],[71.402,51.12938],[71.402,51.1256]]]},"properties":{"id":785,"trees":8,"canopy":44,"park_dist":40,"pass_trees":true,"pass_canopy":true,"pass_dist":true,"score":3,"mock":true}},{"type":"Feature","id":786,"geometry":{"type":"Polygon","coordinates":[[[71.402,51.12938],[71.408,51.12938],[71.408,51.13316],[71.402,51.13316],[71.402,51.12938]]]},"properties":{"id":786,"trees":7,"canopy":46,"park_dist":40,"pass_trees":true,"pass_canopy":true,"pass_dist":true,"score":3,"mock":true}},{"type":"Feature","id":787,"geometry":{"type":"Polygon","coordinates":[[[71.402,51.13316],[71.408,51.13316],[71.408,51.13694],[71.402,51.13694],[71.402,51.13316]]]},"properties":{"id":787,"trees":8,"canopy":41,"park_dist":43,"pass_trees":true,"pass_canopy":true,"pass_dist":true,"score":3,"mock":true}},{"type":"Feature","id":788,"geometry":{"type":"Polygon","coordinates":[[[71.402,51.13694],[71.408,51.13694],[71.408,51.14072],[71.402,51.14072],[71.402,51.13694]]]},"properties":{"id":788,"trees":8,"canopy":40,"park_dist":40,"pass_trees":true,"pass_canopy":true,"pass_dist":true,"score":3,"mock":true}},{"type":"Feature","id":789,"geometry":{"type":"Polygon","coordinates":[[[71.402,51.14072],[71.408,51.14072],[71.408,51.1445],[71.402,51.1445],[71.402,51.14072]]]},"properties":{"id":789,"trees":8,"canopy":44,"park_dist":112,"pass_trees":true,"pass_canopy":true,"pass_dist":true,"score":3,"mock":true}},{"type":"Feature","id":790,"geometry":{"type":"Polygon","coordinates":[[[71.402,51.1445],[71.408,51.1445],[71.408,51.14828],[71.402,51.14828],[71.402,51.1445]]]},"properties":{"id":790,"trees":8,"canopy":44,"park_dist":70,"pass_trees":true,"pass_canopy":true,"pass_dist":true,"score":3,"mock":true}},{"type":"Feature","id":791,"geometry":{"type":"Polygon","coordinates":[[[71.402,51.14828],[71.408,51.14828],[71.408,51.15206],[71.402,51.15206],[71.402,51.14828]]]},"properties":{"id":791,"trees":8,"canopy":44,"park_dist":42,"pass_trees":true,"pass_canopy":true,"pass_dist":true,"score":3,"mock":true}},{"type":"Feature","id":792,"geometry":{"type":"Polygon","coordinates":[[[71.402,51.15206],[71.408,51.15206],[71.408,51.15584],[71.402,51.15584],[71.402,51.15206]]]},"properties":{"id":792,"trees":8,"canopy":46,"park_dist":40,"pass_trees":true,"pass_canopy":true,"pass_dist":true,"score":3,"mock":true}},{"type":"Feature","id":793,"geometry":{"type":"Polygon","coordinates":[[[71.402,51.15584],[71.408,51.15584],[71.408,51.15962],[71.402,51.15962],[71.402,51.15584]]]},"properties":{"id":793,"trees":8,"canopy":41,"park_dist":62,"pass_trees":true,"pass_canopy":true,"pass_dist":true,"score":3,"mock":true}},{"type":"Feature","id":794,"geometry":{"type":"Polygon","coordinates":[[[71.402,51.15962],[71.408,51.15962],[71.408,51.1634],[71.402,51.1634],[71.402,51.15962]]]},"properties":{"id":794,"trees":8,"canopy":44,"park_dist":102,"pass_trees":true,"pass_canopy":true,"pass_dist":true,"score":3,"mock":true}},{"type":"Feature","id":795,"geometry":{"type":"Polygon","coordinates":[[[71.402,51.1634],[71.408,51.1634],[71.408,51.16718],[71.402,51.16718],[71.402,51.1634]]]},"properties":{"id":795,"trees":8,"canopy":43,"park_dist":100,"pass_trees":true,"pass_canopy":true,"pass_dist":true,"score":3,"mock":true}},{"type":"Feature","id":796,"geometry":{"type":"Polygon","coordinates":[[[71.402,51.16718],[71.408,51.16718],[71.408,51.17096],[71.402,51.17096],[71.402,51.16718]]]},"properties":{"id":796,"trees":8,"canopy":42,"park_dist":92,"pass_trees":true,"pass_canopy":true,"pass_dist":true,"score":3,"mock":true}},{"type":"Feature","id":797,"geometry":{"type":"Polygon","coordinates":[[[71.402,51.17096],[71.408,51.17096],[71.408,51.17474],[71.402,51.17474],[71.402,51.17096]]]},"properties":{"id":797,"trees":7,"canopy":31,"park_dist":320,"pass_trees":true,"pass_canopy":true,"pass_dist":false,"score":2,"mock":true}},{"type":"Feature","id":798,"geometry":{"type":"Polygon","coordinates":[[[71.402,51.17474],[71.408,51.17474],[71.408,51.17852],[71.402,51.17852],[71.402,51.17474]]]},"properties":{"id":798,"trees":4,"canopy":26,"park_dist":624,"pass_trees":true,"pass_canopy":false,"pass_dist":false,"score":1,"mock":true}},{"type":"Feature","id":799,"geometry":{"type":"Polygon","coordinates":[[[71.402,51.17852],[71.408,51.17852],[71.408,51.1823],[71.402,51.1823],[71.402,51.17852]]]},"properties":{"id":799,"trees":3,"canopy":14,"park_dist":813,"pass_trees":true,"pass_canopy":false,"pass_dist":false,"score":1,"mock":true}},{"type":"Feature","id":800,"geometry":{"type":"Polygon","coordinates":[[[71.402,51.1823],[71.408,51.1823],[71.408,51.18608],[71.402,51.18608],[71.402,51.1823]]]},"properties":{"id":800,"trees":2,"canopy":16,"park_dist":822,"pass_trees":false,"pass_canopy":false,"pass_dist":false,"score":0,"mock":true}},{"type":"Feature","id":801,"geometry":{"type":"Polygon","coordinates":[[[71.402,51.18608],[71.408,51.18608],[71.408,51.18986],[71.402,51.18986],[71.402,51.18608]]]},"properties":{"id":801,"trees":2,"canopy":9,"park_dist":964,"pass_trees":false,"pass_canopy":false,"pass_dist":false,"score":0,"mock":true}},{"type":"Feature","id":802,"geometry":{"type":"Polygon","coordinates":[[[71.402,51.18986],[71.408,51.18986],[71.408,51.19364],[71.402,51.19364],[71.402,51.18986]]]},"properties":{"id":802,"trees":1,"canopy":9,"park_dist":1093,"pass_trees":false,"pass_canopy":false,"pass_dist":false,"score":0,"mock":true}},{"type":"Feature","id":803,"geometry":{"type":"Polygon","coordinates":[[[71.402,51.19364],[71.408,51.19364],[71.408,51.19742],[71.402,51.19742],[71.402,51.19364]]]},"properties":{"id":803,"trees":1,"canopy":4,"park_dist":1048,"pass_trees":false,"pass_canopy":false,"pass_dist":false,"score":0,"mock":true}},{"type":"Feature","id":804,"geometry":{"type":"Polygon","coordinates":[[[71.402,51.19742],[71.408,51.19742],[71.408,51.2012],[71.402,51.2012],[71.402,51.19742]]]},"properties":{"id":804,"trees":2,"canopy":8,"park_dist":1017,"pass_trees":false,"pass_canopy":false,"pass_dist":false,"score":0,"mock":true}},{"type":"Feature","id":805,"geometry":{"type":"Polygon","coordinates":[[[71.402,51.2012],[71.408,51.2012],[71.408,51.20498],[71.402,51.20498],[71.402,51.2012]]]},"properties":{"id":805,"trees":1,"canopy":7,"park_dist":1047,"pass_trees":false,"pass_canopy":false,"pass_dist":false,"score":0,"mock":true}},{"type":"Feature","id":806,"geometry":{"type":"Polygon","coordinates":[[[71.402,51.20498],[71.408,51.20498],[71.408,51.20876],[71.402,51.20876],[71.402,51.20498]]]},"properties":{"id":806,"trees":2,"canopy":9,"park_dist":1043,"pass_trees":false,"pass_canopy":false,"pass_dist":false,"score":0,"mock":true}},{"type":"Feature","id":807,"geometry":{"type":"Polygon","coordinates":[[[71.402,51.20876],[71.408,51.20876],[71.408,51.21254],[71.402,51.21254],[71.402,51.20876]]]},"properties":{"id":807,"trees":0,"canopy":6,"park_dist":1077,"pass_trees":false,"pass_canopy":false,"pass_dist":false,"score":0,"mock":true}},{"type":"Feature","id":808,"geometry":{"type":"Polygon","coordinates":[[[71.402,51.21254],[71.408,51.21254],[71.408,51.21632],[71.402,51.21632],[71.402,51.21254]]]},"properties":{"id":808,"trees":3,"canopy":10,"park_dist":939,"pass_trees":true,"pass_canopy":false,"pass_dist":false,"score":1,"mock":true}},{"type":"Feature","id":809,"geometry":{"type":"Polygon","coordinates":[[[71.402,51.21632],[71.408,51.21632],[71.408,51.2201],[71.402,51.2201],[71.402,51.21632]]]},"properties":{"id":809,"trees":2,"canopy":7,"park_dist":1037,"pass_trees":false,"pass_canopy":false,"pass_dist":false,"score":0,"mock":true}},{"type":"Feature","id":810,"geometry":{"type":"Polygon","coordinates":[[[71.408,51.05],[71.414,51.05],[71.414,51.05378],[71.408,51.05378],[71.408,51.05]]]},"properties":{"id":810,"trees":2,"canopy":12,"park_dist":936,"pass_trees":false,"pass_canopy":false,"pass_dist":false,"score":0,"mock":true}},{"type":"Feature","id":811,"geometry":{"type":"Polygon","coordinates":[[[71.408,51.05378],[71.414,51.05378],[71.414,51.05756],[71.408,51.05756],[71.408,51.05378]]]},"properties":{"id":811,"trees":3,"canopy":15,"park_dist":808,"pass_trees":true,"pass_canopy":false,"pass_dist":false,"score":1,"mock":true}},{"type":"Feature","id":812,"geometry":{"type":"Polygon","coordinates":[[[71.408,51.05756],[71.414,51.05756],[71.414,51.06134],[71.408,51.06134],[71.408,51.05756]]]},"properties":{"id":812,"trees":4,"canopy":18,"park_dist":784,"pass_trees":true,"pass_canopy":false,"pass_dist":false,"score":1,"mock":true}},{"type":"Feature","id":813,"geometry":{"type":"Polygon","coordinates":[[[71.408,51.06134],[71.414,51.06134],[71.414,51.06512],[71.408,51.06512],[71.408,51.06134]]]},"properties":{"id":813,"trees":3,"canopy":15,"park_dist":878,"pass_trees":true,"pass_canopy":false,"pass_dist":false,"score":1,"mock":true}},{"type":"Feature","id":814,"geometry":{"type":"Polygon","coordinates":[[[71.408,51.06512],[71.414,51.06512],[71.414,51.0689],[71.408,51.0689],[71.408,51.06512]]]},"properties":{"id":814,"trees":3,"canopy":14,"park_dist":880,"pass_trees":true,"pass_canopy":false,"pass_dist":false,"score":1,"mock":true}},{"type":"Feature","id":815,"geometry":{"type":"Polygon","coordinates":[[[71.408,51.0689],[71.414,51.0689],[71.414,51.07268],[71.408,51.07268],[71.408,51.0689]]]},"properties":{"id":815,"trees":3,"canopy":12,"park_dist":875,"pass_trees":true,"pass_canopy":false,"pass_dist":false,"score":1,"mock":true}},{"type":"Feature","id":816,"geometry":{"type":"Polygon","coordinates":[[[71.408,51.07268],[71.414,51.07268],[71.414,51.07646],[71.408,51.07646],[71.408,51.07268]]]},"properties":{"id":816,"trees":4,"canopy":20,"park_dist":744,"pass_trees":true,"pass_canopy":false,"pass_dist":false,"score":1,"mock":true}},{"type":"Feature","id":817,"geometry":{"type":"Polygon","coordinates":[[[71.408,51.07646],[71.414,51.07646],[71.414,51.08024],[71.408,51.08024],[71.408,51.07646]]]},"properties":{"id":817,"trees":3,"canopy":15,"park_dist":773,"pass_trees":true,"pass_canopy":false,"pass_dist":false,"score":1,"mock":true}},{"type":"Feature","id":818,"geometry":{"type":"Polygon","coordinates":[[[71.408,51.08024],[71.414,51.08024],[71.414,51.08402],[71.408,51.08402],[71.408,51.08024]]]},"properties":{"id":818,"trees":3,"canopy":18,"park_dist":759,"pass_trees":true,"pass_canopy":false,"pass_dist":false,"score":1,"mock":true}},{"type":"Feature","id":819,"geometry":{"type":"Polygon","coordinates":[[[71.408,51.08402],[71.414,51.08402],[71.414,51.0878],[71.408,51.0878],[71.408,51.08402]]]},"properties":{"id":819,"trees":5,"canopy":23,"park_dist":552,"pass_trees":true,"pass_canopy":false,"pass_dist":false,"score":1,"mock":true}},{"type":"Feature","id":820,"geometry":{"type":"Polygon","coordinates":[[[71.408,51.0878],[71.414,51.0878],[71.414,51.09158],[71.408,51.09158],[71.408,51.0878]]]},"properties":{"id":820,"trees":5,"canopy":24,"park_dist":587,"pass_trees":true,"pass_canopy":false,"pass_dist":false,"score":1,"mock":true}},{"type":"Feature","id":821,"geometry":{"type":"Polygon","coordinates":[[[71.408,51.09158],[71.414,51.09158],[71.414,51.09536],[71.408,51.09536],[71.408,51.09158]]]},"properties":{"id":821,"trees":6,"canopy":30,"park_dist":419,"pass_trees":true,"pass_canopy":true,"pass_dist":false,"score":2,"mock":true}},{"type":"Feature","id":822,"geometry":{"type":"Polygon","coordinates":[[[71.408,51.09536],[71.414,51.09536],[71.414,51.09914],[71.408,51.09914],[71.408,51.09536]]]},"properties":{"id":822,"trees":7,"canopy":37,"park_dist":259,"pass_trees":true,"pass_canopy":true,"pass_dist":true,"score":3,"mock":true}},{"type":"Feature","id":823,"geometry":{"type":"Polygon","coordinates":[[[71.408,51.09914],[71.414,51.09914],[71.414,51.10292],[71.408,51.10292],[71.408,51.09914]]]},"properties":{"id":823,"trees":8,"canopy":36,"park_dist":153,"pass_trees":true,"pass_canopy":true,"pass_dist":true,"score":3,"mock":true}},{"type":"Feature","id":824,"geometry":{"type":"Polygon","coordinates":[[[71.408,51.10292],[71.414,51.10292],[71.414,51.1067],[71.408,51.1067],[71.408,51.10292]]]},"properties":{"id":824,"trees":8,"canopy":43,"park_dist":40,"pass_trees":true,"pass_canopy":true,"pass_dist":true,"score":3,"mock":true}},{"type":"Feature","id":825,"geometry":{"type":"Polygon","coordinates":[[[71.408,51.1067],[71.414,51.1067],[71.414,51.11048],[71.408,51.11048],[71.408,51.1067]]]},"properties":{"id":825,"trees":8,"canopy":45,"park_dist":121,"pass_trees":true,"pass_canopy":true,"pass_dist":true,"score":3,"mock":true}},{"type":"Feature","id":826,"geometry":{"type":"Polygon","coordinates":[[[71.408,51.11048],[71.414,51.11048],[71.414,51.11426],[71.408,51.11426],[71.408,51.11048]]]},"properties":{"id":826,"trees":9,"canopy":45,"park_dist":118,"pass_trees":true,"pass_canopy":true,"pass_dist":true,"score":3,"mock":true}},{"type":"Feature","id":827,"geometry":{"type":"Polygon","coordinates":[[[71.408,51.11426],[71.414,51.11426],[71.414,51.11804],[71.408,51.11804],[71.408,51.11426]]]},"properties":{"id":827,"trees":8,"canopy":41,"park_dist":40,"pass_trees":true,"pass_canopy":true,"pass_dist":true,"score":3,"mock":true}},{"type":"Feature","id":828,"geometry":{"type":"Polygon","coordinates":[[[71.408,51.11804],[71.414,51.11804],[71.414,51.12182],[71.408,51.12182],[71.408,51.11804]]]},"properties":{"id":828,"trees":8,"canopy":42,"park_dist":70,"pass_trees":true,"pass_canopy":true,"pass_dist":true,"score":3,"mock":true}},{"type":"Feature","id":829,"geometry":{"type":"Polygon","coordinates":[[[71.408,51.12182],[71.414,51.12182],[71.414,51.1256],[71.408,51.1256],[71.408,51.12182]]]},"properties":{"id":829,"trees":8,"canopy":44,"park_dist":40,"pass_trees":true,"pass_canopy":true,"pass_dist":true,"score":3,"mock":true}},{"type":"Feature","id":830,"geometry":{"type":"Polygon","coordinates":[[[71.408,51.1256],[71.414,51.1256],[71.414,51.12938],[71.408,51.12938],[71.408,51.1256]]]},"properties":{"id":830,"trees":8,"canopy":45,"park_dist":40,"pass_trees":true,"pass_canopy":true,"pass_dist":true,"score":3,"mock":true}},{"type":"Feature","id":831,"geometry":{"type":"Polygon","coordinates":[[[71.408,51.12938],[71.414,51.12938],[71.414,51.13316],[71.408,51.13316],[71.408,51.12938]]]},"properties":{"id":831,"trees":8,"canopy":44,"park_dist":40,"pass_trees":true,"pass_canopy":true,"pass_dist":true,"score":3,"mock":true}},{"type":"Feature","id":832,"geometry":{"type":"Polygon","coordinates":[[[71.408,51.13316],[71.414,51.13316],[71.414,51.13694],[71.408,51.13694],[71.408,51.13316]]]},"properties":{"id":832,"trees":9,"canopy":45,"park_dist":40,"pass_trees":true,"pass_canopy":true,"pass_dist":true,"score":3,"mock":true}},{"type":"Feature","id":833,"geometry":{"type":"Polygon","coordinates":[[[71.408,51.13694],[71.414,51.13694],[71.414,51.14072],[71.408,51.14072],[71.408,51.13694]]]},"properties":{"id":833,"trees":8,"canopy":40,"park_dist":77,"pass_trees":true,"pass_canopy":true,"pass_dist":true,"score":3,"mock":true}},{"type":"Feature","id":834,"geometry":{"type":"Polygon","coordinates":[[[71.408,51.14072],[71.414,51.14072],[71.414,51.1445],[71.408,51.1445],[71.408,51.14072]]]},"properties":{"id":834,"trees":8,"canopy":48,"park_dist":89,"pass_trees":true,"pass_canopy":true,"pass_dist":true,"score":3,"mock":true}},{"type":"Feature","id":835,"geometry":{"type":"Polygon","coordinates":[[[71.408,51.1445],[71.414,51.1445],[71.414,51.14828],[71.408,51.14828],[71.408,51.1445]]]},"properties":{"id":835,"trees":7,"canopy":44,"park_dist":68,"pass_trees":true,"pass_canopy":true,"pass_dist":true,"score":3,"mock":true}},{"type":"Feature","id":836,"geometry":{"type":"Polygon","coordinates":[[[71.408,51.14828],[71.414,51.14828],[71.414,51.15206],[71.408,51.15206],[71.408,51.14828]]]},"properties":{"id":836,"trees":8,"canopy":46,"park_dist":110,"pass_trees":true,"pass_canopy":true,"pass_dist":true,"score":3,"mock":true}},{"type":"Feature","id":837,"geometry":{"type":"Polygon","coordinates":[[[71.408,51.15206],[71.414,51.15206],[71.414,51.15584],[71.408,51.15584],[71.408,51.15206]]]},"properties":{"id":837,"trees":8,"canopy":43,"park_dist":45,"pass_trees":true,"pass_canopy":true,"pass_dist":true,"score":3,"mock":true}},{"type":"Feature","id":838,"geometry":{"type":"Polygon","coordinates":[[[71.408,51.15584],[71.414,51.15584],[71.414,51.15962],[71.408,51.15962],[71.408,51.15584]]]},"properties":{"id":838,"trees":8,"canopy":42,"park_dist":49,"pass_trees":true,"pass_canopy":true,"pass_dist":true,"score":3,"mock":true}},{"type":"Feature","id":839,"geometry":{"type":"Polygon","coordinates":[[[71.408,51.15962],[71.414,51.15962],[71.414,51.1634],[71.408,51.1634],[71.408,51.15962]]]},"properties":{"id":839,"trees":8,"canopy":46,"park_dist":72,"pass_trees":true,"pass_canopy":true,"pass_dist":true,"score":3,"mock":true}},{"type":"Feature","id":840,"geometry":{"type":"Polygon","coordinates":[[[71.408,51.1634],[71.414,51.1634],[71.414,51.16718],[71.408,51.16718],[71.408,51.1634]]]},"properties":{"id":840,"trees":8,"canopy":45,"park_dist":83,"pass_trees":true,"pass_canopy":true,"pass_dist":true,"score":3,"mock":true}},{"type":"Feature","id":841,"geometry":{"type":"Polygon","coordinates":[[[71.408,51.16718],[71.414,51.16718],[71.414,51.17096],[71.408,51.17096],[71.408,51.16718]]]},"properties":{"id":841,"trees":8,"canopy":45,"park_dist":40,"pass_trees":true,"pass_canopy":true,"pass_dist":true,"score":3,"mock":true}},{"type":"Feature","id":842,"geometry":{"type":"Polygon","coordinates":[[[71.408,51.17096],[71.414,51.17096],[71.414,51.17474],[71.408,51.17474],[71.408,51.17096]]]},"properties":{"id":842,"trees":7,"canopy":33,"park_dist":225,"pass_trees":true,"pass_canopy":true,"pass_dist":true,"score":3,"mock":true}},{"type":"Feature","id":843,"geometry":{"type":"Polygon","coordinates":[[[71.408,51.17474],[71.414,51.17474],[71.414,51.17852],[71.408,51.17852],[71.408,51.17474]]]},"properties":{"id":843,"trees":5,"canopy":31,"park_dist":426,"pass_trees":true,"pass_canopy":true,"pass_dist":false,"score":2,"mock":true}},{"type":"Feature","id":844,"geometry":{"type":"Polygon","coordinates":[[[71.408,51.17852],[71.414,51.17852],[71.414,51.1823],[71.408,51.1823],[71.408,51.17852]]]},"properties":{"id":844,"trees":4,"canopy":23,"park_dist":582,"pass_trees":true,"pass_canopy":false,"pass_dist":false,"score":1,"mock":true}},{"type":"Feature","id":845,"geometry":{"type":"Polygon","coordinates":[[[71.408,51.1823],[71.414,51.1823],[71.414,51.18608],[71.408,51.18608],[71.408,51.1823]]]},"properties":{"id":845,"trees":3,"canopy":16,"park_dist":835,"pass_trees":true,"pass_canopy":false,"pass_dist":false,"score":1,"mock":true}},{"type":"Feature","id":846,"geometry":{"type":"Polygon","coordinates":[[[71.408,51.18608],[71.414,51.18608],[71.414,51.18986],[71.408,51.18986],[71.408,51.18608]]]},"properties":{"id":846,"trees":3,"canopy":14,"park_dist":863,"pass_trees":true,"pass_canopy":false,"pass_dist":false,"score":1,"mock":true}},{"type":"Feature","id":847,"geometry":{"type":"Polygon","coordinates":[[[71.408,51.18986],[71.414,51.18986],[71.414,51.19364],[71.408,51.19364],[71.408,51.18986]]]},"properties":{"id":847,"trees":1,"canopy":11,"park_dist":889,"pass_trees":false,"pass_canopy":false,"pass_dist":false,"score":0,"mock":true}},{"type":"Feature","id":848,"geometry":{"type":"Polygon","coordinates":[[[71.408,51.19364],[71.414,51.19364],[71.414,51.19742],[71.408,51.19742],[71.408,51.19364]]]},"properties":{"id":848,"trees":2,"canopy":8,"park_dist":1042,"pass_trees":false,"pass_canopy":false,"pass_dist":false,"score":0,"mock":true}},{"type":"Feature","id":849,"geometry":{"type":"Polygon","coordinates":[[[71.408,51.19742],[71.414,51.19742],[71.414,51.2012],[71.408,51.2012],[71.408,51.19742]]]},"properties":{"id":849,"trees":1,"canopy":10,"park_dist":1029,"pass_trees":false,"pass_canopy":false,"pass_dist":false,"score":0,"mock":true}},{"type":"Feature","id":850,"geometry":{"type":"Polygon","coordinates":[[[71.408,51.2012],[71.414,51.2012],[71.414,51.20498],[71.408,51.20498],[71.408,51.2012]]]},"properties":{"id":850,"trees":1,"canopy":7,"park_dist":1080,"pass_trees":false,"pass_canopy":false,"pass_dist":false,"score":0,"mock":true}},{"type":"Feature","id":851,"geometry":{"type":"Polygon","coordinates":[[[71.408,51.20498],[71.414,51.20498],[71.414,51.20876],[71.408,51.20876],[71.408,51.20498]]]},"properties":{"id":851,"trees":1,"canopy":4,"park_dist":1095,"pass_trees":false,"pass_canopy":false,"pass_dist":false,"score":0,"mock":true}},{"type":"Feature","id":852,"geometry":{"type":"Polygon","coordinates":[[[71.408,51.20876],[71.414,51.20876],[71.414,51.21254],[71.408,51.21254],[71.408,51.20876]]]},"properties":{"id":852,"trees":2,"canopy":11,"park_dist":962,"pass_trees":false,"pass_canopy":false,"pass_dist":false,"score":0,"mock":true}},{"type":"Feature","id":853,"geometry":{"type":"Polygon","coordinates":[[[71.408,51.21254],[71.414,51.21254],[71.414,51.21632],[71.408,51.21632],[71.408,51.21254]]]},"properties":{"id":853,"trees":2,"canopy":12,"park_dist":982,"pass_trees":false,"pass_canopy":false,"pass_dist":false,"score":0,"mock":true}},{"type":"Feature","id":854,"geometry":{"type":"Polygon","coordinates":[[[71.408,51.21632],[71.414,51.21632],[71.414,51.2201],[71.408,51.2201],[71.408,51.21632]]]},"properties":{"id":854,"trees":2,"canopy":5,"park_dist":840,"pass_trees":false,"pass_canopy":false,"pass_dist":false,"score":0,"mock":true}},{"type":"Feature","id":855,"geometry":{"type":"Polygon","coordinates":[[[71.414,51.05],[71.42,51.05],[71.42,51.05378],[71.414,51.05378],[71.414,51.05]]]},"properties":{"id":855,"trees":2,"canopy":16,"park_dist":751,"pass_trees":false,"pass_canopy":false,"pass_dist":false,"score":0,"mock":true}},{"type":"Feature","id":856,"geometry":{"type":"Polygon","coordinates":[[[71.414,51.05378],[71.42,51.05378],[71.42,51.05756],[71.414,51.05756],[71.414,51.05378]]]},"properties":{"id":856,"trees":2,"canopy":14,"park_dist":816,"pass_trees":false,"pass_canopy":false,"pass_dist":false,"score":0,"mock":true}},{"type":"Feature","id":857,"geometry":{"type":"Polygon","coordinates":[[[71.414,51.05756],[71.42,51.05756],[71.42,51.06134],[71.414,51.06134],[71.414,51.05756]]]},"properties":{"id":857,"trees":3,"canopy":16,"park_dist":905,"pass_trees":true,"pass_canopy":false,"pass_dist":false,"score":1,"mock":true}},{"type":"Feature","id":858,"geometry":{"type":"Polygon","coordinates":[[[71.414,51.06134],[71.42,51.06134],[71.42,51.06512],[71.414,51.06512],[71.414,51.06134]]]},"properties":{"id":858,"trees":3,"canopy":15,"park_dist":842,"pass_trees":true,"pass_canopy":false,"pass_dist":false,"score":1,"mock":true}},{"type":"Feature","id":859,"geometry":{"type":"Polygon","coordinates":[[[71.414,51.06512],[71.42,51.06512],[71.42,51.0689],[71.414,51.0689],[71.414,51.06512]]]},"properties":{"id":859,"trees":2,"canopy":15,"park_dist":897,"pass_trees":false,"pass_canopy":false,"pass_dist":false,"score":0,"mock":true}},{"type":"Feature","id":860,"geometry":{"type":"Polygon","coordinates":[[[71.414,51.0689],[71.42,51.0689],[71.42,51.07268],[71.414,51.07268],[71.414,51.0689]]]},"properties":{"id":860,"trees":3,"canopy":15,"park_dist":795,"pass_trees":true,"pass_canopy":false,"pass_dist":false,"score":1,"mock":true}},{"type":"Feature","id":861,"geometry":{"type":"Polygon","coordinates":[[[71.414,51.07268],[71.42,51.07268],[71.42,51.07646],[71.414,51.07646],[71.414,51.07268]]]},"properties":{"id":861,"trees":2,"canopy":14,"park_dist":808,"pass_trees":false,"pass_canopy":false,"pass_dist":false,"score":0,"mock":true}},{"type":"Feature","id":862,"geometry":{"type":"Polygon","coordinates":[[[71.414,51.07646],[71.42,51.07646],[71.42,51.08024],[71.414,51.08024],[71.414,51.07646]]]},"properties":{"id":862,"trees":3,"canopy":20,"park_dist":712,"pass_trees":true,"pass_canopy":false,"pass_dist":false,"score":1,"mock":true}},{"type":"Feature","id":863,"geometry":{"type":"Polygon","coordinates":[[[71.414,51.08024],[71.42,51.08024],[71.42,51.08402],[71.414,51.08402],[71.414,51.08024]]]},"properties":{"id":863,"trees":4,"canopy":19,"park_dist":735,"pass_trees":true,"pass_canopy":false,"pass_dist":false,"score":1,"mock":true}},{"type":"Feature","id":864,"geometry":{"type":"Polygon","coordinates":[[[71.414,51.08402],[71.42,51.08402],[71.42,51.0878],[71.414,51.0878],[71.414,51.08402]]]},"properties":{"id":864,"trees":4,"canopy":19,"park_dist":670,"pass_trees":true,"pass_canopy":false,"pass_dist":false,"score":1,"mock":true}},{"type":"Feature","id":865,"geometry":{"type":"Polygon","coordinates":[[[71.414,51.0878],[71.42,51.0878],[71.42,51.09158],[71.414,51.09158],[71.414,51.0878]]]},"properties":{"id":865,"trees":4,"canopy":21,"park_dist":602,"pass_trees":true,"pass_canopy":false,"pass_dist":false,"score":1,"mock":true}},{"type":"Feature","id":866,"geometry":{"type":"Polygon","coordinates":[[[71.414,51.09158],[71.42,51.09158],[71.42,51.09536],[71.414,51.09536],[71.414,51.09158]]]},"properties":{"id":866,"trees":5,"canopy":28,"park_dist":500,"pass_trees":true,"pass_canopy":false,"pass_dist":false,"score":1,"mock":true}},{"type":"Feature","id":867,"geometry":{"type":"Polygon","coordinates":[[[71.414,51.09536],[71.42,51.09536],[71.42,51.09914],[71.414,51.09914],[71.414,51.09536]]]},"properties":{"id":867,"trees":6,"canopy":28,"park_dist":274,"pass_trees":true,"pass_canopy":false,"pass_dist":true,"score":2,"mock":true}},{"type":"Feature","id":868,"geometry":{"type":"Polygon","coordinates":[[[71.414,51.09914],[71.42,51.09914],[71.42,51.10292],[71.414,51.10292],[71.414,51.09914]]]},"properties":{"id":868,"trees":6,"canopy":32,"park_dist":379,"pass_trees":true,"pass_canopy":true,"pass_dist":false,"score":2,"mock":true}},{"type":"Feature","id":869,"geometry":{"type":"Polygon","coordinates":[[[71.414,51.10292],[71.42,51.10292],[71.42,51.1067],[71.414,51.1067],[71.414,51.10292]]]},"properties":{"id":869,"trees":8,"canopy":40,"park_dist":120,"pass_trees":true,"pass_canopy":true,"pass_dist":true,"score":3,"mock":true}},{"type":"Feature","id":870,"geometry":{"type":"Polygon","coordinates":[[[71.414,51.1067],[71.42,51.1067],[71.42,51.11048],[71.414,51.11048],[71.414,51.1067]]]},"properties":{"id":870,"trees":8,"canopy":45,"park_dist":101,"pass_trees":true,"pass_canopy":true,"pass_dist":true,"score":3,"mock":true}},{"type":"Feature","id":871,"geometry":{"type":"Polygon","coordinates":[[[71.414,51.11048],[71.42,51.11048],[71.42,51.11426],[71.414,51.11426],[71.414,51.11048]]]},"properties":{"id":871,"trees":8,"canopy":43,"park_dist":43,"pass_trees":true,"pass_canopy":true,"pass_dist":true,"score":3,"mock":true}},{"type":"Feature","id":872,"geometry":{"type":"Polygon","coordinates":[[[71.414,51.11426],[71.42,51.11426],[71.42,51.11804],[71.414,51.11804],[71.414,51.11426]]]},"properties":{"id":872,"trees":8,"canopy":45,"park_dist":81,"pass_trees":true,"pass_canopy":true,"pass_dist":true,"score":3,"mock":true}},{"type":"Feature","id":873,"geometry":{"type":"Polygon","coordinates":[[[71.414,51.11804],[71.42,51.11804],[71.42,51.12182],[71.414,51.12182],[71.414,51.11804]]]},"properties":{"id":873,"trees":8,"canopy":43,"park_dist":112,"pass_trees":true,"pass_canopy":true,"pass_dist":true,"score":3,"mock":true}},{"type":"Feature","id":874,"geometry":{"type":"Polygon","coordinates":[[[71.414,51.12182],[71.42,51.12182],[71.42,51.1256],[71.414,51.1256],[71.414,51.12182]]]},"properties":{"id":874,"trees":9,"canopy":46,"park_dist":91,"pass_trees":true,"pass_canopy":true,"pass_dist":true,"score":3,"mock":true}},{"type":"Feature","id":875,"geometry":{"type":"Polygon","coordinates":[[[71.414,51.1256],[71.42,51.1256],[71.42,51.12938],[71.414,51.12938],[71.414,51.1256]]]},"properties":{"id":875,"trees":7,"canopy":46,"park_dist":90,"pass_trees":true,"pass_canopy":true,"pass_dist":true,"score":3,"mock":true}},{"type":"Feature","id":876,"geometry":{"type":"Polygon","coordinates":[[[71.414,51.12938],[71.42,51.12938],[71.42,51.13316],[71.414,51.13316],[71.414,51.12938]]]},"properties":{"id":876,"trees":8,"canopy":43,"park_dist":41,"pass_trees":true,"pass_canopy":true,"pass_dist":true,"score":3,"mock":true}},{"type":"Feature","id":877,"geometry":{"type":"Polygon","coordinates":[[[71.414,51.13316],[71.42,51.13316],[71.42,51.13694],[71.414,51.13694],[71.414,51.13316]]]},"properties":{"id":877,"trees":8,"canopy":47,"park_dist":110,"pass_trees":true,"pass_canopy":true,"pass_dist":true,"score":3,"mock":true}},{"type":"Feature","id":878,"geometry":{"type":"Polygon","coordinates":[[[71.414,51.13694],[71.42,51.13694],[71.42,51.14072],[71.414,51.14072],[71.414,51.13694]]]},"properties":{"id":878,"trees":8,"canopy":41,"park_dist":60,"pass_trees":true,"pass_canopy":true,"pass_dist":true,"score":3,"mock":true}},{"type":"Feature","id":879,"geometry":{"type":"Polygon","coordinates":[[[71.414,51.14072],[71.42,51.14072],[71.42,51.1445],[71.414,51.1445],[71.414,51.14072]]]},"properties":{"id":879,"trees":9,"canopy":49,"park_dist":77,"pass_trees":true,"pass_canopy":true,"pass_dist":true,"score":3,"mock":true}},{"type":"Feature","id":880,"geometry":{"type":"Polygon","coordinates":[[[71.414,51.1445],[71.42,51.1445],[71.42,51.14828],[71.414,51.14828],[71.414,51.1445]]]},"properties":{"id":880,"trees":7,"canopy":43,"park_dist":104,"pass_trees":true,"pass_canopy":true,"pass_dist":true,"score":3,"mock":true}},{"type":"Feature","id":881,"geometry":{"type":"Polygon","coordinates":[[[71.414,51.14828],[71.42,51.14828],[71.42,51.15206],[71.414,51.15206],[71.414,51.14828]]]},"properties":{"id":881,"trees":8,"canopy":41,"park_dist":82,"pass_trees":true,"pass_canopy":true,"pass_dist":true,"score":3,"mock":true}},{"type":"Feature","id":882,"geometry":{"type":"Polygon","coordinates":[[[71.414,51.15206],[71.42,51.15206],[71.42,51.15584],[71.414,51.15584],[71.414,51.15206]]]},"properties":{"id":882,"trees":8,"canopy":42,"park_dist":105,"pass_trees":true,"pass_canopy":true,"pass_dist":true,"score":3,"mock":true}},{"type":"Feature","id":883,"geometry":{"type":"Polygon","coordinates":[[[71.414,51.15584],[71.42,51.15584],[71.42,51.15962],[71.414,51.15962],[71.414,51.15584]]]},"properties":{"id":883,"trees":8,"canopy":46,"park_dist":61,"pass_trees":true,"pass_canopy":true,"pass_dist":true,"score":3,"mock":true}},{"type":"Feature","id":884,"geometry":{"type":"Polygon","coordinates":[[[71.414,51.15962],[71.42,51.15962],[71.42,51.1634],[71.414,51.1634],[71.414,51.15962]]]},"properties":{"id":884,"trees":8,"canopy":47,"park_dist":66,"pass_trees":true,"pass_canopy":true,"pass_dist":true,"score":3,"mock":true}},{"type":"Feature","id":885,"geometry":{"type":"Polygon","coordinates":[[[71.414,51.1634],[71.42,51.1634],[71.42,51.16718],[71.414,51.16718],[71.414,51.1634]]]},"properties":{"id":885,"trees":8,"canopy":46,"park_dist":103,"pass_trees":true,"pass_canopy":true,"pass_dist":true,"score":3,"mock":true}},{"type":"Feature","id":886,"geometry":{"type":"Polygon","coordinates":[[[71.414,51.16718],[71.42,51.16718],[71.42,51.17096],[71.414,51.17096],[71.414,51.16718]]]},"properties":{"id":886,"trees":8,"canopy":44,"park_dist":110,"pass_trees":true,"pass_canopy":true,"pass_dist":true,"score":3,"mock":true}},{"type":"Feature","id":887,"geometry":{"type":"Polygon","coordinates":[[[71.414,51.17096],[71.42,51.17096],[71.42,51.17474],[71.414,51.17474],[71.414,51.17096]]]},"properties":{"id":887,"trees":7,"canopy":40,"park_dist":122,"pass_trees":true,"pass_canopy":true,"pass_dist":true,"score":3,"mock":true}},{"type":"Feature","id":888,"geometry":{"type":"Polygon","coordinates":[[[71.414,51.17474],[71.42,51.17474],[71.42,51.17852],[71.414,51.17852],[71.414,51.17474]]]},"properties":{"id":888,"trees":6,"canopy":30,"park_dist":360,"pass_trees":true,"pass_canopy":true,"pass_dist":false,"score":2,"mock":true}},{"type":"Feature","id":889,"geometry":{"type":"Polygon","coordinates":[[[71.414,51.17852],[71.42,51.17852],[71.42,51.1823],[71.414,51.1823],[71.414,51.17852]]]},"properties":{"id":889,"trees":4,"canopy":26,"park_dist":674,"pass_trees":true,"pass_canopy":false,"pass_dist":false,"score":1,"mock":true}},{"type":"Feature","id":890,"geometry":{"type":"Polygon","coordinates":[[[71.414,51.1823],[71.42,51.1823],[71.42,51.18608],[71.414,51.18608],[71.414,51.1823]]]},"properties":{"id":890,"trees":4,"canopy":19,"park_dist":802,"pass_trees":true,"pass_canopy":false,"pass_dist":false,"score":1,"mock":true}},{"type":"Feature","id":891,"geometry":{"type":"Polygon","coordinates":[[[71.414,51.18608],[71.42,51.18608],[71.42,51.18986],[71.414,51.18986],[71.414,51.18608]]]},"properties":{"id":891,"trees":3,"canopy":13,"park_dist":814,"pass_trees":true,"pass_canopy":false,"pass_dist":false,"score":1,"mock":true}},{"type":"Feature","id":892,"geometry":{"type":"Polygon","coordinates":[[[71.414,51.18986],[71.42,51.18986],[71.42,51.19364],[71.414,51.19364],[71.414,51.18986]]]},"properties":{"id":892,"trees":3,"canopy":15,"park_dist":692,"pass_trees":true,"pass_canopy":false,"pass_dist":false,"score":1,"mock":true}},{"type":"Feature","id":893,"geometry":{"type":"Polygon","coordinates":[[[71.414,51.19364],[71.42,51.19364],[71.42,51.19742],[71.414,51.19742],[71.414,51.19364]]]},"properties":{"id":893,"trees":2,"canopy":12,"park_dist":874,"pass_trees":false,"pass_canopy":false,"pass_dist":false,"score":0,"mock":true}},{"type":"Feature","id":894,"geometry":{"type":"Polygon","coordinates":[[[71.414,51.19742],[71.42,51.19742],[71.42,51.2012],[71.414,51.2012],[71.414,51.19742]]]},"properties":{"id":894,"trees":1,"canopy":4,"park_dist":1056,"pass_trees":false,"pass_canopy":false,"pass_dist":false,"score":0,"mock":true}},{"type":"Feature","id":895,"geometry":{"type":"Polygon","coordinates":[[[71.414,51.2012],[71.42,51.2012],[71.42,51.20498],[71.414,51.20498],[71.414,51.2012]]]},"properties":{"id":895,"trees":2,"canopy":14,"park_dist":916,"pass_trees":false,"pass_canopy":false,"pass_dist":false,"score":0,"mock":true}},{"type":"Feature","id":896,"geometry":{"type":"Polygon","coordinates":[[[71.414,51.20498],[71.42,51.20498],[71.42,51.20876],[71.414,51.20876],[71.414,51.20498]]]},"properties":{"id":896,"trees":2,"canopy":7,"park_dist":947,"pass_trees":false,"pass_canopy":false,"pass_dist":false,"score":0,"mock":true}},{"type":"Feature","id":897,"geometry":{"type":"Polygon","coordinates":[[[71.414,51.20876],[71.42,51.20876],[71.42,51.21254],[71.414,51.21254],[71.414,51.20876]]]},"properties":{"id":897,"trees":2,"canopy":8,"park_dist":1029,"pass_trees":false,"pass_canopy":false,"pass_dist":false,"score":0,"mock":true}},{"type":"Feature","id":898,"geometry":{"type":"Polygon","coordinates":[[[71.414,51.21254],[71.42,51.21254],[71.42,51.21632],[71.414,51.21632],[71.414,51.21254]]]},"properties":{"id":898,"trees":3,"canopy":13,"park_dist":796,"pass_trees":true,"pass_canopy":false,"pass_dist":false,"score":1,"mock":true}},{"type":"Feature","id":899,"geometry":{"type":"Polygon","coordinates":[[[71.414,51.21632],[71.42,51.21632],[71.42,51.2201],[71.414,51.2201],[71.414,51.21632]]]},"properties":{"id":899,"trees":2,"canopy":13,"park_dist":929,"pass_trees":false,"pass_canopy":false,"pass_dist":false,"score":0,"mock":true}},{"type":"Feature","id":900,"geometry":{"type":"Polygon","coordinates":[[[71.42,51.05],[71.426,51.05],[71.426,51.05378],[71.42,51.05378],[71.42,51.05]]]},"properties":{"id":900,"trees":2,"canopy":17,"park_dist":836,"pass_trees":false,"pass_canopy":false,"pass_dist":false,"score":0,"mock":true}},{"type":"Feature","id":901,"geometry":{"type":"Polygon","coordinates":[[[71.42,51.05378],[71.426,51.05378],[71.426,51.05756],[71.42,51.05756],[71.42,51.05378]]]},"properties":{"id":901,"trees":2,"canopy":15,"park_dist":789,"pass_trees":false,"pass_canopy":false,"pass_dist":false,"score":0,"mock":true}},{"type":"Feature","id":902,"geometry":{"type":"Polygon","coordinates":[[[71.42,51.05756],[71.426,51.05756],[71.426,51.06134],[71.42,51.06134],[71.42,51.05756]]]},"properties":{"id":902,"trees":2,"canopy":12,"park_dist":882,"pass_trees":false,"pass_canopy":false,"pass_dist":false,"score":0,"mock":true}},{"type":"Feature","id":903,"geometry":{"type":"Polygon","coordinates":[[[71.42,51.06134],[71.426,51.06134],[71.426,51.06512],[71.42,51.06512],[71.42,51.06134]]]},"properties":{"id":903,"trees":2,"canopy":11,"park_dist":909,"pass_trees":false,"pass_canopy":false,"pass_dist":false,"score":0,"mock":true}},{"type":"Feature","id":904,"geometry":{"type":"Polygon","coordinates":[[[71.42,51.06512],[71.426,51.06512],[71.426,51.0689],[71.42,51.0689],[71.42,51.06512]]]},"properties":{"id":904,"trees":3,"canopy":15,"park_dist":859,"pass_trees":true,"pass_canopy":false,"pass_dist":false,"score":1,"mock":true}},{"type":"Feature","id":905,"geometry":{"type":"Polygon","coordinates":[[[71.42,51.0689],[71.426,51.0689],[71.426,51.07268],[71.42,51.07268],[71.42,51.0689]]]},"properties":{"id":905,"trees":3,"canopy":16,"park_dist":821,"pass_trees":true,"pass_canopy":false,"pass_dist":false,"score":1,"mock":true}},{"type":"Feature","id":906,"geometry":{"type":"Polygon","coordinates":[[[71.42,51.07268],[71.426,51.07268],[71.426,51.07646],[71.42,51.07646],[71.42,51.07268]]]},"properties":{"id":906,"trees":3,"canopy":18,"park_dist":727,"pass_trees":true,"pass_canopy":false,"pass_dist":false,"score":1,"mock":true}},{"type":"Feature","id":907,"geometry":{"type":"Polygon","coordinates":[[[71.42,51.07646],[71.426,51.07646],[71.426,51.08024],[71.42,51.08024],[71.42,51.07646]]]},"properties":{"id":907,"trees":3,"canopy":15,"park_dist":683,"pass_trees":true,"pass_canopy":false,"pass_dist":false,"score":1,"mock":true}},{"type":"Feature","id":908,"geometry":{"type":"Polygon","coordinates":[[[71.42,51.08024],[71.426,51.08024],[71.426,51.08402],[71.42,51.08402],[71.42,51.08024]]]},"properties":{"id":908,"trees":3,"canopy":18,"park_dist":635,"pass_trees":true,"pass_canopy":false,"pass_dist":false,"score":1,"mock":true}},{"type":"Feature","id":909,"geometry":{"type":"Polygon","coordinates":[[[71.42,51.08402],[71.426,51.08402],[71.426,51.0878],[71.42,51.0878],[71.42,51.08402]]]},"properties":{"id":909,"trees":3,"canopy":23,"park_dist":661,"pass_trees":true,"pass_canopy":false,"pass_dist":false,"score":1,"mock":true}},{"type":"Feature","id":910,"geometry":{"type":"Polygon","coordinates":[[[71.42,51.0878],[71.426,51.0878],[71.426,51.09158],[71.42,51.09158],[71.42,51.0878]]]},"properties":{"id":910,"trees":3,"canopy":21,"park_dist":669,"pass_trees":true,"pass_canopy":false,"pass_dist":false,"score":1,"mock":true}},{"type":"Feature","id":911,"geometry":{"type":"Polygon","coordinates":[[[71.42,51.09158],[71.426,51.09158],[71.426,51.09536],[71.42,51.09536],[71.42,51.09158]]]},"properties":{"id":911,"trees":5,"canopy":26,"park_dist":475,"pass_trees":true,"pass_canopy":false,"pass_dist":false,"score":1,"mock":true}},{"type":"Feature","id":912,"geometry":{"type":"Polygon","coordinates":[[[71.42,51.09536],[71.426,51.09536],[71.426,51.09914],[71.42,51.09914],[71.42,51.09536]]]},"properties":{"id":912,"trees":5,"canopy":27,"park_dist":536,"pass_trees":true,"pass_canopy":false,"pass_dist":false,"score":1,"mock":true}},{"type":"Feature","id":913,"geometry":{"type":"Polygon","coordinates":[[[71.42,51.09914],[71.426,51.09914],[71.426,51.10292],[71.42,51.10292],[71.42,51.09914]]]},"properties":{"id":913,"trees":7,"canopy":31,"park_dist":295,"pass_trees":true,"pass_canopy":true,"pass_dist":true,"score":3,"mock":true}},{"type":"Feature","id":914,"geometry":{"type":"Polygon","coordinates":[[[71.42,51.10292],[71.426,51.10292],[71.426,51.1067],[71.42,51.1067],[71.42,51.10292]]]},"properties":{"id":914,"trees":7,"canopy":37,"park_dist":242,"pass_trees":true,"pass_canopy":true,"pass_dist":true,"score":3,"mock":true}},{"type":"Feature","id":915,"geometry":{"type":"Polygon","coordinates":[[[71.42,51.1067],[71.426,51.1067],[71.426,51.11048],[71.42,51.11048],[71.42,51.1067]]]},"properties":{"id":915,"trees":8,"canopy":40,"park_dist":161,"pass_trees":true,"pass_canopy":true,"pass_dist":true,"score":3,"mock":true}},{"type":"Feature","id":916,"geometry":{"type":"Polygon","coordinates":[[[71.42,51.11048],[71.426,51.11048],[71.426,51.11426],[71.42,51.11426],[71.42,51.11048]]]},"properties":{"id":916,"trees":8,"canopy":42,"park_dist":40,"pass_trees":true,"pass_canopy":true,"pass_dist":true,"score":3,"mock":true}},{"type":"Feature","id":917,"geometry":{"type":"Polygon","coordinates":[[[71.42,51.11426],[71.426,51.11426],[71.426,51.11804],[71.42,51.11804],[71.42,51.11426]]]},"properties":{"id":917,"trees":8,"canopy":47,"park_dist":53,"pass_trees":true,"pass_canopy":true,"pass_dist":true,"score":3,"mock":true}},{"type":"Feature","id":918,"geometry":{"type":"Polygon","coordinates":[[[71.42,51.11804],[71.426,51.11804],[71.426,51.12182],[71.42,51.12182],[71.42,51.11804]]]},"properties":{"id":918,"trees":8,"canopy":43,"park_dist":62,"pass_trees":true,"pass_canopy":true,"pass_dist":true,"score":3,"mock":true}},{"type":"Feature","id":919,"geometry":{"type":"Polygon","coordinates":[[[71.42,51.12182],[71.426,51.12182],[71.426,51.1256],[71.42,51.1256],[71.42,51.12182]]]},"properties":{"id":919,"trees":8,"canopy":42,"park_dist":51,"pass_trees":true,"pass_canopy":true,"pass_dist":true,"score":3,"mock":true}},{"type":"Feature","id":920,"geometry":{"type":"Polygon","coordinates":[[[71.42,51.1256],[71.426,51.1256],[71.426,51.12938],[71.42,51.12938],[71.42,51.1256]]]},"properties":{"id":920,"trees":7,"canopy":47,"park_dist":40,"pass_trees":true,"pass_canopy":true,"pass_dist":true,"score":3,"mock":true}},{"type":"Feature","id":921,"geometry":{"type":"Polygon","coordinates":[[[71.42,51.12938],[71.426,51.12938],[71.426,51.13316],[71.42,51.13316],[71.42,51.12938]]]},"properties":{"id":921,"trees":8,"canopy":45,"park_dist":49,"pass_trees":true,"pass_canopy":true,"pass_dist":true,"score":3,"mock":true}},{"type":"Feature","id":922,"geometry":{"type":"Polygon","coordinates":[[[71.42,51.13316],[71.426,51.13316],[71.426,51.13694],[71.42,51.13694],[71.42,51.13316]]]},"properties":{"id":922,"trees":8,"canopy":47,"park_dist":49,"pass_trees":true,"pass_canopy":true,"pass_dist":true,"score":3,"mock":true}},{"type":"Feature","id":923,"geometry":{"type":"Polygon","coordinates":[[[71.42,51.13694],[71.426,51.13694],[71.426,51.14072],[71.42,51.14072],[71.42,51.13694]]]},"properties":{"id":923,"trees":8,"canopy":45,"park_dist":40,"pass_trees":true,"pass_canopy":true,"pass_dist":true,"score":3,"mock":true}},{"type":"Feature","id":924,"geometry":{"type":"Polygon","coordinates":[[[71.42,51.14072],[71.426,51.14072],[71.426,51.1445],[71.42,51.1445],[71.42,51.14072]]]},"properties":{"id":924,"trees":8,"canopy":44,"park_dist":79,"pass_trees":true,"pass_canopy":true,"pass_dist":true,"score":3,"mock":true}},{"type":"Feature","id":925,"geometry":{"type":"Polygon","coordinates":[[[71.42,51.1445],[71.426,51.1445],[71.426,51.14828],[71.42,51.14828],[71.42,51.1445]]]},"properties":{"id":925,"trees":8,"canopy":44,"park_dist":40,"pass_trees":true,"pass_canopy":true,"pass_dist":true,"score":3,"mock":true}},{"type":"Feature","id":926,"geometry":{"type":"Polygon","coordinates":[[[71.42,51.14828],[71.426,51.14828],[71.426,51.15206],[71.42,51.15206],[71.42,51.14828]]]},"properties":{"id":926,"trees":8,"canopy":43,"park_dist":40,"pass_trees":true,"pass_canopy":true,"pass_dist":true,"score":3,"mock":true}},{"type":"Feature","id":927,"geometry":{"type":"Polygon","coordinates":[[[71.42,51.15206],[71.426,51.15206],[71.426,51.15584],[71.42,51.15584],[71.42,51.15206]]]},"properties":{"id":927,"trees":7,"canopy":44,"park_dist":90,"pass_trees":true,"pass_canopy":true,"pass_dist":true,"score":3,"mock":true}},{"type":"Feature","id":928,"geometry":{"type":"Polygon","coordinates":[[[71.42,51.15584],[71.426,51.15584],[71.426,51.15962],[71.42,51.15962],[71.42,51.15584]]]},"properties":{"id":928,"trees":8,"canopy":45,"park_dist":113,"pass_trees":true,"pass_canopy":true,"pass_dist":true,"score":3,"mock":true}},{"type":"Feature","id":929,"geometry":{"type":"Polygon","coordinates":[[[71.42,51.15962],[71.426,51.15962],[71.426,51.1634],[71.42,51.1634],[71.42,51.15962]]]},"properties":{"id":929,"trees":8,"canopy":47,"park_dist":40,"pass_trees":true,"pass_canopy":true,"pass_dist":true,"score":3,"mock":true}},{"type":"Feature","id":930,"geometry":{"type":"Polygon","coordinates":[[[71.42,51.1634],[71.426,51.1634],[71.426,51.16718],[71.42,51.16718],[71.42,51.1634]]]},"properties":{"id":930,"trees":8,"canopy":43,"park_dist":40,"pass_trees":true,"pass_canopy":true,"pass_dist":true,"score":3,"mock":true}},{"type":"Feature","id":931,"geometry":{"type":"Polygon","coordinates":[[[71.42,51.16718],[71.426,51.16718],[71.426,51.17096],[71.42,51.17096],[71.42,51.16718]]]},"properties":{"id":931,"trees":8,"canopy":46,"park_dist":46,"pass_trees":true,"pass_canopy":true,"pass_dist":true,"score":3,"mock":true}},{"type":"Feature","id":932,"geometry":{"type":"Polygon","coordinates":[[[71.42,51.17096],[71.426,51.17096],[71.426,51.17474],[71.42,51.17474],[71.42,51.17096]]]},"properties":{"id":932,"trees":7,"canopy":36,"park_dist":237,"pass_trees":true,"pass_canopy":true,"pass_dist":true,"score":3,"mock":true}},{"type":"Feature","id":933,"geometry":{"type":"Polygon","coordinates":[[[71.42,51.17474],[71.426,51.17474],[71.426,51.17852],[71.42,51.17852],[71.42,51.17474]]]},"properties":{"id":933,"trees":6,"canopy":30,"park_dist":320,"pass_trees":true,"pass_canopy":true,"pass_dist":false,"score":2,"mock":true}},{"type":"Feature","id":934,"geometry":{"type":"Polygon","coordinates":[[[71.42,51.17852],[71.426,51.17852],[71.426,51.1823],[71.42,51.1823],[71.42,51.17852]]]},"properties":{"id":934,"trees":4,"canopy":22,"park_dist":593,"pass_trees":true,"pass_canopy":false,"pass_dist":false,"score":1,"mock":true}},{"type":"Feature","id":935,"geometry":{"type":"Polygon","coordinates":[[[71.42,51.1823],[71.426,51.1823],[71.426,51.18608],[71.42,51.18608],[71.42,51.1823]]]},"properties":{"id":935,"trees":4,"canopy":20,"park_dist":631,"pass_trees":true,"pass_canopy":false,"pass_dist":false,"score":1,"mock":true}},{"type":"Feature","id":936,"geometry":{"type":"Polygon","coordinates":[[[71.42,51.18608],[71.426,51.18608],[71.426,51.18986],[71.42,51.18986],[71.42,51.18608]]]},"properties":{"id":936,"trees":2,"canopy":21,"park_dist":786,"pass_trees":false,"pass_canopy":false,"pass_dist":false,"score":0,"mock":true}},{"type":"Feature","id":937,"geometry":{"type":"Polygon","coordinates":[[[71.42,51.18986],[71.426,51.18986],[71.426,51.19364],[71.42,51.19364],[71.42,51.18986]]]},"properties":{"id":937,"trees":3,"canopy":17,"park_dist":815,"pass_trees":true,"pass_canopy":false,"pass_dist":false,"score":1,"mock":true}},{"type":"Feature","id":938,"geometry":{"type":"Polygon","coordinates":[[[71.42,51.19364],[71.426,51.19364],[71.426,51.19742],[71.42,51.19742],[71.42,51.19364]]]},"properties":{"id":938,"trees":3,"canopy":11,"park_dist":872,"pass_trees":true,"pass_canopy":false,"pass_dist":false,"score":1,"mock":true}},{"type":"Feature","id":939,"geometry":{"type":"Polygon","coordinates":[[[71.42,51.19742],[71.426,51.19742],[71.426,51.2012],[71.42,51.2012],[71.42,51.19742]]]},"properties":{"id":939,"trees":3,"canopy":15,"park_dist":941,"pass_trees":true,"pass_canopy":false,"pass_dist":false,"score":1,"mock":true}},{"type":"Feature","id":940,"geometry":{"type":"Polygon","coordinates":[[[71.42,51.2012],[71.426,51.2012],[71.426,51.20498],[71.42,51.20498],[71.42,51.2012]]]},"properties":{"id":940,"trees":2,"canopy":15,"park_dist":919,"pass_trees":false,"pass_canopy":false,"pass_dist":false,"score":0,"mock":true}},{"type":"Feature","id":941,"geometry":{"type":"Polygon","coordinates":[[[71.42,51.20498],[71.426,51.20498],[71.426,51.20876],[71.42,51.20876],[71.42,51.20498]]]},"properties":{"id":941,"trees":3,"canopy":13,"park_dist":875,"pass_trees":true,"pass_canopy":false,"pass_dist":false,"score":1,"mock":true}},{"type":"Feature","id":942,"geometry":{"type":"Polygon","coordinates":[[[71.42,51.20876],[71.426,51.20876],[71.426,51.21254],[71.42,51.21254],[71.42,51.20876]]]},"properties":{"id":942,"trees":1,"canopy":11,"park_dist":852,"pass_trees":false,"pass_canopy":false,"pass_dist":false,"score":0,"mock":true}},{"type":"Feature","id":943,"geometry":{"type":"Polygon","coordinates":[[[71.42,51.21254],[71.426,51.21254],[71.426,51.21632],[71.42,51.21632],[71.42,51.21254]]]},"properties":{"id":943,"trees":2,"canopy":7,"park_dist":1001,"pass_trees":false,"pass_canopy":false,"pass_dist":false,"score":0,"mock":true}},{"type":"Feature","id":944,"geometry":{"type":"Polygon","coordinates":[[[71.42,51.21632],[71.426,51.21632],[71.426,51.2201],[71.42,51.2201],[71.42,51.21632]]]},"properties":{"id":944,"trees":1,"canopy":14,"park_dist":831,"pass_trees":false,"pass_canopy":false,"pass_dist":false,"score":0,"mock":true}},{"type":"Feature","id":945,"geometry":{"type":"Polygon","coordinates":[[[71.426,51.05],[71.432,51.05],[71.432,51.05378],[71.426,51.05378],[71.426,51.05]]]},"properties":{"id":945,"trees":2,"canopy":17,"park_dist":878,"pass_trees":false,"pass_canopy":false,"pass_dist":false,"score":0,"mock":true}},{"type":"Feature","id":946,"geometry":{"type":"Polygon","coordinates":[[[71.426,51.05378],[71.432,51.05378],[71.432,51.05756],[71.426,51.05756],[71.426,51.05378]]]},"properties":{"id":946,"trees":3,"canopy":19,"park_dist":829,"pass_trees":true,"pass_canopy":false,"pass_dist":false,"score":1,"mock":true}},{"type":"Feature","id":947,"geometry":{"type":"Polygon","coordinates":[[[71.426,51.05756],[71.432,51.05756],[71.432,51.06134],[71.426,51.06134],[71.426,51.05756]]]},"properties":{"id":947,"trees":3,"canopy":20,"park_dist":795,"pass_trees":true,"pass_canopy":false,"pass_dist":false,"score":1,"mock":true}},{"type":"Feature","id":948,"geometry":{"type":"Polygon","coordinates":[[[71.426,51.06134],[71.432,51.06134],[71.432,51.06512],[71.426,51.06512],[71.426,51.06134]]]},"properties":{"id":948,"trees":3,"canopy":13,"park_dist":786,"pass_trees":true,"pass_canopy":false,"pass_dist":false,"score":1,"mock":true}},{"type":"Feature","id":949,"geometry":{"type":"Polygon","coordinates":[[[71.426,51.06512],[71.432,51.06512],[71.432,51.0689],[71.426,51.0689],[71.426,51.06512]]]},"properties":{"id":949,"trees":2,"canopy":12,"park_dist":943,"pass_trees":false,"pass_canopy":false,"pass_dist":false,"score":0,"mock":true}},{"type":"Feature","id":950,"geometry":{"type":"Polygon","coordinates":[[[71.426,51.0689],[71.432,51.0689],[71.432,51.07268],[71.426,51.07268],[71.426,51.0689]]]},"properties":{"id":950,"trees":3,"canopy":15,"park_dist":835,"pass_trees":true,"pass_canopy":false,"pass_dist":false,"score":1,"mock":true}},{"type":"Feature","id":951,"geometry":{"type":"Polygon","coordinates":[[[71.426,51.07268],[71.432,51.07268],[71.432,51.07646],[71.426,51.07646],[71.426,51.07268]]]},"properties":{"id":951,"trees":2,"canopy":15,"park_dist":816,"pass_trees":false,"pass_canopy":false,"pass_dist":false,"score":0,"mock":true}},{"type":"Feature","id":952,"geometry":{"type":"Polygon","coordinates":[[[71.426,51.07646],[71.432,51.07646],[71.432,51.08024],[71.426,51.08024],[71.426,51.07646]]]},"properties":{"id":952,"trees":3,"canopy":19,"park_dist":707,"pass_trees":true,"pass_canopy":false,"pass_dist":false,"score":1,"mock":true}},{"type":"Feature","id":953,"geometry":{"type":"Polygon","coordinates":[[[71.426,51.08024],[71.432,51.08024],[71.432,51.08402],[71.426,51.08402],[71.426,51.08024]]]},"properties":{"id":953,"trees":3,"canopy":14,"park_dist":783,"pass_trees":true,"pass_canopy":false,"pass_dist":false,"score":1,"mock":true}},{"type":"Feature","id":954,"geometry":{"type":"Polygon","coordinates":[[[71.426,51.08402],[71.432,51.08402],[71.432,51.0878],[71.426,51.0878],[71.426,51.08402]]]},"properties":{"id":954,"trees":3,"canopy":18,"park_dist":759,"pass_trees":true,"pass_canopy":false,"pass_dist":false,"score":1,"mock":true}},{"type":"Feature","id":955,"geometry":{"type":"Polygon","coordinates":[[[71.426,51.0878],[71.432,51.0878],[71.432,51.09158],[71.426,51.09158],[71.426,51.0878]]]},"properties":{"id":955,"trees":4,"canopy":20,"park_dist":631,"pass_trees":true,"pass_canopy":false,"pass_dist":false,"score":1,"mock":true}},{"type":"Feature","id":956,"geometry":{"type":"Polygon","coordinates":[[[71.426,51.09158],[71.432,51.09158],[71.432,51.09536],[71.426,51.09536],[71.426,51.09158]]]},"properties":{"id":956,"trees":5,"canopy":26,"park_dist":538,"pass_trees":true,"pass_canopy":false,"pass_dist":false,"score":1,"mock":true}},{"type":"Feature","id":957,"geometry":{"type":"Polygon","coordinates":[[[71.426,51.09536],[71.432,51.09536],[71.432,51.09914],[71.426,51.09914],[71.426,51.09536]]]},"properties":{"id":957,"trees":4,"canopy":28,"park_dist":489,"pass_trees":true,"pass_canopy":false,"pass_dist":false,"score":1,"mock":true}},{"type":"Feature","id":958,"geometry":{"type":"Polygon","coordinates":[[[71.426,51.09914],[71.432,51.09914],[71.432,51.10292],[71.426,51.10292],[71.426,51.09914]]]},"properties":{"id":958,"trees":6,"canopy":32,"park_dist":369,"pass_trees":true,"pass_canopy":true,"pass_dist":false,"score":2,"mock":true}},{"type":"Feature","id":959,"geometry":{"type":"Polygon","coordinates":[[[71.426,51.10292],[71.432,51.10292],[71.432,51.1067],[71.426,51.1067],[71.426,51.10292]]]},"properties":{"id":959,"trees":6,"canopy":38,"park_dist":267,"pass_trees":true,"pass_canopy":true,"pass_dist":true,"score":3,"mock":true}},{"type":"Feature","id":960,"geometry":{"type":"Polygon","coordinates":[[[71.426,51.1067],[71.432,51.1067],[71.432,51.11048],[71.426,51.11048],[71.426,51.1067]]]},"properties":{"id":960,"trees":7,"canopy":40,"park_dist":216,"pass_trees":true,"pass_canopy":true,"pass_dist":true,"score":3,"mock":true}},{"type":"Feature","id":961,"geometry":{"type":"Polygon","coordinates":[[[71.426,51.11048],[71.432,51.11048],[71.432,51.11426],[71.426,51.11426],[71.426,51.11048]]]},"properties":{"id":961,"trees":9,"canopy":48,"park_dist":56,"pass_trees":true,"pass_canopy":true,"pass_dist":true,"score":3,"mock":true}},{"type":"Feature","id":962,"geometry":{"type":"Polygon","coordinates":[[[71.426,51.11426],[71.432,51.11426],[71.432,51.11804],[71.426,51.11804],[71.426,51.11426]]]},"properties":{"id":962,"trees":8,"canopy":48,"park_dist":109,"pass_trees":true,"pass_canopy":true,"pass_dist":true,"score":3,"mock":true}},{"type":"Feature","id":963,"geometry":{"type":"Polygon","coordinates":[[[71.426,51.11804],[71.432,51.11804],[71.432,51.12182],[71.426,51.12182],[71.426,51.11804]]]},"properties":{"id":963,"trees":8,"canopy":46,"park_dist":50,"pass_trees":true,"pass_canopy":true,"pass_dist":true,"score":3,"mock":true}},{"type":"Feature","id":964,"geometry":{"type":"Polygon","coordinates":[[[71.426,51.12182],[71.432,51.12182],[71.432,51.1256],[71.426,51.1256],[71.426,51.12182]]]},"properties":{"id":964,"trees":8,"canopy":45,"park_dist":123,"pass_trees":true,"pass_canopy":true,"pass_dist":true,"score":3,"mock":true}},{"type":"Feature","id":965,"geometry":{"type":"Polygon","coordinates":[[[71.426,51.1256],[71.432,51.1256],[71.432,51.12938],[71.426,51.12938],[71.426,51.1256]]]},"properties":{"id":965,"trees":8,"canopy":47,"park_dist":40,"pass_trees":true,"pass_canopy":true,"pass_dist":true,"score":3,"mock":true}},{"type":"Feature","id":966,"geometry":{"type":"Polygon","coordinates":[[[71.426,51.12938],[71.432,51.12938],[71.432,51.13316],[71.426,51.13316],[71.426,51.12938]]]},"properties":{"id":966,"trees":8,"canopy":41,"park_dist":40,"pass_trees":true,"pass_canopy":true,"pass_dist":true,"score":3,"mock":true}},{"type":"Feature","id":967,"geometry":{"type":"Polygon","coordinates":[[[71.426,51.13316],[71.432,51.13316],[71.432,51.13694],[71.426,51.13694],[71.426,51.13316]]]},"properties":{"id":967,"trees":8,"canopy":45,"park_dist":40,"pass_trees":true,"pass_canopy":true,"pass_dist":true,"score":3,"mock":true}},{"type":"Feature","id":968,"geometry":{"type":"Polygon","coordinates":[[[71.426,51.13694],[71.432,51.13694],[71.432,51.14072],[71.426,51.14072],[71.426,51.13694]]]},"properties":{"id":968,"trees":8,"canopy":43,"park_dist":43,"pass_trees":true,"pass_canopy":true,"pass_dist":true,"score":3,"mock":true}},{"type":"Feature","id":969,"geometry":{"type":"Polygon","coordinates":[[[71.426,51.14072],[71.432,51.14072],[71.432,51.1445],[71.426,51.1445],[71.426,51.14072]]]},"properties":{"id":969,"trees":8,"canopy":46,"park_dist":92,"pass_trees":true,"pass_canopy":true,"pass_dist":true,"score":3,"mock":true}},{"type":"Feature","id":970,"geometry":{"type":"Polygon","coordinates":[[[71.426,51.1445],[71.432,51.1445],[71.432,51.14828],[71.426,51.14828],[71.426,51.1445]]]},"properties":{"id":970,"trees":8,"canopy":42,"park_dist":82,"pass_trees":true,"pass_canopy":true,"pass_dist":true,"score":3,"mock":true}},{"type":"Feature","id":971,"geometry":{"type":"Polygon","coordinates":[[[71.426,51.14828],[71.432,51.14828],[71.432,51.15206],[71.426,51.15206],[71.426,51.14828]]]},"properties":{"id":971,"trees":8,"canopy":45,"park_dist":92,"pass_trees":true,"pass_canopy":true,"pass_dist":true,"score":3,"mock":true}},{"type":"Feature","id":972,"geometry":{"type":"Polygon","coordinates":[[[71.426,51.15206],[71.432,51.15206],[71.432,51.15584],[71.426,51.15584],[71.426,51.15206]]]},"properties":{"id":972,"trees":8,"canopy":44,"park_dist":132,"pass_trees":true,"pass_canopy":true,"pass_dist":true,"score":3,"mock":true}},{"type":"Feature","id":973,"geometry":{"type":"Polygon","coordinates":[[[71.426,51.15584],[71.432,51.15584],[71.432,51.15962],[71.426,51.15962],[71.426,51.15584]]]},"properties":{"id":973,"trees":7,"canopy":46,"park_dist":64,"pass_trees":true,"pass_canopy":true,"pass_dist":true,"score":3,"mock":true}},{"type":"Feature","id":974,"geometry":{"type":"Polygon","coordinates":[[[71.426,51.15962],[71.432,51.15962],[71.432,51.1634],[71.426,51.1634],[71.426,51.15962]]]},"properties":{"id":974,"trees":7,"canopy":43,"park_dist":77,"pass_trees":true,"pass_canopy":true,"pass_dist":true,"score":3,"mock":true}},{"type":"Feature","id":975,"geometry":{"type":"Polygon","coordinates":[[[71.426,51.1634],[71.432,51.1634],[71.432,51.16718],[71.426,51.16718],[71.426,51.1634]]]},"properties":{"id":975,"trees":7,"canopy":46,"park_dist":40,"pass_trees":true,"pass_canopy":true,"pass_dist":true,"score":3,"mock":true}},{"type":"Feature","id":976,"geometry":{"type":"Polygon","coordinates":[[[71.426,51.16718],[71.432,51.16718],[71.432,51.17096],[71.426,51.17096],[71.426,51.16718]]]},"properties":{"id":976,"trees":8,"canopy":43,"park_dist":72,"pass_trees":true,"pass_canopy":true,"pass_dist":true,"score":3,"mock":true}},{"type":"Feature","id":977,"geometry":{"type":"Polygon","coordinates":[[[71.426,51.17096],[71.432,51.17096],[71.432,51.17474],[71.426,51.17474],[71.426,51.17096]]]},"properties":{"id":977,"trees":7,"canopy":41,"park_dist":194,"pass_trees":true,"pass_canopy":true,"pass_dist":true,"score":3,"mock":true}},{"type":"Feature","id":978,"geometry":{"type":"Polygon","coordinates":[[[71.426,51.17474],[71.432,51.17474],[71.432,51.17852],[71.426,51.17852],[71.426,51.17474]]]},"properties":{"id":978,"trees":6,"canopy":35,"park_dist":292,"pass_trees":true,"pass_canopy":true,"pass_dist":true,"score":3,"mock":true}},{"type":"Feature","id":979,"geometry":{"type":"Polygon","coordinates":[[[71.426,51.17852],[71.432,51.17852],[71.432,51.1823],[71.426,51.1823],[71.426,51.17852]]]},"properties":{"id":979,"trees":5,"canopy":29,"park_dist":449,"pass_trees":true,"pass_canopy":false,"pass_dist":false,"score":1,"mock":true}},{"type":"Feature","id":980,"geometry":{"type":"Polygon","coordinates":[[[71.426,51.1823],[71.432,51.1823],[71.432,51.18608],[71.426,51.18608],[71.426,51.1823]]]},"properties":{"id":980,"trees":4,"canopy":25,"park_dist":591,"pass_trees":true,"pass_canopy":false,"pass_dist":false,"score":1,"mock":true}},{"type":"Feature","id":981,"geometry":{"type":"Polygon","coordinates":[[[71.426,51.18608],[71.432,51.18608],[71.432,51.18986],[71.426,51.18986],[71.426,51.18608]]]},"properties":{"id":981,"trees":3,"canopy":20,"park_dist":836,"pass_trees":true,"pass_canopy":false,"pass_dist":false,"score":1,"mock":true}},{"type":"Feature","id":982,"geometry":{"type":"Polygon","coordinates":[[[71.426,51.18986],[71.432,51.18986],[71.432,51.19364],[71.426,51.19364],[71.426,51.18986]]]},"properties":{"id":982,"trees":3,"canopy":17,"park_dist":866,"pass_trees":true,"pass_canopy":false,"pass_dist":false,"score":1,"mock":true}},{"type":"Feature","id":983,"geometry":{"type":"Polygon","coordinates":[[[71.426,51.19364],[71.432,51.19364],[71.432,51.19742],[71.426,51.19742],[71.426,51.19364]]]},"properties":{"id":983,"trees":2,"canopy":16,"park_dist":854,"pass_trees":false,"pass_canopy":false,"pass_dist":false,"score":0,"mock":true}},{"type":"Feature","id":984,"geometry":{"type":"Polygon","coordinates":[[[71.426,51.19742],[71.432,51.19742],[71.432,51.2012],[71.426,51.2012],[71.426,51.19742]]]},"properties":{"id":984,"trees":2,"canopy":14,"park_dist":853,"pass_trees":false,"pass_canopy":false,"pass_dist":false,"score":0,"mock":true}},{"type":"Feature","id":985,"geometry":{"type":"Polygon","coordinates":[[[71.426,51.2012],[71.432,51.2012],[71.432,51.20498],[71.426,51.20498],[71.426,51.2012]]]},"properties":{"id":985,"trees":2,"canopy":15,"park_dist":808,"pass_trees":false,"pass_canopy":false,"pass_dist":false,"score":0,"mock":true}},{"type":"Feature","id":986,"geometry":{"type":"Polygon","coordinates":[[[71.426,51.20498],[71.432,51.20498],[71.432,51.20876],[71.426,51.20876],[71.426,51.20498]]]},"properties":{"id":986,"trees":2,"canopy":14,"park_dist":837,"pass_trees":false,"pass_canopy":false,"pass_dist":false,"score":0,"mock":true}},{"type":"Feature","id":987,"geometry":{"type":"Polygon","coordinates":[[[71.426,51.20876],[71.432,51.20876],[71.432,51.21254],[71.426,51.21254],[71.426,51.20876]]]},"properties":{"id":987,"trees":2,"canopy":17,"park_dist":804,"pass_trees":false,"pass_canopy":false,"pass_dist":false,"score":0,"mock":true}},{"type":"Feature","id":988,"geometry":{"type":"Polygon","coordinates":[[[71.426,51.21254],[71.432,51.21254],[71.432,51.21632],[71.426,51.21632],[71.426,51.21254]]]},"properties":{"id":988,"trees":2,"canopy":16,"park_dist":812,"pass_trees":false,"pass_canopy":false,"pass_dist":false,"score":0,"mock":true}},{"type":"Feature","id":989,"geometry":{"type":"Polygon","coordinates":[[[71.426,51.21632],[71.432,51.21632],[71.432,51.2201],[71.426,51.2201],[71.426,51.21632]]]},"properties":{"id":989,"trees":3,"canopy":12,"park_dist":944,"pass_trees":true,"pass_canopy":false,"pass_dist":false,"score":1,"mock":true}},{"type":"Feature","id":990,"geometry":{"type":"Polygon","coordinates":[[[71.432,51.05],[71.438,51.05],[71.438,51.05378],[71.432,51.05378],[71.432,51.05]]]},"properties":{"id":990,"trees":2,"canopy":17,"park_dist":818,"pass_trees":false,"pass_canopy":false,"pass_dist":false,"score":0,"mock":true}},{"type":"Feature","id":991,"geometry":{"type":"Polygon","coordinates":[[[71.432,51.05378],[71.438,51.05378],[71.438,51.05756],[71.432,51.05756],[71.432,51.05378]]]},"properties":{"id":991,"trees":3,"canopy":15,"park_dist":870,"pass_trees":true,"pass_canopy":false,"pass_dist":false,"score":1,"mock":true}},{"type":"Feature","id":992,"geometry":{"type":"Polygon","coordinates":[[[71.432,51.05756],[71.438,51.05756],[71.438,51.06134],[71.432,51.06134],[71.432,51.05756]]]},"properties":{"id":992,"trees":3,"canopy":15,"park_dist":833,"pass_trees":true,"pass_canopy":false,"pass_dist":false,"score":1,"mock":true}},{"type":"Feature","id":993,"geometry":{"type":"Polygon","coordinates":[[[71.432,51.06134],[71.438,51.06134],[71.438,51.06512],[71.432,51.06512],[71.432,51.06134]]]},"properties":{"id":993,"trees":2,"canopy":16,"park_dist":809,"pass_trees":false,"pass_canopy":false,"pass_dist":false,"score":0,"mock":true}},{"type":"Feature","id":994,"geometry":{"type":"Polygon","coordinates":[[[71.432,51.06512],[71.438,51.06512],[71.438,51.0689],[71.432,51.0689],[71.432,51.06512]]]},"properties":{"id":994,"trees":3,"canopy":18,"park_dist":769,"pass_trees":true,"pass_canopy":false,"pass_dist":false,"score":1,"mock":true}},{"type":"Feature","id":995,"geometry":{"type":"Polygon","coordinates":[[[71.432,51.0689],[71.438,51.0689],[71.438,51.07268],[71.432,51.07268],[71.432,51.0689]]]},"properties":{"id":995,"trees":2,"canopy":11,"park_dist":813,"pass_trees":false,"pass_canopy":false,"pass_dist":false,"score":0,"mock":true}},{"type":"Feature","id":996,"geometry":{"type":"Polygon","coordinates":[[[71.432,51.07268],[71.438,51.07268],[71.438,51.07646],[71.432,51.07646],[71.432,51.07268]]]},"properties":{"id":996,"trees":2,"canopy":15,"park_dist":799,"pass_trees":false,"pass_canopy":false,"pass_dist":false,"score":0,"mock":true}},{"type":"Feature","id":997,"geometry":{"type":"Polygon","coordinates":[[[71.432,51.07646],[71.438,51.07646],[71.438,51.08024],[71.432,51.08024],[71.432,51.07646]]]},"properties":{"id":997,"trees":3,"canopy":14,"park_dist":802,"pass_trees":true,"pass_canopy":false,"pass_dist":false,"score":1,"mock":true}},{"type":"Feature","id":998,"geometry":{"type":"Polygon","coordinates":[[[71.432,51.08024],[71.438,51.08024],[71.438,51.08402],[71.432,51.08402],[71.432,51.08024]]]},"properties":{"id":998,"trees":3,"canopy":19,"park_dist":748,"pass_trees":true,"pass_canopy":false,"pass_dist":false,"score":1,"mock":true}},{"type":"Feature","id":999,"geometry":{"type":"Polygon","coordinates":[[[71.432,51.08402],[71.438,51.08402],[71.438,51.0878],[71.432,51.0878],[71.432,51.08402]]]},"properties":{"id":999,"trees":3,"canopy":19,"park_dist":805,"pass_trees":true,"pass_canopy":false,"pass_dist":false,"score":1,"mock":true}},{"type":"Feature","id":1000,"geometry":{"type":"Polygon","coordinates":[[[71.432,51.0878],[71.438,51.0878],[71.438,51.09158],[71.432,51.09158],[71.432,51.0878]]]},"properties":{"id":1000,"trees":3,"canopy":19,"park_dist":688,"pass_trees":true,"pass_canopy":false,"pass_dist":false,"score":1,"mock":true}},{"type":"Feature","id":1001,"geometry":{"type":"Polygon","coordinates":[[[71.432,51.09158],[71.438,51.09158],[71.438,51.09536],[71.432,51.09536],[71.432,51.09158]]]},"properties":{"id":1001,"trees":4,"canopy":24,"park_dist":497,"pass_trees":true,"pass_canopy":false,"pass_dist":false,"score":1,"mock":true}},{"type":"Feature","id":1002,"geometry":{"type":"Polygon","coordinates":[[[71.432,51.09536],[71.438,51.09536],[71.438,51.09914],[71.432,51.09914],[71.432,51.09536]]]},"properties":{"id":1002,"trees":5,"canopy":23,"park_dist":612,"pass_trees":true,"pass_canopy":false,"pass_dist":false,"score":1,"mock":true}},{"type":"Feature","id":1003,"geometry":{"type":"Polygon","coordinates":[[[71.432,51.09914],[71.438,51.09914],[71.438,51.10292],[71.432,51.10292],[71.432,51.09914]]]},"properties":{"id":1003,"trees":6,"canopy":28,"park_dist":296,"pass_trees":true,"pass_canopy":false,"pass_dist":true,"score":2,"mock":true}},{"type":"Feature","id":1004,"geometry":{"type":"Polygon","coordinates":[[[71.432,51.10292],[71.438,51.10292],[71.438,51.1067],[71.432,51.1067],[71.432,51.10292]]]},"properties":{"id":1004,"trees":7,"canopy":36,"park_dist":282,"pass_trees":true,"pass_canopy":true,"pass_dist":true,"score":3,"mock":true}},{"type":"Feature","id":1005,"geometry":{"type":"Polygon","coordinates":[[[71.432,51.1067],[71.438,51.1067],[71.438,51.11048],[71.432,51.11048],[71.432,51.1067]]]},"properties":{"id":1005,"trees":8,"canopy":41,"park_dist":226,"pass_trees":true,"pass_canopy":true,"pass_dist":true,"score":3,"mock":true}},{"type":"Feature","id":1006,"geometry":{"type":"Polygon","coordinates":[[[71.432,51.11048],[71.438,51.11048],[71.438,51.11426],[71.432,51.11426],[71.432,51.11048]]]},"properties":{"id":1006,"trees":8,"canopy":46,"park_dist":78,"pass_trees":true,"pass_canopy":true,"pass_dist":true,"score":3,"mock":true}},{"type":"Feature","id":1007,"geometry":{"type":"Polygon","coordinates":[[[71.432,51.11426],[71.438,51.11426],[71.438,51.11804],[71.432,51.11804],[71.432,51.11426]]]},"properties":{"id":1007,"trees":8,"canopy":40,"park_dist":58,"pass_trees":true,"pass_canopy":true,"pass_dist":true,"score":3,"mock":true}},{"type":"Feature","id":1008,"geometry":{"type":"Polygon","coordinates":[[[71.432,51.11804],[71.438,51.11804],[71.438,51.12182],[71.432,51.12182],[71.432,51.11804]]]},"properties":{"id":1008,"trees":8,"canopy":44,"park_dist":126,"pass_trees":true,"pass_canopy":true,"pass_dist":true,"score":3,"mock":true}},{"type":"Feature","id":1009,"geometry":{"type":"Polygon","coordinates":[[[71.432,51.12182],[71.438,51.12182],[71.438,51.1256],[71.432,51.1256],[71.432,51.12182]]]},"properties":{"id":1009,"trees":8,"canopy":47,"park_dist":40,"pass_trees":true,"pass_canopy":true,"pass_dist":true,"score":3,"mock":true}},{"type":"Feature","id":1010,"geometry":{"type":"Polygon","coordinates":[[[71.432,51.1256],[71.438,51.1256],[71.438,51.12938],[71.432,51.12938],[71.432,51.1256]]]},"properties":{"id":1010,"trees":7,"canopy":47,"park_dist":56,"pass_trees":true,"pass_canopy":true,"pass_dist":true,"score":3,"mock":true}},{"type":"Feature","id":1011,"geometry":{"type":"Polygon","coordinates":[[[71.432,51.12938],[71.438,51.12938],[71.438,51.13316],[71.432,51.13316],[71.432,51.12938]]]},"properties":{"id":1011,"trees":8,"canopy":43,"park_dist":101,"pass_trees":true,"pass_canopy":true,"pass_dist":true,"score":3,"mock":true}},{"type":"Feature","id":1012,"geometry":{"type":"Polygon","coordinates":[[[71.432,51.13316],[71.438,51.13316],[71.438,51.13694],[71.432,51.13694],[71.432,51.13316]]]},"properties":{"id":1012,"trees":8,"canopy":43,"park_dist":76,"pass_trees":true,"pass_canopy":true,"pass_dist":true,"score":3,"mock":true}},{"type":"Feature","id":1013,"geometry":{"type":"Polygon","coordinates":[[[71.432,51.13694],[71.438,51.13694],[71.438,51.14072],[71.432,51.14072],[71.432,51.13694]]]},"properties":{"id":1013,"trees":8,"canopy":44,"park_dist":120,"pass_trees":true,"pass_canopy":true,"pass_dist":true,"score":3,"mock":true}},{"type":"Feature","id":1014,"geometry":{"type":"Polygon","coordinates":[[[71.432,51.14072],[71.438,51.14072],[71.438,51.1445],[71.432,51.1445],[71.432,51.14072]]]},"properties":{"id":1014,"trees":7,"canopy":42,"park_dist":40,"pass_trees":true,"pass_canopy":true,"pass_dist":true,"score":3,"mock":true}},{"type":"Feature","id":1015,"geometry":{"type":"Polygon","coordinates":[[[71.432,51.1445],[71.438,51.1445],[71.438,51.14828],[71.432,51.14828],[71.432,51.1445]]]},"properties":{"id":1015,"trees":8,"canopy":45,"park_dist":58,"pass_trees":true,"pass_canopy":true,"pass_dist":true,"score":3,"mock":true}},{"type":"Feature","id":1016,"geometry":{"type":"Polygon","coordinates":[[[71.432,51.14828],[71.438,51.14828],[71.438,51.15206],[71.432,51.15206],[71.432,51.14828]]]},"properties":{"id":1016,"trees":8,"canopy":46,"park_dist":131,"pass_trees":true,"pass_canopy":true,"pass_dist":true,"score":3,"mock":true}},{"type":"Feature","id":1017,"geometry":{"type":"Polygon","coordinates":[[[71.432,51.15206],[71.438,51.15206],[71.438,51.15584],[71.432,51.15584],[71.432,51.15206]]]},"properties":{"id":1017,"trees":8,"canopy":46,"park_dist":77,"pass_trees":true,"pass_canopy":true,"pass_dist":true,"score":3,"mock":true}},{"type":"Feature","id":1018,"geometry":{"type":"Polygon","coordinates":[[[71.432,51.15584],[71.438,51.15584],[71.438,51.15962],[71.432,51.15962],[71.432,51.15584]]]},"properties":{"id":1018,"trees":8,"canopy":45,"park_dist":40,"pass_trees":true,"pass_canopy":true,"pass_dist":true,"score":3,"mock":true}},{"type":"Feature","id":1019,"geometry":{"type":"Polygon","coordinates":[[[71.432,51.15962],[71.438,51.15962],[71.438,51.1634],[71.432,51.1634],[71.432,51.15962]]]},"properties":{"id":1019,"trees":8,"canopy":44,"park_dist":40,"pass_trees":true,"pass_canopy":true,"pass_dist":true,"score":3,"mock":true}},{"type":"Feature","id":1020,"geometry":{"type":"Polygon","coordinates":[[[71.432,51.1634],[71.438,51.1634],[71.438,51.16718],[71.432,51.16718],[71.432,51.1634]]]},"properties":{"id":1020,"trees":7,"canopy":49,"park_dist":89,"pass_trees":true,"pass_canopy":true,"pass_dist":true,"score":3,"mock":true}},{"type":"Feature","id":1021,"geometry":{"type":"Polygon","coordinates":[[[71.432,51.16718],[71.438,51.16718],[71.438,51.17096],[71.432,51.17096],[71.432,51.16718]]]},"properties":{"id":1021,"trees":6,"canopy":39,"park_dist":141,"pass_trees":true,"pass_canopy":true,"pass_dist":true,"score":3,"mock":true}},{"type":"Feature","id":1022,"geometry":{"type":"Polygon","coordinates":[[[71.432,51.17096],[71.438,51.17096],[71.438,51.17474],[71.432,51.17474],[71.432,51.17096]]]},"properties":{"id":1022,"trees":7,"canopy":38,"park_dist":256,"pass_trees":true,"pass_canopy":true,"pass_dist":true,"score":3,"mock":true}},{"type":"Feature","id":1023,"geometry":{"type":"Polygon","coordinates":[[[71.432,51.17474],[71.438,51.17474],[71.438,51.17852],[71.432,51.17852],[71.432,51.17474]]]},"properties":{"id":1023,"trees":4,"canopy":28,"park_dist":533,"pass_trees":true,"pass_canopy":false,"pass_dist":false,"score":1,"mock":true}},{"type":"Feature","id":1024,"geometry":{"type":"Polygon","coordinates":[[[71.432,51.17852],[71.438,51.17852],[71.438,51.1823],[71.432,51.1823],[71.432,51.17852]]]},"properties":{"id":1024,"trees":5,"canopy":24,"park_dist":608,"pass_trees":true,"pass_canopy":false,"pass_dist":false,"score":1,"mock":true}},{"type":"Feature","id":1025,"geometry":{"type":"Polygon","coordinates":[[[71.432,51.1823],[71.438,51.1823],[71.438,51.18608],[71.432,51.18608],[71.432,51.1823]]]},"properties":{"id":1025,"trees":4,"canopy":24,"park_dist":617,"pass_trees":true,"pass_canopy":false,"pass_dist":false,"score":1,"mock":true}},{"type":"Feature","id":1026,"geometry":{"type":"Polygon","coordinates":[[[71.432,51.18608],[71.438,51.18608],[71.438,51.18986],[71.432,51.18986],[71.432,51.18608]]]},"properties":{"id":1026,"trees":3,"canopy":18,"park_dist":749,"pass_trees":true,"pass_canopy":false,"pass_dist":false,"score":1,"mock":true}},{"type":"Feature","id":1027,"geometry":{"type":"Polygon","coordinates":[[[71.432,51.18986],[71.438,51.18986],[71.438,51.19364],[71.432,51.19364],[71.432,51.18986]]]},"properties":{"id":1027,"trees":3,"canopy":15,"park_dist":846,"pass_trees":true,"pass_canopy":false,"pass_dist":false,"score":1,"mock":true}},{"type":"Feature","id":1028,"geometry":{"type":"Polygon","coordinates":[[[71.432,51.19364],[71.438,51.19364],[71.438,51.19742],[71.432,51.19742],[71.432,51.19364]]]},"properties":{"id":1028,"trees":4,"canopy":17,"park_dist":773,"pass_trees":true,"pass_canopy":false,"pass_dist":false,"score":1,"mock":true}},{"type":"Feature","id":1029,"geometry":{"type":"Polygon","coordinates":[[[71.432,51.19742],[71.438,51.19742],[71.438,51.2012],[71.432,51.2012],[71.432,51.19742]]]},"properties":{"id":1029,"trees":3,"canopy":14,"park_dist":849,"pass_trees":true,"pass_canopy":false,"pass_dist":false,"score":1,"mock":true}},{"type":"Feature","id":1030,"geometry":{"type":"Polygon","coordinates":[[[71.432,51.2012],[71.438,51.2012],[71.438,51.20498],[71.432,51.20498],[71.432,51.2012]]]},"properties":{"id":1030,"trees":3,"canopy":16,"park_dist":832,"pass_trees":true,"pass_canopy":false,"pass_dist":false,"score":1,"mock":true}},{"type":"Feature","id":1031,"geometry":{"type":"Polygon","coordinates":[[[71.432,51.20498],[71.438,51.20498],[71.438,51.20876],[71.432,51.20876],[71.432,51.20498]]]},"properties":{"id":1031,"trees":2,"canopy":13,"park_dist":874,"pass_trees":false,"pass_canopy":false,"pass_dist":false,"score":0,"mock":true}},{"type":"Feature","id":1032,"geometry":{"type":"Polygon","coordinates":[[[71.432,51.20876],[71.438,51.20876],[71.438,51.21254],[71.432,51.21254],[71.432,51.20876]]]},"properties":{"id":1032,"trees":2,"canopy":16,"park_dist":849,"pass_trees":false,"pass_canopy":false,"pass_dist":false,"score":0,"mock":true}},{"type":"Feature","id":1033,"geometry":{"type":"Polygon","coordinates":[[[71.432,51.21254],[71.438,51.21254],[71.438,51.21632],[71.432,51.21632],[71.432,51.21254]]]},"properties":{"id":1033,"trees":3,"canopy":11,"park_dist":783,"pass_trees":true,"pass_canopy":false,"pass_dist":false,"score":1,"mock":true}},{"type":"Feature","id":1034,"geometry":{"type":"Polygon","coordinates":[[[71.432,51.21632],[71.438,51.21632],[71.438,51.2201],[71.432,51.2201],[71.432,51.21632]]]},"properties":{"id":1034,"trees":2,"canopy":15,"park_dist":798,"pass_trees":false,"pass_canopy":false,"pass_dist":false,"score":0,"mock":true}},{"type":"Feature","id":1035,"geometry":{"type":"Polygon","coordinates":[[[71.438,51.05],[71.444,51.05],[71.444,51.05378],[71.438,51.05378],[71.438,51.05]]]},"properties":{"id":1035,"trees":2,"canopy":14,"park_dist":888,"pass_trees":false,"pass_canopy":false,"pass_dist":false,"score":0,"mock":true}},{"type":"Feature","id":1036,"geometry":{"type":"Polygon","coordinates":[[[71.438,51.05378],[71.444,51.05378],[71.444,51.05756],[71.438,51.05756],[71.438,51.05378]]]},"properties":{"id":1036,"trees":2,"canopy":16,"park_dist":759,"pass_trees":false,"pass_canopy":false,"pass_dist":false,"score":0,"mock":true}},{"type":"Feature","id":1037,"geometry":{"type":"Polygon","coordinates":[[[71.438,51.05756],[71.444,51.05756],[71.444,51.06134],[71.438,51.06134],[71.438,51.05756]]]},"properties":{"id":1037,"trees":3,"canopy":19,"park_dist":826,"pass_trees":true,"pass_canopy":false,"pass_dist":false,"score":1,"mock":true}},{"type":"Feature","id":1038,"geometry":{"type":"Polygon","coordinates":[[[71.438,51.06134],[71.444,51.06134],[71.444,51.06512],[71.438,51.06512],[71.438,51.06134]]]},"properties":{"id":1038,"trees":2,"canopy":10,"park_dist":946,"pass_trees":false,"pass_canopy":false,"pass_dist":false,"score":0,"mock":true}},{"type":"Feature","id":1039,"geometry":{"type":"Polygon","coordinates":[[[71.438,51.06512],[71.444,51.06512],[71.444,51.0689],[71.438,51.0689],[71.438,51.06512]]]},"properties":{"id":1039,"trees":3,"canopy":16,"park_dist":730,"pass_trees":true,"pass_canopy":false,"pass_dist":false,"score":1,"mock":true}},{"type":"Feature","id":1040,"geometry":{"type":"Polygon","coordinates":[[[71.438,51.0689],[71.444,51.0689],[71.444,51.07268],[71.438,51.07268],[71.438,51.0689]]]},"properties":{"id":1040,"trees":4,"canopy":20,"park_dist":722,"pass_trees":true,"pass_canopy":false,"pass_dist":false,"score":1,"mock":true}},{"type":"Feature","id":1041,"geometry":{"type":"Polygon","coordinates":[[[71.438,51.07268],[71.444,51.07268],[71.444,51.07646],[71.438,51.07646],[71.438,51.07268]]]},"properties":{"id":1041,"trees":3,"canopy":13,"park_dist":806,"pass_trees":true,"pass_canopy":false,"pass_dist":false,"score":1,"mock":true}},{"type":"Feature","id":1042,"geometry":{"type":"Polygon","coordinates":[[[71.438,51.07646],[71.444,51.07646],[71.444,51.08024],[71.438,51.08024],[71.438,51.07646]]]},"properties":{"id":1042,"trees":3,"canopy":15,"park_dist":800,"pass_trees":true,"pass_canopy":false,"pass_dist":false,"score":1,"mock":true}},{"type":"Feature","id":1043,"geometry":{"type":"Polygon","coordinates":[[[71.438,51.08024],[71.444,51.08024],[71.444,51.08402],[71.438,51.08402],[71.438,51.08024]]]},"properties":{"id":1043,"trees":4,"canopy":16,"park_dist":759,"pass_trees":true,"pass_canopy":false,"pass_dist":false,"score":1,"mock":true}},{"type":"Feature","id":1044,"geometry":{"type":"Polygon","coordinates":[[[71.438,51.08402],[71.444,51.08402],[71.444,51.0878],[71.438,51.0878],[71.438,51.08402]]]},"properties":{"id":1044,"trees":3,"canopy":17,"park_dist":746,"pass_trees":true,"pass_canopy":false,"pass_dist":false,"score":1,"mock":true}},{"type":"Feature","id":1045,"geometry":{"type":"Polygon","coordinates":[[[71.438,51.0878],[71.444,51.0878],[71.444,51.09158],[71.438,51.09158],[71.438,51.0878]]]},"properties":{"id":1045,"trees":4,"canopy":18,"park_dist":703,"pass_trees":true,"pass_canopy":false,"pass_dist":false,"score":1,"mock":true}},{"type":"Feature","id":1046,"geometry":{"type":"Polygon","coordinates":[[[71.438,51.09158],[71.444,51.09158],[71.444,51.09536],[71.438,51.09536],[71.438,51.09158]]]},"properties":{"id":1046,"trees":5,"canopy":20,"park_dist":626,"pass_trees":true,"pass_canopy":false,"pass_dist":false,"score":1,"mock":true}},{"type":"Feature","id":1047,"geometry":{"type":"Polygon","coordinates":[[[71.438,51.09536],[71.444,51.09536],[71.444,51.09914],[71.438,51.09914],[71.438,51.09536]]]},"properties":{"id":1047,"trees":5,"canopy":27,"park_dist":552,"pass_trees":true,"pass_canopy":false,"pass_dist":false,"score":1,"mock":true}},{"type":"Feature","id":1048,"geometry":{"type":"Polygon","coordinates":[[[71.438,51.09914],[71.444,51.09914],[71.444,51.10292],[71.438,51.10292],[71.438,51.09914]]]},"properties":{"id":1048,"trees":6,"canopy":29,"park_dist":479,"pass_trees":true,"pass_canopy":false,"pass_dist":false,"score":1,"mock":true}},{"type":"Feature","id":1049,"geometry":{"type":"Polygon","coordinates":[[[71.438,51.10292],[71.444,51.10292],[71.444,51.1067],[71.438,51.1067],[71.438,51.10292]]]},"properties":{"id":1049,"trees":6,"canopy":30,"park_dist":350,"pass_trees":true,"pass_canopy":true,"pass_dist":false,"score":2,"mock":true}},{"type":"Feature","id":1050,"geometry":{"type":"Polygon","coordinates":[[[71.438,51.1067],[71.444,51.1067],[71.444,51.11048],[71.438,51.11048],[71.438,51.1067]]]},"properties":{"id":1050,"trees":7,"canopy":41,"park_dist":194,"pass_trees":true,"pass_canopy":true,"pass_dist":true,"score":3,"mock":true}},{"type":"Feature","id":1051,"geometry":{"type":"Polygon","coordinates":[[[71.438,51.11048],[71.444,51.11048],[71.444,51.11426],[71.438,51.11426],[71.438,51.11048]]]},"properties":{"id":1051,"trees":7,"canopy":41,"park_dist":65,"pass_trees":true,"pass_canopy":true,"pass_dist":true,"score":3,"mock":true}},{"type":"Feature","id":1052,"geometry":{"type":"Polygon","coordinates":[[[71.438,51.11426],[71.444,51.11426],[71.444,51.11804],[71.438,51.11804],[71.438,51.11426]]]},"properties":{"id":1052,"trees":8,"canopy":44,"park_dist":81,"pass_trees":true,"pass_canopy":true,"pass_dist":true,"score":3,"mock":true}},{"type":"Feature","id":1053,"geometry":{"type":"Polygon","coordinates":[[[71.438,51.11804],[71.444,51.11804],[71.444,51.12182],[71.438,51.12182],[71.438,51.11804]]]},"properties":{"id":1053,"trees":8,"canopy":45,"park_dist":70,"pass_trees":true,"pass_canopy":true,"pass_dist":true,"score":3,"mock":true}},{"type":"Feature","id":1054,"geometry":{"type":"Polygon","coordinates":[[[71.438,51.12182],[71.444,51.12182],[71.444,51.1256],[71.438,51.1256],[71.438,51.12182]]]},"properties":{"id":1054,"trees":8,"canopy":48,"park_dist":40,"pass_trees":true,"pass_canopy":true,"pass_dist":true,"score":3,"mock":true}},{"type":"Feature","id":1055,"geometry":{"type":"Polygon","coordinates":[[[71.438,51.1256],[71.444,51.1256],[71.444,51.12938],[71.438,51.12938],[71.438,51.1256]]]},"properties":{"id":1055,"trees":8,"canopy":43,"park_dist":109,"pass_trees":true,"pass_canopy":true,"pass_dist":true,"score":3,"mock":true}},{"type":"Feature","id":1056,"geometry":{"type":"Polygon","coordinates":[[[71.438,51.12938],[71.444,51.12938],[71.444,51.13316],[71.438,51.13316],[71.438,51.12938]]]},"properties":{"id":1056,"trees":8,"canopy":42,"park_dist":57,"pass_trees":true,"pass_canopy":true,"pass_dist":true,"score":3,"mock":true}},{"type":"Feature","id":1057,"geometry":{"type":"Polygon","coordinates":[[[71.438,51.13316],[71.444,51.13316],[71.444,51.13694],[71.438,51.13694],[71.438,51.13316]]]},"properties":{"id":1057,"trees":9,"canopy":42,"park_dist":73,"pass_trees":true,"pass_canopy":true,"pass_dist":true,"score":3,"mock":true}},{"type":"Feature","id":1058,"geometry":{"type":"Polygon","coordinates":[[[71.438,51.13694],[71.444,51.13694],[71.444,51.14072],[71.438,51.14072],[71.438,51.13694]]]},"properties":{"id":1058,"trees":7,"canopy":45,"park_dist":53,"pass_trees":true,"pass_canopy":true,"pass_dist":true,"score":3,"mock":true}},{"type":"Feature","id":1059,"geometry":{"type":"Polygon","coordinates":[[[71.438,51.14072],[71.444,51.14072],[71.444,51.1445],[71.438,51.1445],[71.438,51.14072]]]},"properties":{"id":1059,"trees":7,"canopy":44,"park_dist":69,"pass_trees":true,"pass_canopy":true,"pass_dist":true,"score":3,"mock":true}},{"type":"Feature","id":1060,"geometry":{"type":"Polygon","coordinates":[[[71.438,51.1445],[71.444,51.1445],[71.444,51.14828],[71.438,51.14828],[71.438,51.1445]]]},"properties":{"id":1060,"trees":8,"canopy":43,"park_dist":84,"pass_trees":true,"pass_canopy":true,"pass_dist":true,"score":3,"mock":true}},{"type":"Feature","id":1061,"geometry":{"type":"Polygon","coordinates":[[[71.438,51.14828],[71.444,51.14828],[71.444,51.15206],[71.438,51.15206],[71.438,51.14828]]]},"properties":{"id":1061,"trees":8,"canopy":42,"park_dist":90,"pass_trees":true,"pass_canopy":true,"pass_dist":true,"score":3,"mock":true}},{"type":"Feature","id":1062,"geometry":{"type":"Polygon","coordinates":[[[71.438,51.15206],[71.444,51.15206],[71.444,51.15584],[71.438,51.15584],[71.438,51.15206]]]},"properties":{"id":1062,"trees":8,"canopy":42,"park_dist":84,"pass_trees":true,"pass_canopy":true,"pass_dist":true,"score":3,"mock":true}},{"type":"Feature","id":1063,"geometry":{"type":"Polygon","coordinates":[[[71.438,51.15584],[71.444,51.15584],[71.444,51.15962],[71.438,51.15962],[71.438,51.15584]]]},"properties":{"id":1063,"trees":8,"canopy":48,"park_dist":93,"pass_trees":true,"pass_canopy":true,"pass_dist":true,"score":3,"mock":true}},{"type":"Feature","id":1064,"geometry":{"type":"Polygon","coordinates":[[[71.438,51.15962],[71.444,51.15962],[71.444,51.1634],[71.438,51.1634],[71.438,51.15962]]]},"properties":{"id":1064,"trees":9,"canopy":38,"park_dist":40,"pass_trees":true,"pass_canopy":true,"pass_dist":true,"score":3,"mock":true}},{"type":"Feature","id":1065,"geometry":{"type":"Polygon","coordinates":[[[71.438,51.1634],[71.444,51.1634],[71.444,51.16718],[71.438,51.16718],[71.438,51.1634]]]},"properties":{"id":1065,"trees":7,"canopy":38,"park_dist":146,"pass_trees":true,"pass_canopy":true,"pass_dist":true,"score":3,"mock":true}},{"type":"Feature","id":1066,"geometry":{"type":"Polygon","coordinates":[[[71.438,51.16718],[71.444,51.16718],[71.444,51.17096],[71.438,51.17096],[71.438,51.16718]]]},"properties":{"id":1066,"trees":7,"canopy":36,"park_dist":204,"pass_trees":true,"pass_canopy":true,"pass_dist":true,"score":3,"mock":true}},{"type":"Feature","id":1067,"geometry":{"type":"Polygon","coordinates":[[[71.438,51.17096],[71.444,51.17096],[71.444,51.17474],[71.438,51.17474],[71.438,51.17096]]]},"properties":{"id":1067,"trees":6,"canopy":28,"park_dist":405,"pass_trees":true,"pass_canopy":false,"pass_dist":false,"score":1,"mock":true}},{"type":"Feature","id":1068,"geometry":{"type":"Polygon","coordinates":[[[71.438,51.17474],[71.444,51.17474],[71.444,51.17852],[71.438,51.17852],[71.438,51.17474]]]},"properties":{"id":1068,"trees":6,"canopy":31,"park_dist":431,"pass_trees":true,"pass_canopy":true,"pass_dist":false,"score":2,"mock":true}},{"type":"Feature","id":1069,"geometry":{"type":"Polygon","coordinates":[[[71.438,51.17852],[71.444,51.17852],[71.444,51.1823],[71.438,51.1823],[71.438,51.17852]]]},"properties":{"id":1069,"trees":5,"canopy":21,"park_dist":515,"pass_trees":true,"pass_canopy":false,"pass_dist":false,"score":1,"mock":true}},{"type":"Feature","id":1070,"geometry":{"type":"Polygon","coordinates":[[[71.438,51.1823],[71.444,51.1823],[71.444,51.18608],[71.438,51.18608],[71.438,51.1823]]]},"properties":{"id":1070,"trees":5,"canopy":26,"park_dist":542,"pass_trees":true,"pass_canopy":false,"pass_dist":false,"score":1,"mock":true}},{"type":"Feature","id":1071,"geometry":{"type":"Polygon","coordinates":[[[71.438,51.18608],[71.444,51.18608],[71.444,51.18986],[71.438,51.18986],[71.438,51.18608]]]},"properties":{"id":1071,"trees":4,"canopy":21,"park_dist":676,"pass_trees":true,"pass_canopy":false,"pass_dist":false,"score":1,"mock":true}},{"type":"Feature","id":1072,"geometry":{"type":"Polygon","coordinates":[[[71.438,51.18986],[71.444,51.18986],[71.444,51.19364],[71.438,51.19364],[71.438,51.18986]]]},"properties":{"id":1072,"trees":3,"canopy":17,"park_dist":774,"pass_trees":true,"pass_canopy":false,"pass_dist":false,"score":1,"mock":true}},{"type":"Feature","id":1073,"geometry":{"type":"Polygon","coordinates":[[[71.438,51.19364],[71.444,51.19364],[71.444,51.19742],[71.438,51.19742],[71.438,51.19364]]]},"properties":{"id":1073,"trees":3,"canopy":13,"park_dist":813,"pass_trees":true,"pass_canopy":false,"pass_dist":false,"score":1,"mock":true}},{"type":"Feature","id":1074,"geometry":{"type":"Polygon","coordinates":[[[71.438,51.19742],[71.444,51.19742],[71.444,51.2012],[71.438,51.2012],[71.438,51.19742]]]},"properties":{"id":1074,"trees":3,"canopy":18,"park_dist":800,"pass_trees":true,"pass_canopy":false,"pass_dist":false,"score":1,"mock":true}},{"type":"Feature","id":1075,"geometry":{"type":"Polygon","coordinates":[[[71.438,51.2012],[71.444,51.2012],[71.444,51.20498],[71.438,51.20498],[71.438,51.2012]]]},"properties":{"id":1075,"trees":3,"canopy":17,"park_dist":769,"pass_trees":true,"pass_canopy":false,"pass_dist":false,"score":1,"mock":true}},{"type":"Feature","id":1076,"geometry":{"type":"Polygon","coordinates":[[[71.438,51.20498],[71.444,51.20498],[71.444,51.20876],[71.438,51.20876],[71.438,51.20498]]]},"properties":{"id":1076,"trees":3,"canopy":13,"park_dist":734,"pass_trees":true,"pass_canopy":false,"pass_dist":false,"score":1,"mock":true}},{"type":"Feature","id":1077,"geometry":{"type":"Polygon","coordinates":[[[71.438,51.20876],[71.444,51.20876],[71.444,51.21254],[71.438,51.21254],[71.438,51.20876]]]},"properties":{"id":1077,"trees":3,"canopy":17,"park_dist":848,"pass_trees":true,"pass_canopy":false,"pass_dist":false,"score":1,"mock":true}},{"type":"Feature","id":1078,"geometry":{"type":"Polygon","coordinates":[[[71.438,51.21254],[71.444,51.21254],[71.444,51.21632],[71.438,51.21632],[71.438,51.21254]]]},"properties":{"id":1078,"trees":3,"canopy":11,"park_dist":835,"pass_trees":true,"pass_canopy":false,"pass_dist":false,"score":1,"mock":true}},{"type":"Feature","id":1079,"geometry":{"type":"Polygon","coordinates":[[[71.438,51.21632],[71.444,51.21632],[71.444,51.2201],[71.438,51.2201],[71.438,51.21632]]]},"properties":{"id":1079,"trees":3,"canopy":16,"park_dist":836,"pass_trees":true,"pass_canopy":false,"pass_dist":false,"score":1,"mock":true}},{"type":"Feature","id":1080,"geometry":{"type":"Polygon","coordinates":[[[71.444,51.05],[71.45,51.05],[71.45,51.05378],[71.444,51.05378],[71.444,51.05]]]},"properties":{"id":1080,"trees":3,"canopy":17,"park_dist":812,"pass_trees":true,"pass_canopy":false,"pass_dist":false,"score":1,"mock":true}},{"type":"Feature","id":1081,"geometry":{"type":"Polygon","coordinates":[[[71.444,51.05378],[71.45,51.05378],[71.45,51.05756],[71.444,51.05756],[71.444,51.05378]]]},"properties":{"id":1081,"trees":2,"canopy":11,"park_dist":917,"pass_trees":false,"pass_canopy":false,"pass_dist":false,"score":0,"mock":true}},{"type":"Feature","id":1082,"geometry":{"type":"Polygon","coordinates":[[[71.444,51.05756],[71.45,51.05756],[71.45,51.06134],[71.444,51.06134],[71.444,51.05756]]]},"properties":{"id":1082,"trees":3,"canopy":16,"park_dist":758,"pass_trees":true,"pass_canopy":false,"pass_dist":false,"score":1,"mock":true}},{"type":"Feature","id":1083,"geometry":{"type":"Polygon","coordinates":[[[71.444,51.06134],[71.45,51.06134],[71.45,51.06512],[71.444,51.06512],[71.444,51.06134]]]},"properties":{"id":1083,"trees":3,"canopy":14,"park_dist":807,"pass_trees":true,"pass_canopy":false,"pass_dist":false,"score":1,"mock":true}},{"type":"Feature","id":1084,"geometry":{"type":"Polygon","coordinates":[[[71.444,51.06512],[71.45,51.06512],[71.45,51.0689],[71.444,51.0689],[71.444,51.06512]]]},"properties":{"id":1084,"trees":2,"canopy":18,"park_dist":779,"pass_trees":false,"pass_canopy":false,"pass_dist":false,"score":0,"mock":true}},{"type":"Feature","id":1085,"geometry":{"type":"Polygon","coordinates":[[[71.444,51.0689],[71.45,51.0689],[71.45,51.07268],[71.444,51.07268],[71.444,51.0689]]]},"properties":{"id":1085,"trees":2,"canopy":10,"park_dist":901,"pass_trees":false,"pass_canopy":false,"pass_dist":false,"score":0,"mock":true}},{"type":"Feature","id":1086,"geometry":{"type":"Polygon","coordinates":[[[71.444,51.07268],[71.45,51.07268],[71.45,51.07646],[71.444,51.07646],[71.444,51.07268]]]},"properties":{"id":1086,"trees":3,"canopy":15,"park_dist":727,"pass_trees":true,"pass_canopy":false,"pass_dist":false,"score":1,"mock":true}},{"type":"Feature","id":1087,"geometry":{"type":"Polygon","coordinates":[[[71.444,51.07646],[71.45,51.07646],[71.45,51.08024],[71.444,51.08024],[71.444,51.07646]]]},"properties":{"id":1087,"trees":2,"canopy":11,"park_dist":862,"pass_trees":false,"pass_canopy":false,"pass_dist":false,"score":0,"mock":true}},{"type":"Feature","id":1088,"geometry":{"type":"Polygon","coordinates":[[[71.444,51.08024],[71.45,51.08024],[71.45,51.08402],[71.444,51.08402],[71.444,51.08024]]]},"properties":{"id":1088,"trees":3,"canopy":17,"park_dist":768,"pass_trees":true,"pass_canopy":false,"pass_dist":false,"score":1,"mock":true}},{"type":"Feature","id":1089,"geometry":{"type":"Polygon","coordinates":[[[71.444,51.08402],[71.45,51.08402],[71.45,51.0878],[71.444,51.0878],[71.444,51.08402]]]},"properties":{"id":1089,"trees":3,"canopy":16,"park_dist":686,"pass_trees":true,"pass_canopy":false,"pass_dist":false,"score":1,"mock":true}},{"type":"Feature","id":1090,"geometry":{"type":"Polygon","coordinates":[[[71.444,51.0878],[71.45,51.0878],[71.45,51.09158],[71.444,51.09158],[71.444,51.0878]]]},"properties":{"id":1090,"trees":4,"canopy":24,"park_dist":689,"pass_trees":true,"pass_canopy":false,"pass_dist":false,"score":1,"mock":true}},{"type":"Feature","id":1091,"geometry":{"type":"Polygon","coordinates":[[[71.444,51.09158],[71.45,51.09158],[71.45,51.09536],[71.444,51.09536],[71.444,51.09158]]]},"properties":{"id":1091,"trees":4,"canopy":23,"park_dist":621,"pass_trees":true,"pass_canopy":false,"pass_dist":false,"score":1,"mock":true}},{"type":"Feature","id":1092,"geometry":{"type":"Polygon","coordinates":[[[71.444,51.09536],[71.45,51.09536],[71.45,51.09914],[71.444,51.09914],[71.444,51.09536]]]},"properties":{"id":1092,"trees":5,"canopy":27,"park_dist":459,"pass_trees":true,"pass_canopy":false,"pass_dist":false,"score":1,"mock":true}},{"type":"Feature","id":1093,"geometry":{"type":"Polygon","coordinates":[[[71.444,51.09914],[71.45,51.09914],[71.45,51.10292],[71.444,51.10292],[71.444,51.09914]]]},"properties":{"id":1093,"trees":5,"canopy":30,"park_dist":295,"pass_trees":true,"pass_canopy":true,"pass_dist":true,"score":3,"mock":true}},{"type":"Feature","id":1094,"geometry":{"type":"Polygon","coordinates":[[[71.444,51.10292],[71.45,51.10292],[71.45,51.1067],[71.444,51.1067],[71.444,51.10292]]]},"properties":{"id":1094,"trees":7,"canopy":36,"park_dist":330,"pass_trees":true,"pass_canopy":true,"pass_dist":false,"score":2,"mock":true}},{"type":"Feature","id":1095,"geometry":{"type":"Polygon","coordinates":[[[71.444,51.1067],[71.45,51.1067],[71.45,51.11048],[71.444,51.11048],[71.444,51.1067]]]},"properties":{"id":1095,"trees":7,"canopy":41,"park_dist":185,"pass_trees":true,"pass_canopy":true,"pass_dist":true,"score":3,"mock":true}},{"type":"Feature","id":1096,"geometry":{"type":"Polygon","coordinates":[[[71.444,51.11048],[71.45,51.11048],[71.45,51.11426],[71.444,51.11426],[71.444,51.11048]]]},"properties":{"id":1096,"trees":8,"canopy":42,"park_dist":148,"pass_trees":true,"pass_canopy":true,"pass_dist":true,"score":3,"mock":true}},{"type":"Feature","id":1097,"geometry":{"type":"Polygon","coordinates":[[[71.444,51.11426],[71.45,51.11426],[71.45,51.11804],[71.444,51.11804],[71.444,51.11426]]]},"properties":{"id":1097,"trees":8,"canopy":42,"park_dist":92,"pass_trees":true,"pass_canopy":true,"pass_dist":true,"score":3,"mock":true}},{"type":"Feature","id":1098,"geometry":{"type":"Polygon","coordinates":[[[71.444,51.11804],[71.45,51.11804],[71.45,51.12182],[71.444,51.12182],[71.444,51.11804]]]},"properties":{"id":1098,"trees":7,"canopy":47,"park_dist":79,"pass_trees":true,"pass_canopy":true,"pass_dist":true,"score":3,"mock":true}},{"type":"Feature","id":1099,"geometry":{"type":"Polygon","coordinates":[[[71.444,51.12182],[71.45,51.12182],[71.45,51.1256],[71.444,51.1256],[71.444,51.12182]]]},"properties":{"id":1099,"trees":7,"canopy":47,"park_dist":40,"pass_trees":true,"pass_canopy":true,"pass_dist":true,"score":3,"mock":true}},{"type":"Feature","id":1100,"geometry":{"type":"Polygon","coordinates":[[[71.444,51.1256],[71.45,51.1256],[71.45,51.12938],[71.444,51.12938],[71.444,51.1256]]]},"properties":{"id":1100,"trees":8,"canopy":43,"park_dist":41,"pass_trees":true,"pass_canopy":true,"pass_dist":true,"score":3,"mock":true}},{"type":"Feature","id":1101,"geometry":{"type":"Polygon","coordinates":[[[71.444,51.12938],[71.45,51.12938],[71.45,51.13316],[71.444,51.13316],[71.444,51.12938]]]},"properties":{"id":1101,"trees":8,"canopy":43,"park_dist":56,"pass_trees":true,"pass_canopy":true,"pass_dist":true,"score":3,"mock":true}},{"type":"Feature","id":1102,"geometry":{"type":"Polygon","coordinates":[[[71.444,51.13316],[71.45,51.13316],[71.45,51.13694],[71.444,51.13694],[71.444,51.13316]]]},"properties":{"id":1102,"trees":8,"canopy":45,"park_dist":68,"pass_trees":true,"pass_canopy":true,"pass_dist":true,"score":3,"mock":true}},{"type":"Feature","id":1103,"geometry":{"type":"Polygon","coordinates":[[[71.444,51.13694],[71.45,51.13694],[71.45,51.14072],[71.444,51.14072],[71.444,51.13694]]]},"properties":{"id":1103,"trees":7,"canopy":43,"park_dist":89,"pass_trees":true,"pass_canopy":true,"pass_dist":true,"score":3,"mock":true}},{"type":"Feature","id":1104,"geometry":{"type":"Polygon","coordinates":[[[71.444,51.14072],[71.45,51.14072],[71.45,51.1445],[71.444,51.1445],[71.444,51.14072]]]},"properties":{"id":1104,"trees":8,"canopy":47,"park_dist":40,"pass_trees":true,"pass_canopy":true,"pass_dist":true,"score":3,"mock":true}},{"type":"Feature","id":1105,"geometry":{"type":"Polygon","coordinates":[[[71.444,51.1445],[71.45,51.1445],[71.45,51.14828],[71.444,51.14828],[71.444,51.1445]]]},"properties":{"id":1105,"trees":8,"canopy":46,"park_dist":40,"pass_trees":true,"pass_canopy":true,"pass_dist":true,"score":3,"mock":true}},{"type":"Feature","id":1106,"geometry":{"type":"Polygon","coordinates":[[[71.444,51.14828],[71.45,51.14828],[71.45,51.15206],[71.444,51.15206],[71.444,51.14828]]]},"properties":{"id":1106,"trees":8,"canopy":46,"park_dist":43,"pass_trees":true,"pass_canopy":true,"pass_dist":true,"score":3,"mock":true}},{"type":"Feature","id":1107,"geometry":{"type":"Polygon","coordinates":[[[71.444,51.15206],[71.45,51.15206],[71.45,51.15584],[71.444,51.15584],[71.444,51.15206]]]},"properties":{"id":1107,"trees":8,"canopy":45,"park_dist":44,"pass_trees":true,"pass_canopy":true,"pass_dist":true,"score":3,"mock":true}},{"type":"Feature","id":1108,"geometry":{"type":"Polygon","coordinates":[[[71.444,51.15584],[71.45,51.15584],[71.45,51.15962],[71.444,51.15962],[71.444,51.15584]]]},"properties":{"id":1108,"trees":8,"canopy":43,"park_dist":79,"pass_trees":true,"pass_canopy":true,"pass_dist":true,"score":3,"mock":true}},{"type":"Feature","id":1109,"geometry":{"type":"Polygon","coordinates":[[[71.444,51.15962],[71.45,51.15962],[71.45,51.1634],[71.444,51.1634],[71.444,51.15962]]]},"properties":{"id":1109,"trees":7,"canopy":35,"park_dist":191,"pass_trees":true,"pass_canopy":true,"pass_dist":true,"score":3,"mock":true}},{"type":"Feature","id":1110,"geometry":{"type":"Polygon","coordinates":[[[71.444,51.1634],[71.45,51.1634],[71.45,51.16718],[71.444,51.16718],[71.444,51.1634]]]},"properties":{"id":1110,"trees":6,"canopy":36,"park_dist":272,"pass_trees":true,"pass_canopy":true,"pass_dist":true,"score":3,"mock":true}},{"type":"Feature","id":1111,"geometry":{"type":"Polygon","coordinates":[[[71.444,51.16718],[71.45,51.16718],[71.45,51.17096],[71.444,51.17096],[71.444,51.16718]]]},"properties":{"id":1111,"trees":5,"canopy":31,"park_dist":370,"pass_trees":true,"pass_canopy":true,"pass_dist":false,"score":2,"mock":true}},{"type":"Feature","id":1112,"geometry":{"type":"Polygon","coordinates":[[[71.444,51.17096],[71.45,51.17096],[71.45,51.17474],[71.444,51.17474],[71.444,51.17096]]]},"properties":{"id":1112,"trees":5,"canopy":26,"park_dist":441,"pass_trees":true,"pass_canopy":false,"pass_dist":false,"score":1,"mock":true}},{"type":"Feature","id":1113,"geometry":{"type":"Polygon","coordinates":[[[71.444,51.17474],[71.45,51.17474],[71.45,51.17852],[71.444,51.17852],[71.444,51.17474]]]},"properties":{"id":1113,"trees":4,"canopy":24,"park_dist":530,"pass_trees":true,"pass_canopy":false,"pass_dist":false,"score":1,"mock":true}},{"type":"Feature","id":1114,"geometry":{"type":"Polygon","coordinates":[[[71.444,51.17852],[71.45,51.17852],[71.45,51.1823],[71.444,51.1823],[71.444,51.17852]]]},"properties":{"id":1114,"trees":4,"canopy":21,"park_dist":663,"pass_trees":true,"pass_canopy":false,"pass_dist":false,"score":1,"mock":true}},{"type":"Feature","id":1115,"geometry":{"type":"Polygon","coordinates":[[[71.444,51.1823],[71.45,51.1823],[71.45,51.18608],[71.444,51.18608],[71.444,51.1823]]]},"properties":{"id":1115,"trees":3,"canopy":18,"park_dist":748,"pass_trees":true,"pass_canopy":false,"pass_dist":false,"score":1,"mock":true}},{"type":"Feature","id":1116,"geometry":{"type":"Polygon","coordinates":[[[71.444,51.18608],[71.45,51.18608],[71.45,51.18986],[71.444,51.18986],[71.444,51.18608]]]},"properties":{"id":1116,"trees":4,"canopy":17,"park_dist":802,"pass_trees":true,"pass_canopy":false,"pass_dist":false,"score":1,"mock":true}},{"type":"Feature","id":1117,"geometry":{"type":"Polygon","coordinates":[[[71.444,51.18986],[71.45,51.18986],[71.45,51.19364],[71.444,51.19364],[71.444,51.18986]]]},"properties":{"id":1117,"trees":3,"canopy":14,"park_dist":762,"pass_trees":true,"pass_canopy":false,"pass_dist":false,"score":1,"mock":true}},{"type":"Feature","id":1118,"geometry":{"type":"Polygon","coordinates":[[[71.444,51.19364],[71.45,51.19364],[71.45,51.19742],[71.444,51.19742],[71.444,51.19364]]]},"properties":{"id":1118,"trees":3,"canopy":14,"park_dist":778,"pass_trees":true,"pass_canopy":false,"pass_dist":false,"score":1,"mock":true}},{"type":"Feature","id":1119,"geometry":{"type":"Polygon","coordinates":[[[71.444,51.19742],[71.45,51.19742],[71.45,51.2012],[71.444,51.2012],[71.444,51.19742]]]},"properties":{"id":1119,"trees":3,"canopy":19,"park_dist":773,"pass_trees":true,"pass_canopy":false,"pass_dist":false,"score":1,"mock":true}},{"type":"Feature","id":1120,"geometry":{"type":"Polygon","coordinates":[[[71.444,51.2012],[71.45,51.2012],[71.45,51.20498],[71.444,51.20498],[71.444,51.2012]]]},"properties":{"id":1120,"trees":2,"canopy":16,"park_dist":955,"pass_trees":false,"pass_canopy":false,"pass_dist":false,"score":0,"mock":true}},{"type":"Feature","id":1121,"geometry":{"type":"Polygon","coordinates":[[[71.444,51.20498],[71.45,51.20498],[71.45,51.20876],[71.444,51.20876],[71.444,51.20498]]]},"properties":{"id":1121,"trees":2,"canopy":9,"park_dist":880,"pass_trees":false,"pass_canopy":false,"pass_dist":false,"score":0,"mock":true}},{"type":"Feature","id":1122,"geometry":{"type":"Polygon","coordinates":[[[71.444,51.20876],[71.45,51.20876],[71.45,51.21254],[71.444,51.21254],[71.444,51.20876]]]},"properties":{"id":1122,"trees":3,"canopy":11,"park_dist":898,"pass_trees":true,"pass_canopy":false,"pass_dist":false,"score":1,"mock":true}},{"type":"Feature","id":1123,"geometry":{"type":"Polygon","coordinates":[[[71.444,51.21254],[71.45,51.21254],[71.45,51.21632],[71.444,51.21632],[71.444,51.21254]]]},"properties":{"id":1123,"trees":3,"canopy":14,"park_dist":808,"pass_trees":true,"pass_canopy":false,"pass_dist":false,"score":1,"mock":true}},{"type":"Feature","id":1124,"geometry":{"type":"Polygon","coordinates":[[[71.444,51.21632],[71.45,51.21632],[71.45,51.2201],[71.444,51.2201],[71.444,51.21632]]]},"properties":{"id":1124,"trees":3,"canopy":15,"park_dist":768,"pass_trees":true,"pass_canopy":false,"pass_dist":false,"score":1,"mock":true}},{"type":"Feature","id":1125,"geometry":{"type":"Polygon","coordinates":[[[71.45,51.05],[71.456,51.05],[71.456,51.05378],[71.45,51.05378],[71.45,51.05]]]},"properties":{"id":1125,"trees":3,"canopy":16,"park_dist":725,"pass_trees":true,"pass_canopy":false,"pass_dist":false,"score":1,"mock":true}},{"type":"Feature","id":1126,"geometry":{"type":"Polygon","coordinates":[[[71.45,51.05378],[71.456,51.05378],[71.456,51.05756],[71.45,51.05756],[71.45,51.05378]]]},"properties":{"id":1126,"trees":3,"canopy":14,"park_dist":771,"pass_trees":true,"pass_canopy":false,"pass_dist":false,"score":1,"mock":true}},{"type":"Feature","id":1127,"geometry":{"type":"Polygon","coordinates":[[[71.45,51.05756],[71.456,51.05756],[71.456,51.06134],[71.45,51.06134],[71.45,51.05756]]]},"properties":{"id":1127,"trees":2,"canopy":12,"park_dist":832,"pass_trees":false,"pass_canopy":false,"pass_dist":false,"score":0,"mock":true}},{"type":"Feature","id":1128,"geometry":{"type":"Polygon","coordinates":[[[71.45,51.06134],[71.456,51.06134],[71.456,51.06512],[71.45,51.06512],[71.45,51.06134]]]},"properties":{"id":1128,"trees":2,"canopy":11,"park_dist":974,"pass_trees":false,"pass_canopy":false,"pass_dist":false,"score":0,"mock":true}},{"type":"Feature","id":1129,"geometry":{"type":"Polygon","coordinates":[[[71.45,51.06512],[71.456,51.06512],[71.456,51.0689],[71.45,51.0689],[71.45,51.06512]]]},"properties":{"id":1129,"trees":2,"canopy":15,"park_dist":876,"pass_trees":false,"pass_canopy":false,"pass_dist":false,"score":0,"mock":true}},{"type":"Feature","id":1130,"geometry":{"type":"Polygon","coordinates":[[[71.45,51.0689],[71.456,51.0689],[71.456,51.07268],[71.45,51.07268],[71.45,51.0689]]]},"properties":{"id":1130,"trees":3,"canopy":14,"park_dist":783,"pass_trees":true,"pass_canopy":false,"pass_dist":false,"score":1,"mock":true}},{"type":"Feature","id":1131,"geometry":{"type":"Polygon","coordinates":[[[71.45,51.07268],[71.456,51.07268],[71.456,51.07646],[71.45,51.07646],[71.45,51.07268]]]},"properties":{"id":1131,"trees":3,"canopy":16,"park_dist":726,"pass_trees":true,"pass_canopy":false,"pass_dist":false,"score":1,"mock":true}},{"type":"Feature","id":1132,"geometry":{"type":"Polygon","coordinates":[[[71.45,51.07646],[71.456,51.07646],[71.456,51.08024],[71.45,51.08024],[71.45,51.07646]]]},"properties":{"id":1132,"trees":3,"canopy":15,"park_dist":756,"pass_trees":true,"pass_canopy":false,"pass_dist":false,"score":1,"mock":true}},{"type":"Feature","id":1133,"geometry":{"type":"Polygon","coordinates":[[[71.45,51.08024],[71.456,51.08024],[71.456,51.08402],[71.45,51.08402],[71.45,51.08024]]]},"properties":{"id":1133,"trees":3,"canopy":16,"park_dist":735,"pass_trees":true,"pass_canopy":false,"pass_dist":false,"score":1,"mock":true}},{"type":"Feature","id":1134,"geometry":{"type":"Polygon","coordinates":[[[71.45,51.08402],[71.456,51.08402],[71.456,51.0878],[71.45,51.0878],[71.45,51.08402]]]},"properties":{"id":1134,"trees":4,"canopy":21,"park_dist":740,"pass_trees":true,"pass_canopy":false,"pass_dist":false,"score":1,"mock":true}},{"type":"Feature","id":1135,"geometry":{"type":"Polygon","coordinates":[[[71.45,51.0878],[71.456,51.0878],[71.456,51.09158],[71.45,51.09158],[71.45,51.0878]]]},"properties":{"id":1135,"trees":3,"canopy":19,"park_dist":806,"pass_trees":true,"pass_canopy":false,"pass_dist":false,"score":1,"mock":true}},{"type":"Feature","id":1136,"geometry":{"type":"Polygon","coordinates":[[[71.45,51.09158],[71.456,51.09158],[71.456,51.09536],[71.45,51.09536],[71.45,51.09158]]]},"properties":{"id":1136,"trees":4,"canopy":23,"park_dist":587,"pass_trees":true,"pass_canopy":false,"pass_dist":false,"score":1,"mock":true}},{"type":"Feature","id":1137,"geometry":{"type":"Polygon","coordinates":[[[71.45,51.09536],[71.456,51.09536],[71.456,51.09914],[71.45,51.09914],[71.45,51.09536]]]},"properties":{"id":1137,"trees":5,"canopy":32,"park_dist":448,"pass_trees":true,"pass_canopy":true,"pass_dist":false,"score":2,"mock":true}},{"type":"Feature","id":1138,"geometry":{"type":"Polygon","coordinates":[[[71.45,51.09914],[71.456,51.09914],[71.456,51.10292],[71.45,51.10292],[71.45,51.09914]]]},"properties":{"id":1138,"trees":6,"canopy":34,"park_dist":259,"pass_trees":true,"pass_canopy":true,"pass_dist":true,"score":3,"mock":true}},{"type":"Feature","id":1139,"geometry":{"type":"Polygon","coordinates":[[[71.45,51.10292],[71.456,51.10292],[71.456,51.1067],[71.45,51.1067],[71.45,51.10292]]]},"properties":{"id":1139,"trees":6,"canopy":40,"park_dist":211,"pass_trees":true,"pass_canopy":true,"pass_dist":true,"score":3,"mock":true}},{"type":"Feature","id":1140,"geometry":{"type":"Polygon","coordinates":[[[71.45,51.1067],[71.456,51.1067],[71.456,51.11048],[71.45,51.11048],[71.45,51.1067]]]},"properties":{"id":1140,"trees":7,"canopy":44,"park_dist":106,"pass_trees":true,"pass_canopy":true,"pass_dist":true,"score":3,"mock":true}},{"type":"Feature","id":1141,"geometry":{"type":"Polygon","coordinates":[[[71.45,51.11048],[71.456,51.11048],[71.456,51.11426],[71.45,51.11426],[71.45,51.11048]]]},"properties":{"id":1141,"trees":8,"canopy":43,"park_dist":55,"pass_trees":true,"pass_canopy":true,"pass_dist":true,"score":3,"mock":true}},{"type":"Feature","id":1142,"geometry":{"type":"Polygon","coordinates":[[[71.45,51.11426],[71.456,51.11426],[71.456,51.11804],[71.45,51.11804],[71.45,51.11426]]]},"properties":{"id":1142,"trees":8,"canopy":43,"park_dist":60,"pass_trees":true,"pass_canopy":true,"pass_dist":true,"score":3,"mock":true}},{"type":"Feature","id":1143,"geometry":{"type":"Polygon","coordinates":[[[71.45,51.11804],[71.456,51.11804],[71.456,51.12182],[71.45,51.12182],[71.45,51.11804]]]},"properties":{"id":1143,"trees":9,"canopy":41,"park_dist":81,"pass_trees":true,"pass_canopy":true,"pass_dist":true,"score":3,"mock":true}},{"type":"Feature","id":1144,"geometry":{"type":"Polygon","coordinates":[[[71.45,51.12182],[71.456,51.12182],[71.456,51.1256],[71.45,51.1256],[71.45,51.12182]]]},"properties":{"id":1144,"trees":8,"canopy":44,"park_dist":48,"pass_trees":true,"pass_canopy":true,"pass_dist":true,"score":3,"mock":true}},{"type":"Feature","id":1145,"geometry":{"type":"Polygon","coordinates":[[[71.45,51.1256],[71.456,51.1256],[71.456,51.12938],[71.45,51.12938],[71.45,51.1256]]]},"properties":{"id":1145,"trees":7,"canopy":47,"park_dist":40,"pass_trees":true,"pass_canopy":true,"pass_dist":true,"score":3,"mock":true}},{"type":"Feature","id":1146,"geometry":{"type":"Polygon","coordinates":[[[71.45,51.12938],[71.456,51.12938],[71.456,51.13316],[71.45,51.13316],[71.45,51.12938]]]},"properties":{"id":1146,"trees":8,"canopy":46,"park_dist":40,"pass_trees":true,"pass_canopy":true,"pass_dist":true,"score":3,"mock":true}},{"type":"Feature","id":1147,"geometry":{"type":"Polygon","coordinates":[[[71.45,51.13316],[71.456,51.13316],[71.456,51.13694],[71.45,51.13694],[71.45,51.13316]]]},"properties":{"id":1147,"trees":8,"canopy":45,"park_dist":47,"pass_trees":true,"pass_canopy":true,"pass_dist":true,"score":3,"mock":true}},{"type":"Feature","id":1148,"geometry":{"type":"Polygon","coordinates":[[[71.45,51.13694],[71.456,51.13694],[71.456,51.14072],[71.45,51.14072],[71.45,51.13694]]]},"properties":{"id":1148,"trees":8,"canopy":47,"park_dist":121,"pass_trees":true,"pass_canopy":true,"pass_dist":true,"score":3,"mock":true}},{"type":"Feature","id":1149,"geometry":{"type":"Polygon","coordinates":[[[71.45,51.14072],[71.456,51.14072],[71.456,51.1445],[71.45,51.1445],[71.45,51.14072]]]},"properties":{"id":1149,"trees":8,"canopy":46,"park_dist":75,"pass_trees":true,"pass_canopy":true,"pass_dist":true,"score":3,"mock":true}},{"type":"Feature","id":1150,"geometry":{"type":"Polygon","coordinates":[[[71.45,51.1445],[71.456,51.1445],[71.456,51.14828],[71.45,51.14828],[71.45,51.1445]]]},"properties":{"id":1150,"trees":8,"canopy":45,"park_dist":90,"pass_trees":true,"pass_canopy":true,"pass_dist":true,"score":3,"mock":true}},{"type":"Feature","id":1151,"geometry":{"type":"Polygon","coordinates":[[[71.45,51.14828],[71.456,51.14828],[71.456,51.15206],[71.45,51.15206],[71.45,51.14828]]]},"properties":{"id":1151,"trees":8,"canopy":43,"park_dist":142,"pass_trees":true,"pass_canopy":true,"pass_dist":true,"score":3,"mock":true}},{"type":"Feature","id":1152,"geometry":{"type":"Polygon","coordinates":[[[71.45,51.15206],[71.456,51.15206],[71.456,51.15584],[71.45,51.15584],[71.45,51.15206]]]},"properties":{"id":1152,"trees":8,"canopy":44,"park_dist":78,"pass_trees":true,"pass_canopy":true,"pass_dist":true,"score":3,"mock":true}},{"type":"Feature","id":1153,"geometry":{"type":"Polygon","coordinates":[[[71.45,51.15584],[71.456,51.15584],[71.456,51.15962],[71.45,51.15962],[71.45,51.15584]]]},"properties":{"id":1153,"trees":6,"canopy":39,"park_dist":217,"pass_trees":true,"pass_canopy":true,"pass_dist":true,"score":3,"mock":true}},{"type":"Feature","id":1154,"geometry":{"type":"Polygon","coordinates":[[[71.45,51.15962],[71.456,51.15962],[71.456,51.1634],[71.45,51.1634],[71.45,51.15962]]]},"properties":{"id":1154,"trees":7,"canopy":33,"park_dist":312,"pass_trees":true,"pass_canopy":true,"pass_dist":false,"score":2,"mock":true}},{"type":"Feature","id":1155,"geometry":{"type":"Polygon","coordinates":[[[71.45,51.1634],[71.456,51.1634],[71.456,51.16718],[71.45,51.16718],[71.45,51.1634]]]},"properties":{"id":1155,"trees":5,"canopy":33,"park_dist":400,"pass_trees":true,"pass_canopy":true,"pass_dist":false,"score":2,"mock":true}},{"type":"Feature","id":1156,"geometry":{"type":"Polygon","coordinates":[[[71.45,51.16718],[71.456,51.16718],[71.456,51.17096],[71.45,51.17096],[71.45,51.16718]]]},"properties":{"id":1156,"trees":5,"canopy":30,"park_dist":468,"pass_trees":true,"pass_canopy":true,"pass_dist":false,"score":2,"mock":true}},{"type":"Feature","id":1157,"geometry":{"type":"Polygon","coordinates":[[[71.45,51.17096],[71.456,51.17096],[71.456,51.17474],[71.45,51.17474],[71.45,51.17096]]]},"properties":{"id":1157,"trees":4,"canopy":26,"park_dist":535,"pass_trees":true,"pass_canopy":false,"pass_dist":false,"score":1,"mock":true}},{"type":"Feature","id":1158,"geometry":{"type":"Polygon","coordinates":[[[71.45,51.17474],[71.456,51.17474],[71.456,51.17852],[71.45,51.17852],[71.45,51.17474]]]},"properties":{"id":1158,"trees":3,"canopy":20,"park_dist":617,"pass_trees":true,"pass_canopy":false,"pass_dist":false,"score":1,"mock":true}},{"type":"Feature","id":1159,"geometry":{"type":"Polygon","coordinates":[[[71.45,51.17852],[71.456,51.17852],[71.456,51.1823],[71.45,51.1823],[71.45,51.17852]]]},"properties":{"id":1159,"trees":4,"canopy":19,"park_dist":642,"pass_trees":true,"pass_canopy":false,"pass_dist":false,"score":1,"mock":true}},{"type":"Feature","id":1160,"geometry":{"type":"Polygon","coordinates":[[[71.45,51.1823],[71.456,51.1823],[71.456,51.18608],[71.45,51.18608],[71.45,51.1823]]]},"properties":{"id":1160,"trees":3,"canopy":18,"park_dist":691,"pass_trees":true,"pass_canopy":false,"pass_dist":false,"score":1,"mock":true}},{"type":"Feature","id":1161,"geometry":{"type":"Polygon","coordinates":[[[71.45,51.18608],[71.456,51.18608],[71.456,51.18986],[71.45,51.18986],[71.45,51.18608]]]},"properties":{"id":1161,"trees":3,"canopy":14,"park_dist":747,"pass_trees":true,"pass_canopy":false,"pass_dist":false,"score":1,"mock":true}},{"type":"Feature","id":1162,"geometry":{"type":"Polygon","coordinates":[[[71.45,51.18986],[71.456,51.18986],[71.456,51.19364],[71.45,51.19364],[71.45,51.18986]]]},"properties":{"id":1162,"trees":2,"canopy":17,"park_dist":735,"pass_trees":false,"pass_canopy":false,"pass_dist":false,"score":0,"mock":true}},{"type":"Feature","id":1163,"geometry":{"type":"Polygon","coordinates":[[[71.45,51.19364],[71.456,51.19364],[71.456,51.19742],[71.45,51.19742],[71.45,51.19364]]]},"properties":{"id":1163,"trees":3,"canopy":17,"park_dist":863,"pass_trees":true,"pass_canopy":false,"pass_dist":false,"score":1,"mock":true}},{"type":"Feature","id":1164,"geometry":{"type":"Polygon","coordinates":[[[71.45,51.19742],[71.456,51.19742],[71.456,51.2012],[71.45,51.2012],[71.45,51.19742]]]},"properties":{"id":1164,"trees":3,"canopy":18,"park_dist":724,"pass_trees":true,"pass_canopy":false,"pass_dist":false,"score":1,"mock":true}},{"type":"Feature","id":1165,"geometry":{"type":"Polygon","coordinates":[[[71.45,51.2012],[71.456,51.2012],[71.456,51.20498],[71.45,51.20498],[71.45,51.2012]]]},"properties":{"id":1165,"trees":3,"canopy":15,"park_dist":785,"pass_trees":true,"pass_canopy":false,"pass_dist":false,"score":1,"mock":true}},{"type":"Feature","id":1166,"geometry":{"type":"Polygon","coordinates":[[[71.45,51.20498],[71.456,51.20498],[71.456,51.20876],[71.45,51.20876],[71.45,51.20498]]]},"properties":{"id":1166,"trees":2,"canopy":13,"park_dist":773,"pass_trees":false,"pass_canopy":false,"pass_dist":false,"score":0,"mock":true}},{"type":"Feature","id":1167,"geometry":{"type":"Polygon","coordinates":[[[71.45,51.20876],[71.456,51.20876],[71.456,51.21254],[71.45,51.21254],[71.45,51.20876]]]},"properties":{"id":1167,"trees":2,"canopy":15,"park_dist":886,"pass_trees":false,"pass_canopy":false,"pass_dist":false,"score":0,"mock":true}},{"type":"Feature","id":1168,"geometry":{"type":"Polygon","coordinates":[[[71.45,51.21254],[71.456,51.21254],[71.456,51.21632],[71.45,51.21632],[71.45,51.21254]]]},"properties":{"id":1168,"trees":3,"canopy":11,"park_dist":800,"pass_trees":true,"pass_canopy":false,"pass_dist":false,"score":1,"mock":true}},{"type":"Feature","id":1169,"geometry":{"type":"Polygon","coordinates":[[[71.45,51.21632],[71.456,51.21632],[71.456,51.2201],[71.45,51.2201],[71.45,51.21632]]]},"properties":{"id":1169,"trees":3,"canopy":15,"park_dist":860,"pass_trees":true,"pass_canopy":false,"pass_dist":false,"score":1,"mock":true}},{"type":"Feature","id":1170,"geometry":{"type":"Polygon","coordinates":[[[71.456,51.05],[71.462,51.05],[71.462,51.05378],[71.456,51.05378],[71.456,51.05]]]},"properties":{"id":1170,"trees":2,"canopy":20,"park_dist":801,"pass_trees":false,"pass_canopy":false,"pass_dist":false,"score":0,"mock":true}},{"type":"Feature","id":1171,"geometry":{"type":"Polygon","coordinates":[[[71.456,51.05378],[71.462,51.05378],[71.462,51.05756],[71.456,51.05756],[71.456,51.05378]]]},"properties":{"id":1171,"trees":2,"canopy":13,"park_dist":883,"pass_trees":false,"pass_canopy":false,"pass_dist":false,"score":0,"mock":true}},{"type":"Feature","id":1172,"geometry":{"type":"Polygon","coordinates":[[[71.456,51.05756],[71.462,51.05756],[71.462,51.06134],[71.456,51.06134],[71.456,51.05756]]]},"properties":{"id":1172,"trees":2,"canopy":17,"park_dist":756,"pass_trees":false,"pass_canopy":false,"pass_dist":false,"score":0,"mock":true}},{"type":"Feature","id":1173,"geometry":{"type":"Polygon","coordinates":[[[71.456,51.06134],[71.462,51.06134],[71.462,51.06512],[71.456,51.06512],[71.456,51.06134]]]},"properties":{"id":1173,"trees":2,"canopy":14,"park_dist":881,"pass_trees":false,"pass_canopy":false,"pass_dist":false,"score":0,"mock":true}},{"type":"Feature","id":1174,"geometry":{"type":"Polygon","coordinates":[[[71.456,51.06512],[71.462,51.06512],[71.462,51.0689],[71.456,51.0689],[71.456,51.06512]]]},"properties":{"id":1174,"trees":3,"canopy":16,"park_dist":839,"pass_trees":true,"pass_canopy":false,"pass_dist":false,"score":1,"mock":true}},{"type":"Feature","id":1175,"geometry":{"type":"Polygon","coordinates":[[[71.456,51.0689],[71.462,51.0689],[71.462,51.07268],[71.456,51.07268],[71.456,51.0689]]]},"properties":{"id":1175,"trees":3,"canopy":19,"park_dist":756,"pass_trees":true,"pass_canopy":false,"pass_dist":false,"score":1,"mock":true}},{"type":"Feature","id":1176,"geometry":{"type":"Polygon","coordinates":[[[71.456,51.07268],[71.462,51.07268],[71.462,51.07646],[71.456,51.07646],[71.456,51.07268]]]},"properties":{"id":1176,"trees":3,"canopy":18,"park_dist":800,"pass_trees":true,"pass_canopy":false,"pass_dist":false,"score":1,"mock":true}},{"type":"Feature","id":1177,"geometry":{"type":"Polygon","coordinates":[[[71.456,51.07646],[71.462,51.07646],[71.462,51.08024],[71.456,51.08024],[71.456,51.07646]]]},"properties":{"id":1177,"trees":3,"canopy":15,"park_dist":810,"pass_trees":true,"pass_canopy":false,"pass_dist":false,"score":1,"mock":true}},{"type":"Feature","id":1178,"geometry":{"type":"Polygon","coordinates":[[[71.456,51.08024],[71.462,51.08024],[71.462,51.08402],[71.456,51.08402],[71.456,51.08024]]]},"properties":{"id":1178,"trees":4,"canopy":17,"park_dist":749,"pass_trees":true,"pass_canopy":false,"pass_dist":false,"score":1,"mock":true}},{"type":"Feature","id":1179,"geometry":{"type":"Polygon","coordinates":[[[71.456,51.08402],[71.462,51.08402],[71.462,51.0878],[71.456,51.0878],[71.456,51.08402]]]},"properties":{"id":1179,"trees":3,"canopy":18,"park_dist":686,"pass_trees":true,"pass_canopy":false,"pass_dist":false,"score":1,"mock":true}},{"type":"Feature","id":1180,"geometry":{"type":"Polygon","coordinates":[[[71.456,51.0878],[71.462,51.0878],[71.462,51.09158],[71.456,51.09158],[71.456,51.0878]]]},"properties":{"id":1180,"trees":4,"canopy":22,"park_dist":637,"pass_trees":true,"pass_canopy":false,"pass_dist":false,"score":1,"mock":true}},{"type":"Feature","id":1181,"geometry":{"type":"Polygon","coordinates":[[[71.456,51.09158],[71.462,51.09158],[71.462,51.09536],[71.456,51.09536],[71.456,51.09158]]]},"properties":{"id":1181,"trees":4,"canopy":19,"park_dist":619,"pass_trees":true,"pass_canopy":false,"pass_dist":false,"score":1,"mock":true}},{"type":"Feature","id":1182,"geometry":{"type":"Polygon","coordinates":[[[71.456,51.09536],[71.462,51.09536],[71.462,51.09914],[71.456,51.09914],[71.456,51.09536]]]},"properties":{"id":1182,"trees":5,"canopy":31,"park_dist":493,"pass_trees":true,"pass_canopy":true,"pass_dist":false,"score":2,"mock":true}},{"type":"Feature","id":1183,"geometry":{"type":"Polygon","coordinates":[[[71.456,51.09914],[71.462,51.09914],[71.462,51.10292],[71.456,51.10292],[71.456,51.09914]]]},"properties":{"id":1183,"trees":6,"canopy":32,"park_dist":385,"pass_trees":true,"pass_canopy":true,"pass_dist":false,"score":2,"mock":true}},{"type":"Feature","id":1184,"geometry":{"type":"Polygon","coordinates":[[[71.456,51.10292],[71.462,51.10292],[71.462,51.1067],[71.456,51.1067],[71.456,51.10292]]]},"properties":{"id":1184,"trees":7,"canopy":34,"park_dist":287,"pass_trees":true,"pass_canopy":true,"pass_dist":true,"score":3,"mock":true}},{"type":"Feature","id":1185,"geometry":{"type":"Polygon","coordinates":[[[71.456,51.1067],[71.462,51.1067],[71.462,51.11048],[71.456,51.11048],[71.456,51.1067]]]},"properties":{"id":1185,"trees":8,"canopy":45,"park_dist":105,"pass_trees":true,"pass_canopy":true,"pass_dist":true,"score":3,"mock":true}},{"type":"Feature","id":1186,"geometry":{"type":"Polygon","coordinates":[[[71.456,51.11048],[71.462,51.11048],[71.462,51.11426],[71.456,51.11426],[71.456,51.11048]]]},"properties":{"id":1186,"trees":7,"canopy":49,"park_dist":41,"pass_trees":true,"pass_canopy":true,"pass_dist":true,"score":3,"mock":true}},{"type":"Feature","id":1187,"geometry":{"type":"Polygon","coordinates":[[[71.456,51.11426],[71.462,51.11426],[71.462,51.11804],[71.456,51.11804],[71.456,51.11426]]]},"properties":{"id":1187,"trees":7,"canopy":45,"park_dist":40,"pass_trees":true,"pass_canopy":true,"pass_dist":true,"score":3,"mock":true}},{"type":"Feature","id":1188,"geometry":{"type":"Polygon","coordinates":[[[71.456,51.11804],[71.462,51.11804],[71.462,51.12182],[71.456,51.12182],[71.456,51.11804]]]},"properties":{"id":1188,"trees":9,"canopy":40,"park_dist":40,"pass_trees":true,"pass_canopy":true,"pass_dist":true,"score":3,"mock":true}},{"type":"Feature","id":1189,"geometry":{"type":"Polygon","coordinates":[[[71.456,51.12182],[71.462,51.12182],[71.462,51.1256],[71.456,51.1256],[71.456,51.12182]]]},"properties":{"id":1189,"trees":9,"canopy":45,"park_dist":43,"pass_trees":true,"pass_canopy":true,"pass_dist":true,"score":3,"mock":true}},{"type":"Feature","id":1190,"geometry":{"type":"Polygon","coordinates":[[[71.456,51.1256],[71.462,51.1256],[71.462,51.12938],[71.456,51.12938],[71.456,51.1256]]]},"properties":{"id":1190,"trees":9,"canopy":46,"park_dist":147,"pass_trees":true,"pass_canopy":true,"pass_dist":true,"score":3,"mock":true}},{"type":"Feature","id":1191,"geometry":{"type":"Polygon","coordinates":[[[71.456,51.12938],[71.462,51.12938],[71.462,51.13316],[71.456,51.13316],[71.456,51.12938]]]},"properties":{"id":1191,"trees":7,"canopy":43,"park_dist":40,"pass_trees":true,"pass_canopy":true,"pass_dist":true,"score":3,"mock":true}},{"type":"Feature","id":1192,"geometry":{"type":"Polygon","coordinates":[[[71.456,51.13316],[71.462,51.13316],[71.462,51.13694],[71.456,51.13694],[71.456,51.13316]]]},"properties":{"id":1192,"trees":9,"canopy":45,"park_dist":40,"pass_trees":true,"pass_canopy":true,"pass_dist":true,"score":3,"mock":true}},{"type":"Feature","id":1193,"geometry":{"type":"Polygon","coordinates":[[[71.456,51.13694],[71.462,51.13694],[71.462,51.14072],[71.456,51.14072],[71.456,51.13694]]]},"properties":{"id":1193,"trees":8,"canopy":49,"park_dist":141,"pass_trees":true,"pass_canopy":true,"pass_dist":true,"score":3,"mock":true}},{"type":"Feature","id":1194,"geometry":{"type":"Polygon","coordinates":[[[71.456,51.14072],[71.462,51.14072],[71.462,51.1445],[71.456,51.1445],[71.456,51.14072]]]},"properties":{"id":1194,"trees":9,"canopy":42,"park_dist":107,"pass_trees":true,"pass_canopy":true,"pass_dist":true,"score":3,"mock":true}},{"type":"Feature","id":1195,"geometry":{"type":"Polygon","coordinates":[[[71.456,51.1445],[71.462,51.1445],[71.462,51.14828],[71.456,51.14828],[71.456,51.1445]]]},"properties":{"id":1195,"trees":8,"canopy":43,"park_dist":145,"pass_trees":true,"pass_canopy":true,"pass_dist":true,"score":3,"mock":true}},{"type":"Feature","id":1196,"geometry":{"type":"Polygon","coordinates":[[[71.456,51.14828],[71.462,51.14828],[71.462,51.15206],[71.456,51.15206],[71.456,51.14828]]]},"properties":{"id":1196,"trees":7,"canopy":38,"park_dist":203,"pass_trees":true,"pass_canopy":true,"pass_dist":true,"score":3,"mock":true}},{"type":"Feature","id":1197,"geometry":{"type":"Polygon","coordinates":[[[71.456,51.15206],[71.462,51.15206],[71.462,51.15584],[71.456,51.15584],[71.456,51.15206]]]},"properties":{"id":1197,"trees":6,"canopy":34,"park_dist":285,"pass_trees":true,"pass_canopy":true,"pass_dist":true,"score":3,"mock":true}},{"type":"Feature","id":1198,"geometry":{"type":"Polygon","coordinates":[[[71.456,51.15584],[71.462,51.15584],[71.462,51.15962],[71.456,51.15962],[71.456,51.15584]]]},"properties":{"id":1198,"trees":6,"canopy":32,"park_dist":355,"pass_trees":true,"pass_canopy":true,"pass_dist":false,"score":2,"mock":true}},{"type":"Feature","id":1199,"geometry":{"type":"Polygon","coordinates":[[[71.456,51.15962],[71.462,51.15962],[71.462,51.1634],[71.456,51.1634],[71.456,51.15962]]]},"properties":{"id":1199,"trees":5,"canopy":29,"park_dist":443,"pass_trees":true,"pass_canopy":false,"pass_dist":false,"score":1,"mock":true}},{"type":"Feature","id":1200,"geometry":{"type":"Polygon","coordinates":[[[71.456,51.1634],[71.462,51.1634],[71.462,51.16718],[71.456,51.16718],[71.456,51.1634]]]},"properties":{"id":1200,"trees":5,"canopy":28,"park_dist":387,"pass_trees":true,"pass_canopy":false,"pass_dist":false,"score":1,"mock":true}},{"type":"Feature","id":1201,"geometry":{"type":"Polygon","coordinates":[[[71.456,51.16718],[71.462,51.16718],[71.462,51.17096],[71.456,51.17096],[71.456,51.16718]]]},"properties":{"id":1201,"trees":4,"canopy":22,"park_dist":558,"pass_trees":true,"pass_canopy":false,"pass_dist":false,"score":1,"mock":true}},{"type":"Feature","id":1202,"geometry":{"type":"Polygon","coordinates":[[[71.456,51.17096],[71.462,51.17096],[71.462,51.17474],[71.456,51.17474],[71.456,51.17096]]]},"properties":{"id":1202,"trees":3,"canopy":17,"park_dist":716,"pass_trees":true,"pass_canopy":false,"pass_dist":false,"score":1,"mock":true}},{"type":"Feature","id":1203,"geometry":{"type":"Polygon","coordinates":[[[71.456,51.17474],[71.462,51.17474],[71.462,51.17852],[71.456,51.17852],[71.456,51.17474]]]},"properties":{"id":1203,"trees":4,"canopy":17,"park_dist":641,"pass_trees":true,"pass_canopy":false,"pass_dist":false,"score":1,"mock":true}},{"type":"Feature","id":1204,"geometry":{"type":"Polygon","coordinates":[[[71.456,51.17852],[71.462,51.17852],[71.462,51.1823],[71.456,51.1823],[71.456,51.17852]]]},"properties":{"id":1204,"trees":4,"canopy":19,"park_dist":775,"pass_trees":true,"pass_canopy":false,"pass_dist":false,"score":1,"mock":true}},{"type":"Feature","id":1205,"geometry":{"type":"Polygon","coordinates":[[[71.456,51.1823],[71.462,51.1823],[71.462,51.18608],[71.456,51.18608],[71.456,51.1823]]]},"properties":{"id":1205,"trees":2,"canopy":10,"park_dist":889,"pass_trees":false,"pass_canopy":false,"pass_dist":false,"score":0,"mock":true}},{"type":"Feature","id":1206,"geometry":{"type":"Polygon","coordinates":[[[71.456,51.18608],[71.462,51.18608],[71.462,51.18986],[71.456,51.18986],[71.456,51.18608]]]},"properties":{"id":1206,"trees":2,"canopy":13,"park_dist":804,"pass_trees":false,"pass_canopy":false,"pass_dist":false,"score":0,"mock":true}},{"type":"Feature","id":1207,"geometry":{"type":"Polygon","coordinates":[[[71.456,51.18986],[71.462,51.18986],[71.462,51.19364],[71.456,51.19364],[71.456,51.18986]]]},"properties":{"id":1207,"trees":3,"canopy":14,"park_dist":797,"pass_trees":true,"pass_canopy":false,"pass_dist":false,"score":1,"mock":true}},{"type":"Feature","id":1208,"geometry":{"type":"Polygon","coordinates":[[[71.456,51.19364],[71.462,51.19364],[71.462,51.19742],[71.456,51.19742],[71.456,51.19364]]]},"properties":{"id":1208,"trees":3,"canopy":19,"park_dist":748,"pass_trees":true,"pass_canopy":false,"pass_dist":false,"score":1,"mock":true}},{"type":"Feature","id":1209,"geometry":{"type":"Polygon","coordinates":[[[71.456,51.19742],[71.462,51.19742],[71.462,51.2012],[71.456,51.2012],[71.456,51.19742]]]},"properties":{"id":1209,"trees":2,"canopy":17,"park_dist":840,"pass_trees":false,"pass_canopy":false,"pass_dist":false,"score":0,"mock":true}},{"type":"Feature","id":1210,"geometry":{"type":"Polygon","coordinates":[[[71.456,51.2012],[71.462,51.2012],[71.462,51.20498],[71.456,51.20498],[71.456,51.2012]]]},"properties":{"id":1210,"trees":3,"canopy":17,"park_dist":823,"pass_trees":true,"pass_canopy":false,"pass_dist":false,"score":1,"mock":true}},{"type":"Feature","id":1211,"geometry":{"type":"Polygon","coordinates":[[[71.456,51.20498],[71.462,51.20498],[71.462,51.20876],[71.456,51.20876],[71.456,51.20498]]]},"properties":{"id":1211,"trees":3,"canopy":19,"park_dist":805,"pass_trees":true,"pass_canopy":false,"pass_dist":false,"score":1,"mock":true}},{"type":"Feature","id":1212,"geometry":{"type":"Polygon","coordinates":[[[71.456,51.20876],[71.462,51.20876],[71.462,51.21254],[71.456,51.21254],[71.456,51.20876]]]},"properties":{"id":1212,"trees":2,"canopy":12,"park_dist":857,"pass_trees":false,"pass_canopy":false,"pass_dist":false,"score":0,"mock":true}},{"type":"Feature","id":1213,"geometry":{"type":"Polygon","coordinates":[[[71.456,51.21254],[71.462,51.21254],[71.462,51.21632],[71.456,51.21632],[71.456,51.21254]]]},"properties":{"id":1213,"trees":3,"canopy":13,"park_dist":834,"pass_trees":true,"pass_canopy":false,"pass_dist":false,"score":1,"mock":true}},{"type":"Feature","id":1214,"geometry":{"type":"Polygon","coordinates":[[[71.456,51.21632],[71.462,51.21632],[71.462,51.2201],[71.456,51.2201],[71.456,51.21632]]]},"properties":{"id":1214,"trees":3,"canopy":19,"park_dist":796,"pass_trees":true,"pass_canopy":false,"pass_dist":false,"score":1,"mock":true}},{"type":"Feature","id":1215,"geometry":{"type":"Polygon","coordinates":[[[71.462,51.05],[71.468,51.05],[71.468,51.05378],[71.462,51.05378],[71.462,51.05]]]},"properties":{"id":1215,"trees":2,"canopy":9,"park_dist":886,"pass_trees":false,"pass_canopy":false,"pass_dist":false,"score":0,"mock":true}},{"type":"Feature","id":1216,"geometry":{"type":"Polygon","coordinates":[[[71.462,51.05378],[71.468,51.05378],[71.468,51.05756],[71.462,51.05756],[71.462,51.05378]]]},"properties":{"id":1216,"trees":3,"canopy":12,"park_dist":930,"pass_trees":true,"pass_canopy":false,"pass_dist":false,"score":1,"mock":true}},{"type":"Feature","id":1217,"geometry":{"type":"Polygon","coordinates":[[[71.462,51.05756],[71.468,51.05756],[71.468,51.06134],[71.462,51.06134],[71.462,51.05756]]]},"properties":{"id":1217,"trees":2,"canopy":20,"park_dist":832,"pass_trees":false,"pass_canopy":false,"pass_dist":false,"score":0,"mock":true}},{"type":"Feature","id":1218,"geometry":{"type":"Polygon","coordinates":[[[71.462,51.06134],[71.468,51.06134],[71.468,51.06512],[71.462,51.06512],[71.462,51.06134]]]},"properties":{"id":1218,"trees":2,"canopy":9,"park_dist":937,"pass_trees":false,"pass_canopy":false,"pass_dist":false,"score":0,"mock":true}},{"type":"Feature","id":1219,"geometry":{"type":"Polygon","coordinates":[[[71.462,51.06512],[71.468,51.06512],[71.468,51.0689],[71.462,51.0689],[71.462,51.06512]]]},"properties":{"id":1219,"trees":2,"canopy":13,"park_dist":857,"pass_trees":false,"pass_canopy":false,"pass_dist":false,"score":0,"mock":true}},{"type":"Feature","id":1220,"geometry":{"type":"Polygon","coordinates":[[[71.462,51.0689],[71.468,51.0689],[71.468,51.07268],[71.462,51.07268],[71.462,51.0689]]]},"properties":{"id":1220,"trees":3,"canopy":12,"park_dist":825,"pass_trees":true,"pass_canopy":false,"pass_dist":false,"score":1,"mock":true}},{"type":"Feature","id":1221,"geometry":{"type":"Polygon","coordinates":[[[71.462,51.07268],[71.468,51.07268],[71.468,51.07646],[71.462,51.07646],[71.462,51.07268]]]},"properties":{"id":1221,"trees":2,"canopy":15,"park_dist":757,"pass_trees":false,"pass_canopy":false,"pass_dist":false,"score":0,"mock":true}},{"type":"Feature","id":1222,"geometry":{"type":"Polygon","coordinates":[[[71.462,51.07646],[71.468,51.07646],[71.468,51.08024],[71.462,51.08024],[71.462,51.07646]]]},"properties":{"id":1222,"trees":3,"canopy":22,"park_dist":759,"pass_trees":true,"pass_canopy":false,"pass_dist":false,"score":1,"mock":true}},{"type":"Feature","id":1223,"geometry":{"type":"Polygon","coordinates":[[[71.462,51.08024],[71.468,51.08024],[71.468,51.08402],[71.462,51.08402],[71.462,51.08024]]]},"properties":{"id":1223,"trees":3,"canopy":21,"park_dist":759,"pass_trees":true,"pass_canopy":false,"pass_dist":false,"score":1,"mock":true}},{"type":"Feature","id":1224,"geometry":{"type":"Polygon","coordinates":[[[71.462,51.08402],[71.468,51.08402],[71.468,51.0878],[71.462,51.0878],[71.462,51.08402]]]},"properties":{"id":1224,"trees":4,"canopy":18,"park_dist":724,"pass_trees":true,"pass_canopy":false,"pass_dist":false,"score":1,"mock":true}},{"type":"Feature","id":1225,"geometry":{"type":"Polygon","coordinates":[[[71.462,51.0878],[71.468,51.0878],[71.468,51.09158],[71.462,51.09158],[71.462,51.0878]]]},"properties":{"id":1225,"trees":4,"canopy":21,"park_dist":678,"pass_trees":true,"pass_canopy":false,"pass_dist":false,"score":1,"mock":true}},{"type":"Feature","id":1226,"geometry":{"type":"Polygon","coordinates":[[[71.462,51.09158],[71.468,51.09158],[71.468,51.09536],[71.462,51.09536],[71.462,51.09158]]]},"properties":{"id":1226,"trees":5,"canopy":24,"park_dist":564,"pass_trees":true,"pass_canopy":false,"pass_dist":false,"score":1,"mock":true}},{"type":"Feature","id":1227,"geometry":{"type":"Polygon","coordinates":[[[71.462,51.09536],[71.468,51.09536],[71.468,51.09914],[71.462,51.09914],[71.462,51.09536]]]},"properties":{"id":1227,"trees":5,"canopy":24,"park_dist":581,"pass_trees":true,"pass_canopy":false,"pass_dist":false,"score":1,"mock":true}},{"type":"Feature","id":1228,"geometry":{"type":"Polygon","coordinates":[[[71.462,51.09914],[71.468,51.09914],[71.468,51.10292],[71.462,51.10292],[71.462,51.09914]]]},"properties":{"id":1228,"trees":6,"canopy":38,"park_dist":254,"pass_trees":true,"pass_canopy":true,"pass_dist":true,"score":3,"mock":true}},{"type":"Feature","id":1229,"geometry":{"type":"Polygon","coordinates":[[[71.462,51.10292],[71.468,51.10292],[71.468,51.1067],[71.462,51.1067],[71.462,51.10292]]]},"properties":{"id":1229,"trees":7,"canopy":39,"park_dist":156,"pass_trees":true,"pass_canopy":true,"pass_dist":true,"score":3,"mock":true}},{"type":"Feature","id":1230,"geometry":{"type":"Polygon","coordinates":[[[71.462,51.1067],[71.468,51.1067],[71.468,51.11048],[71.462,51.11048],[71.462,51.1067]]]},"properties":{"id":1230,"trees":7,"canopy":38,"park_dist":193,"pass_trees":true,"pass_canopy":true,"pass_dist":true,"score":3,"mock":true}},{"type":"Feature","id":1231,"geometry":{"type":"Polygon","coordinates":[[[71.462,51.11048],[71.468,51.11048],[71.468,51.11426],[71.462,51.11426],[71.462,51.11048]]]},"properties":{"id":1231,"trees":8,"canopy":44,"park_dist":40,"pass_trees":true,"pass_canopy":true,"pass_dist":true,"score":3,"mock":true}},{"type":"Feature","id":1232,"geometry":{"type":"Polygon","coordinates":[[[71.462,51.11426],[71.468,51.11426],[71.468,51.11804],[71.462,51.11804],[71.462,51.11426]]]},"properties":{"id":1232,"trees":8,"canopy":41,"park_dist":70,"pass_trees":true,"pass_canopy":true,"pass_dist":true,"score":3,"mock":true}},{"type":"Feature","id":1233,"geometry":{"type":"Polygon","coordinates":[[[71.462,51.11804],[71.468,51.11804],[71.468,51.12182],[71.462,51.12182],[71.462,51.11804]]]},"properties":{"id":1233,"trees":8,"canopy":42,"park_dist":80,"pass_trees":true,"pass_canopy":true,"pass_dist":true,"score":3,"mock":true}},{"type":"Feature","id":1234,"geometry":{"type":"Polygon","coordinates":[[[71.462,51.12182],[71.468,51.12182],[71.468,51.1256],[71.462,51.1256],[71.462,51.12182]]]},"properties":{"id":1234,"trees":8,"canopy":44,"park_dist":40,"pass_trees":true,"pass_canopy":true,"pass_dist":true,"score":3,"mock":true}},{"type":"Feature","id":1235,"geometry":{"type":"Polygon","coordinates":[[[71.462,51.1256],[71.468,51.1256],[71.468,51.12938],[71.462,51.12938],[71.462,51.1256]]]},"properties":{"id":1235,"trees":8,"canopy":44,"park_dist":68,"pass_trees":true,"pass_canopy":true,"pass_dist":true,"score":3,"mock":true}},{"type":"Feature","id":1236,"geometry":{"type":"Polygon","coordinates":[[[71.462,51.12938],[71.468,51.12938],[71.468,51.13316],[71.462,51.13316],[71.462,51.12938]]]},"properties":{"id":1236,"trees":7,"canopy":44,"park_dist":40,"pass_trees":true,"pass_canopy":true,"pass_dist":true,"score":3,"mock":true}},{"type":"Feature","id":1237,"geometry":{"type":"Polygon","coordinates":[[[71.462,51.13316],[71.468,51.13316],[71.468,51.13694],[71.462,51.13694],[71.462,51.13316]]]},"properties":{"id":1237,"trees":9,"canopy":45,"park_dist":43,"pass_trees":true,"pass_canopy":true,"pass_dist":true,"score":3,"mock":true}},{"type":"Feature","id":1238,"geometry":{"type":"Polygon","coordinates":[[[71.462,51.13694],[71.468,51.13694],[71.468,51.14072],[71.462,51.14072],[71.462,51.13694]]]},"properties":{"id":1238,"trees":8,"canopy":43,"park_dist":96,"pass_trees":true,"pass_canopy":true,"pass_dist":true,"score":3,"mock":true}},{"type":"Feature","id":1239,"geometry":{"type":"Polygon","coordinates":[[[71.462,51.14072],[71.468,51.14072],[71.468,51.1445],[71.462,51.1445],[71.462,51.14072]]]},"properties":{"id":1239,"trees":7,"canopy":43,"park_dist":184,"pass_trees":true,"pass_canopy":true,"pass_dist":true,"score":3,"mock":true}},{"type":"Feature","id":1240,"geometry":{"type":"Polygon","coordinates":[[[71.462,51.1445],[71.468,51.1445],[71.468,51.14828],[71.462,51.14828],[71.462,51.1445]]]},"properties":{"id":1240,"trees":6,"canopy":32,"park_dist":270,"pass_trees":true,"pass_canopy":true,"pass_dist":true,"score":3,"mock":true}},{"type":"Feature","id":1241,"geometry":{"type":"Polygon","coordinates":[[[71.462,51.14828],[71.468,51.14828],[71.468,51.15206],[71.462,51.15206],[71.462,51.14828]]]},"properties":{"id":1241,"trees":5,"canopy":32,"park_dist":342,"pass_trees":true,"pass_canopy":true,"pass_dist":false,"score":2,"mock":true}},{"type":"Feature","id":1242,"geometry":{"type":"Polygon","coordinates":[[[71.462,51.15206],[71.468,51.15206],[71.468,51.15584],[71.462,51.15584],[71.462,51.15206]]]},"properties":{"id":1242,"trees":6,"canopy":30,"park_dist":479,"pass_trees":true,"pass_canopy":true,"pass_dist":false,"score":2,"mock":true}},{"type":"Feature","id":1243,"geometry":{"type":"Polygon","coordinates":[[[71.462,51.15584],[71.468,51.15584],[71.468,51.15962],[71.462,51.15962],[71.462,51.15584]]]},"properties":{"id":1243,"trees":4,"canopy":24,"park_dist":647,"pass_trees":true,"pass_canopy":false,"pass_dist":false,"score":1,"mock":true}},{"type":"Feature","id":1244,"geometry":{"type":"Polygon","coordinates":[[[71.462,51.15962],[71.468,51.15962],[71.468,51.1634],[71.462,51.1634],[71.462,51.15962]]]},"properties":{"id":1244,"trees":4,"canopy":22,"park_dist":604,"pass_trees":true,"pass_canopy":false,"pass_dist":false,"score":1,"mock":true}},{"type":"Feature","id":1245,"geometry":{"type":"Polygon","coordinates":[[[71.462,51.1634],[71.468,51.1634],[71.468,51.16718],[71.462,51.16718],[71.462,51.1634]]]},"properties":{"id":1245,"trees":4,"canopy":24,"park_dist":590,"pass_trees":true,"pass_canopy":false,"pass_dist":false,"score":1,"mock":true}},{"type":"Feature","id":1246,"geometry":{"type":"Polygon","coordinates":[[[71.462,51.16718],[71.468,51.16718],[71.468,51.17096],[71.462,51.17096],[71.462,51.16718]]]},"properties":{"id":1246,"trees":3,"canopy":14,"park_dist":714,"pass_trees":true,"pass_canopy":false,"pass_dist":false,"score":1,"mock":true}},{"type":"Feature","id":1247,"geometry":{"type":"Polygon","coordinates":[[[71.462,51.17096],[71.468,51.17096],[71.468,51.17474],[71.462,51.17474],[71.462,51.17096]]]},"properties":{"id":1247,"trees":3,"canopy":21,"park_dist":696,"pass_trees":true,"pass_canopy":false,"pass_dist":false,"score":1,"mock":true}},{"type":"Feature","id":1248,"geometry":{"type":"Polygon","coordinates":[[[71.462,51.17474],[71.468,51.17474],[71.468,51.17852],[71.462,51.17852],[71.462,51.17474]]]},"properties":{"id":1248,"trees":2,"canopy":11,"park_dist":864,"pass_trees":false,"pass_canopy":false,"pass_dist":false,"score":0,"mock":true}},{"type":"Feature","id":1249,"geometry":{"type":"Polygon","coordinates":[[[71.462,51.17852],[71.468,51.17852],[71.468,51.1823],[71.462,51.1823],[71.462,51.17852]]]},"properties":{"id":1249,"trees":3,"canopy":16,"park_dist":799,"pass_trees":true,"pass_canopy":false,"pass_dist":false,"score":1,"mock":true}},{"type":"Feature","id":1250,"geometry":{"type":"Polygon","coordinates":[[[71.462,51.1823],[71.468,51.1823],[71.468,51.18608],[71.462,51.18608],[71.462,51.1823]]]},"properties":{"id":1250,"trees":3,"canopy":15,"park_dist":726,"pass_trees":true,"pass_canopy":false,"pass_dist":false,"score":1,"mock":true}},{"type":"Feature","id":1251,"geometry":{"type":"Polygon","coordinates":[[[71.462,51.18608],[71.468,51.18608],[71.468,51.18986],[71.462,51.18986],[71.462,51.18608]]]},"properties":{"id":1251,"trees":3,"canopy":14,"park_dist":839,"pass_trees":true,"pass_canopy":false,"pass_dist":false,"score":1,"mock":true}},{"type":"Feature","id":1252,"geometry":{"type":"Polygon","coordinates":[[[71.462,51.18986],[71.468,51.18986],[71.468,51.19364],[71.462,51.19364],[71.462,51.18986]]]},"properties":{"id":1252,"trees":3,"canopy":17,"park_dist":741,"pass_trees":true,"pass_canopy":false,"pass_dist":false,"score":1,"mock":true}},{"type":"Feature","id":1253,"geometry":{"type":"Polygon","coordinates":[[[71.462,51.19364],[71.468,51.19364],[71.468,51.19742],[71.462,51.19742],[71.462,51.19364]]]},"properties":{"id":1253,"trees":3,"canopy":15,"park_dist":828,"pass_trees":true,"pass_canopy":false,"pass_dist":false,"score":1,"mock":true}},{"type":"Feature","id":1254,"geometry":{"type":"Polygon","coordinates":[[[71.462,51.19742],[71.468,51.19742],[71.468,51.2012],[71.462,51.2012],[71.462,51.19742]]]},"properties":{"id":1254,"trees":2,"canopy":12,"park_dist":992,"pass_trees":false,"pass_canopy":false,"pass_dist":false,"score":0,"mock":true}},{"type":"Feature","id":1255,"geometry":{"type":"Polygon","coordinates":[[[71.462,51.2012],[71.468,51.2012],[71.468,51.20498],[71.462,51.20498],[71.462,51.2012]]]},"properties":{"id":1255,"trees":3,"canopy":18,"park_dist":900,"pass_trees":true,"pass_canopy":false,"pass_dist":false,"score":1,"mock":true}},{"type":"Feature","id":1256,"geometry":{"type":"Polygon","coordinates":[[[71.462,51.20498],[71.468,51.20498],[71.468,51.20876],[71.462,51.20876],[71.462,51.20498]]]},"properties":{"id":1256,"trees":3,"canopy":13,"park_dist":939,"pass_trees":true,"pass_canopy":false,"pass_dist":false,"score":1,"mock":true}},{"type":"Feature","id":1257,"geometry":{"type":"Polygon","coordinates":[[[71.462,51.20876],[71.468,51.20876],[71.468,51.21254],[71.462,51.21254],[71.462,51.20876]]]},"properties":{"id":1257,"trees":3,"canopy":13,"park_dist":721,"pass_trees":true,"pass_canopy":false,"pass_dist":false,"score":1,"mock":true}},{"type":"Feature","id":1258,"geometry":{"type":"Polygon","coordinates":[[[71.462,51.21254],[71.468,51.21254],[71.468,51.21632],[71.462,51.21632],[71.462,51.21254]]]},"properties":{"id":1258,"trees":3,"canopy":14,"park_dist":808,"pass_trees":true,"pass_canopy":false,"pass_dist":false,"score":1,"mock":true}},{"type":"Feature","id":1259,"geometry":{"type":"Polygon","coordinates":[[[71.462,51.21632],[71.468,51.21632],[71.468,51.2201],[71.462,51.2201],[71.462,51.21632]]]},"properties":{"id":1259,"trees":3,"canopy":19,"park_dist":821,"pass_trees":true,"pass_canopy":false,"pass_dist":false,"score":1,"mock":true}},{"type":"Feature","id":1260,"geometry":{"type":"Polygon","coordinates":[[[71.468,51.05],[71.474,51.05],[71.474,51.05378],[71.468,51.05378],[71.468,51.05]]]},"properties":{"id":1260,"trees":2,"canopy":11,"park_dist":868,"pass_trees":false,"pass_canopy":false,"pass_dist":false,"score":0,"mock":true}},{"type":"Feature","id":1261,"geometry":{"type":"Polygon","coordinates":[[[71.468,51.05378],[71.474,51.05378],[71.474,51.05756],[71.468,51.05756],[71.468,51.05378]]]},"properties":{"id":1261,"trees":3,"canopy":15,"park_dist":824,"pass_trees":true,"pass_canopy":false,"pass_dist":false,"score":1,"mock":true}},{"type":"Feature","id":1262,"geometry":{"type":"Polygon","coordinates":[[[71.468,51.05756],[71.474,51.05756],[71.474,51.06134],[71.468,51.06134],[71.468,51.05756]]]},"properties":{"id":1262,"trees":2,"canopy":11,"park_dist":919,"pass_trees":false,"pass_canopy":false,"pass_dist":false,"score":0,"mock":true}},{"type":"Feature","id":1263,"geometry":{"type":"Polygon","coordinates":[[[71.468,51.06134],[71.474,51.06134],[71.474,51.06512],[71.468,51.06512],[71.468,51.06134]]]},"properties":{"id":1263,"trees":4,"canopy":18,"park_dist":817,"pass_trees":true,"pass_canopy":false,"pass_dist":false,"score":1,"mock":true}},{"type":"Feature","id":1264,"geometry":{"type":"Polygon","coordinates":[[[71.468,51.06512],[71.474,51.06512],[71.474,51.0689],[71.468,51.0689],[71.468,51.06512]]]},"properties":{"id":1264,"trees":3,"canopy":15,"park_dist":890,"pass_trees":true,"pass_canopy":false,"pass_dist":false,"score":1,"mock":true}},{"type":"Feature","id":1265,"geometry":{"type":"Polygon","coordinates":[[[71.468,51.0689],[71.474,51.0689],[71.474,51.07268],[71.468,51.07268],[71.468,51.0689]]]},"properties":{"id":1265,"trees":2,"canopy":14,"park_dist":771,"pass_trees":false,"pass_canopy":false,"pass_dist":false,"score":0,"mock":true}},{"type":"Feature","id":1266,"geometry":{"type":"Polygon","coordinates":[[[71.468,51.07268],[71.474,51.07268],[71.474,51.07646],[71.468,51.07646],[71.468,51.07268]]]},"properties":{"id":1266,"trees":2,"canopy":9,"park_dist":872,"pass_trees":false,"pass_canopy":false,"pass_dist":false,"score":0,"mock":true}},{"type":"Feature","id":1267,"geometry":{"type":"Polygon","coordinates":[[[71.468,51.07646],[71.474,51.07646],[71.474,51.08024],[71.468,51.08024],[71.468,51.07646]]]},"properties":{"id":1267,"trees":3,"canopy":13,"park_dist":775,"pass_trees":true,"pass_canopy":false,"pass_dist":false,"score":1,"mock":true}},{"type":"Feature","id":1268,"geometry":{"type":"Polygon","coordinates":[[[71.468,51.08024],[71.474,51.08024],[71.474,51.08402],[71.468,51.08402],[71.468,51.08024]]]},"properties":{"id":1268,"trees":3,"canopy":15,"park_dist":745,"pass_trees":true,"pass_canopy":false,"pass_dist":false,"score":1,"mock":true}},{"type":"Feature","id":1269,"geometry":{"type":"Polygon","coordinates":[[[71.468,51.08402],[71.474,51.08402],[71.474,51.0878],[71.468,51.0878],[71.468,51.08402]]]},"properties":{"id":1269,"trees":4,"canopy":20,"park_dist":662,"pass_trees":true,"pass_canopy":false,"pass_dist":false,"score":1,"mock":true}},{"type":"Feature","id":1270,"geometry":{"type":"Polygon","coordinates":[[[71.468,51.0878],[71.474,51.0878],[71.474,51.09158],[71.468,51.09158],[71.468,51.0878]]]},"properties":{"id":1270,"trees":3,"canopy":17,"park_dist":700,"pass_trees":true,"pass_canopy":false,"pass_dist":false,"score":1,"mock":true}},{"type":"Feature","id":1271,"geometry":{"type":"Polygon","coordinates":[[[71.468,51.09158],[71.474,51.09158],[71.474,51.09536],[71.468,51.09536],[71.468,51.09158]]]},"properties":{"id":1271,"trees":4,"canopy":24,"park_dist":630,"pass_trees":true,"pass_canopy":false,"pass_dist":false,"score":1,"mock":true}},{"type":"Feature","id":1272,"geometry":{"type":"Polygon","coordinates":[[[71.468,51.09536],[71.474,51.09536],[71.474,51.09914],[71.468,51.09914],[71.468,51.09536]]]},"properties":{"id":1272,"trees":5,"canopy":25,"park_dist":544,"pass_trees":true,"pass_canopy":false,"pass_dist":false,"score":1,"mock":true}},{"type":"Feature","id":1273,"geometry":{"type":"Polygon","coordinates":[[[71.468,51.09914],[71.474,51.09914],[71.474,51.10292],[71.468,51.10292],[71.468,51.09914]]]},"properties":{"id":1273,"trees":5,"canopy":33,"park_dist":327,"pass_trees":true,"pass_canopy":true,"pass_dist":false,"score":2,"mock":true}},{"type":"Feature","id":1274,"geometry":{"type":"Polygon","coordinates":[[[71.468,51.10292],[71.474,51.10292],[71.474,51.1067],[71.468,51.1067],[71.468,51.10292]]]},"properties":{"id":1274,"trees":6,"canopy":30,"park_dist":413,"pass_trees":true,"pass_canopy":true,"pass_dist":false,"score":2,"mock":true}},{"type":"Feature","id":1275,"geometry":{"type":"Polygon","coordinates":[[[71.468,51.1067],[71.474,51.1067],[71.474,51.11048],[71.468,51.11048],[71.468,51.1067]]]},"properties":{"id":1275,"trees":7,"canopy":42,"park_dist":303,"pass_trees":true,"pass_canopy":true,"pass_dist":false,"score":2,"mock":true}},{"type":"Feature","id":1276,"geometry":{"type":"Polygon","coordinates":[[[71.468,51.11048],[71.474,51.11048],[71.474,51.11426],[71.468,51.11426],[71.468,51.11048]]]},"properties":{"id":1276,"trees":7,"canopy":42,"park_dist":111,"pass_trees":true,"pass_canopy":true,"pass_dist":true,"score":3,"mock":true}},{"type":"Feature","id":1277,"geometry":{"type":"Polygon","coordinates":[[[71.468,51.11426],[71.474,51.11426],[71.474,51.11804],[71.468,51.11804],[71.468,51.11426]]]},"properties":{"id":1277,"trees":8,"canopy":42,"park_dist":40,"pass_trees":true,"pass_canopy":true,"pass_dist":true,"score":3,"mock":true}},{"type":"Feature","id":1278,"geometry":{"type":"Polygon","coordinates":[[[71.468,51.11804],[71.474,51.11804],[71.474,51.12182],[71.468,51.12182],[71.468,51.11804]]]},"properties":{"id":1278,"trees":9,"canopy":43,"park_dist":40,"pass_trees":true,"pass_canopy":true,"pass_dist":true,"score":3,"mock":true}},{"type":"Feature","id":1279,"geometry":{"type":"Polygon","coordinates":[[[71.468,51.12182],[71.474,51.12182],[71.474,51.1256],[71.468,51.1256],[71.468,51.12182]]]},"properties":{"id":1279,"trees":7,"canopy":41,"park_dist":40,"pass_trees":true,"pass_canopy":true,"pass_dist":true,"score":3,"mock":true}},{"type":"Feature","id":1280,"geometry":{"type":"Polygon","coordinates":[[[71.468,51.1256],[71.474,51.1256],[71.474,51.12938],[71.468,51.12938],[71.468,51.1256]]]},"properties":{"id":1280,"trees":8,"canopy":44,"park_dist":71,"pass_trees":true,"pass_canopy":true,"pass_dist":true,"score":3,"mock":true}},{"type":"Feature","id":1281,"geometry":{"type":"Polygon","coordinates":[[[71.468,51.12938],[71.474,51.12938],[71.474,51.13316],[71.468,51.13316],[71.468,51.12938]]]},"properties":{"id":1281,"trees":7,"canopy":48,"park_dist":126,"pass_trees":true,"pass_canopy":true,"pass_dist":true,"score":3,"mock":true}},{"type":"Feature","id":1282,"geometry":{"type":"Polygon","coordinates":[[[71.468,51.13316],[71.474,51.13316],[71.474,51.13694],[71.468,51.13694],[71.468,51.13316]]]},"properties":{"id":1282,"trees":8,"canopy":43,"park_dist":148,"pass_trees":true,"pass_canopy":true,"pass_dist":true,"score":3,"mock":true}},{"type":"Feature","id":1283,"geometry":{"type":"Polygon","coordinates":[[[71.468,51.13694],[71.474,51.13694],[71.474,51.14072],[71.468,51.14072],[71.468,51.13694]]]},"properties":{"id":1283,"trees":6,"canopy":37,"park_dist":277,"pass_trees":true,"pass_canopy":true,"pass_dist":true,"score":3,"mock":true}},{"type":"Feature","id":1284,"geometry":{"type":"Polygon","coordinates":[[[71.468,51.14072],[71.474,51.14072],[71.474,51.1445],[71.468,51.1445],[71.468,51.14072]]]},"properties":{"id":1284,"trees":6,"canopy":35,"park_dist":286,"pass_trees":true,"pass_canopy":true,"pass_dist":true,"score":3,"mock":true}},{"type":"Feature","id":1285,"geometry":{"type":"Polygon","coordinates":[[[71.468,51.1445],[71.474,51.1445],[71.474,51.14828],[71.468,51.14828],[71.468,51.1445]]]},"properties":{"id":1285,"trees":6,"canopy":29,"park_dist":374,"pass_trees":true,"pass_canopy":false,"pass_dist":false,"score":1,"mock":true}},{"type":"Feature","id":1286,"geometry":{"type":"Polygon","coordinates":[[[71.468,51.14828],[71.474,51.14828],[71.474,51.15206],[71.468,51.15206],[71.468,51.14828]]]},"properties":{"id":1286,"trees":5,"canopy":28,"park_dist":512,"pass_trees":true,"pass_canopy":false,"pass_dist":false,"score":1,"mock":true}},{"type":"Feature","id":1287,"geometry":{"type":"Polygon","coordinates":[[[71.468,51.15206],[71.474,51.15206],[71.474,51.15584],[71.468,51.15584],[71.468,51.15206]]]},"properties":{"id":1287,"trees":5,"canopy":25,"park_dist":525,"pass_trees":true,"pass_canopy":false,"pass_dist":false,"score":1,"mock":true}},{"type":"Feature","id":1288,"geometry":{"type":"Polygon","coordinates":[[[71.468,51.15584],[71.474,51.15584],[71.474,51.15962],[71.468,51.15962],[71.468,51.15584]]]},"properties":{"id":1288,"trees":4,"canopy":20,"park_dist":709,"pass_trees":true,"pass_canopy":false,"pass_dist":false,"score":1,"mock":true}},{"type":"Feature","id":1289,"geometry":{"type":"Polygon","coordinates":[[[71.468,51.15962],[71.474,51.15962],[71.474,51.1634],[71.468,51.1634],[71.468,51.15962]]]},"properties":{"id":1289,"trees":4,"canopy":19,"park_dist":759,"pass_trees":true,"pass_canopy":false,"pass_dist":false,"score":1,"mock":true}},{"type":"Feature","id":1290,"geometry":{"type":"Polygon","coordinates":[[[71.468,51.1634],[71.474,51.1634],[71.474,51.16718],[71.468,51.16718],[71.468,51.1634]]]},"properties":{"id":1290,"trees":3,"canopy":18,"park_dist":759,"pass_trees":true,"pass_canopy":false,"pass_dist":false,"score":1,"mock":true}},{"type":"Feature","id":1291,"geometry":{"type":"Polygon","coordinates":[[[71.468,51.16718],[71.474,51.16718],[71.474,51.17096],[71.468,51.17096],[71.468,51.16718]]]},"properties":{"id":1291,"trees":2,"canopy":16,"park_dist":793,"pass_trees":false,"pass_canopy":false,"pass_dist":false,"score":0,"mock":true}},{"type":"Feature","id":1292,"geometry":{"type":"Polygon","coordinates":[[[71.468,51.17096],[71.474,51.17096],[71.474,51.17474],[71.468,51.17474],[71.468,51.17096]]]},"properties":{"id":1292,"trees":2,"canopy":17,"park_dist":788,"pass_trees":false,"pass_canopy":false,"pass_dist":false,"score":0,"mock":true}},{"type":"Feature","id":1293,"geometry":{"type":"Polygon","coordinates":[[[71.468,51.17474],[71.474,51.17474],[71.474,51.17852],[71.468,51.17852],[71.468,51.17474]]]},"properties":{"id":1293,"trees":2,"canopy":16,"park_dist":908,"pass_trees":false,"pass_canopy":false,"pass_dist":false,"score":0,"mock":true}},{"type":"Feature","id":1294,"geometry":{"type":"Polygon","coordinates":[[[71.468,51.17852],[71.474,51.17852],[71.474,51.1823],[71.468,51.1823],[71.468,51.17852]]]},"properties":{"id":1294,"trees":2,"canopy":12,"park_dist":948,"pass_trees":false,"pass_canopy":false,"pass_dist":false,"score":0,"mock":true}},{"type":"Feature","id":1295,"geometry":{"type":"Polygon","coordinates":[[[71.468,51.1823],[71.474,51.1823],[71.474,51.18608],[71.468,51.18608],[71.468,51.1823]]]},"properties":{"id":1295,"trees":2,"canopy":14,"park_dist":819,"pass_trees":false,"pass_canopy":false,"pass_dist":false,"score":0,"mock":true}},{"type":"Feature","id":1296,"geometry":{"type":"Polygon","coordinates":[[[71.468,51.18608],[71.474,51.18608],[71.474,51.18986],[71.468,51.18986],[71.468,51.18608]]]},"properties":{"id":1296,"trees":1,"canopy":13,"park_dist":920,"pass_trees":false,"pass_canopy":false,"pass_dist":false,"score":0,"mock":true}},{"type":"Feature","id":1297,"geometry":{"type":"Polygon","coordinates":[[[71.468,51.18986],[71.474,51.18986],[71.474,51.19364],[71.468,51.19364],[71.468,51.18986]]]},"properties":{"id":1297,"trees":2,"canopy":13,"park_dist":800,"pass_trees":false,"pass_canopy":false,"pass_dist":false,"score":0,"mock":true}},{"type":"Feature","id":1298,"geometry":{"type":"Polygon","coordinates":[[[71.468,51.19364],[71.474,51.19364],[71.474,51.19742],[71.468,51.19742],[71.468,51.19364]]]},"properties":{"id":1298,"trees":2,"canopy":12,"park_dist":800,"pass_trees":false,"pass_canopy":false,"pass_dist":false,"score":0,"mock":true}},{"type":"Feature","id":1299,"geometry":{"type":"Polygon","coordinates":[[[71.468,51.19742],[71.474,51.19742],[71.474,51.2012],[71.468,51.2012],[71.468,51.19742]]]},"properties":{"id":1299,"trees":3,"canopy":16,"park_dist":786,"pass_trees":true,"pass_canopy":false,"pass_dist":false,"score":1,"mock":true}},{"type":"Feature","id":1300,"geometry":{"type":"Polygon","coordinates":[[[71.468,51.2012],[71.474,51.2012],[71.474,51.20498],[71.468,51.20498],[71.468,51.2012]]]},"properties":{"id":1300,"trees":2,"canopy":14,"park_dist":835,"pass_trees":false,"pass_canopy":false,"pass_dist":false,"score":0,"mock":true}},{"type":"Feature","id":1301,"geometry":{"type":"Polygon","coordinates":[[[71.468,51.20498],[71.474,51.20498],[71.474,51.20876],[71.468,51.20876],[71.468,51.20498]]]},"properties":{"id":1301,"trees":2,"canopy":15,"park_dist":777,"pass_trees":false,"pass_canopy":false,"pass_dist":false,"score":0,"mock":true}},{"type":"Feature","id":1302,"geometry":{"type":"Polygon","coordinates":[[[71.468,51.20876],[71.474,51.20876],[71.474,51.21254],[71.468,51.21254],[71.468,51.20876]]]},"properties":{"id":1302,"trees":3,"canopy":16,"park_dist":863,"pass_trees":true,"pass_canopy":false,"pass_dist":false,"score":1,"mock":true}},{"type":"Feature","id":1303,"geometry":{"type":"Polygon","coordinates":[[[71.468,51.21254],[71.474,51.21254],[71.474,51.21632],[71.468,51.21632],[71.468,51.21254]]]},"properties":{"id":1303,"trees":3,"canopy":11,"park_dist":905,"pass_trees":true,"pass_canopy":false,"pass_dist":false,"score":1,"mock":true}},{"type":"Feature","id":1304,"geometry":{"type":"Polygon","coordinates":[[[71.468,51.21632],[71.474,51.21632],[71.474,51.2201],[71.468,51.2201],[71.468,51.21632]]]},"properties":{"id":1304,"trees":2,"canopy":12,"park_dist":851,"pass_trees":false,"pass_canopy":false,"pass_dist":false,"score":0,"mock":true}},{"type":"Feature","id":1305,"geometry":{"type":"Polygon","coordinates":[[[71.474,51.05],[71.48,51.05],[71.48,51.05378],[71.474,51.05378],[71.474,51.05]]]},"properties":{"id":1305,"trees":3,"canopy":13,"park_dist":796,"pass_trees":true,"pass_canopy":false,"pass_dist":false,"score":1,"mock":true}},{"type":"Feature","id":1306,"geometry":{"type":"Polygon","coordinates":[[[71.474,51.05378],[71.48,51.05378],[71.48,51.05756],[71.474,51.05756],[71.474,51.05378]]]},"properties":{"id":1306,"trees":3,"canopy":16,"park_dist":808,"pass_trees":true,"pass_canopy":false,"pass_dist":false,"score":1,"mock":true}},{"type":"Feature","id":1307,"geometry":{"type":"Polygon","coordinates":[[[71.474,51.05756],[71.48,51.05756],[71.48,51.06134],[71.474,51.06134],[71.474,51.05756]]]},"properties":{"id":1307,"trees":3,"canopy":17,"park_dist":785,"pass_trees":true,"pass_canopy":false,"pass_dist":false,"score":1,"mock":true}},{"type":"Feature","id":1308,"geometry":{"type":"Polygon","coordinates":[[[71.474,51.06134],[71.48,51.06134],[71.48,51.06512],[71.474,51.06512],[71.474,51.06134]]]},"properties":{"id":1308,"trees":3,"canopy":13,"park_dist":839,"pass_trees":true,"pass_canopy":false,"pass_dist":false,"score":1,"mock":true}},{"type":"Feature","id":1309,"geometry":{"type":"Polygon","coordinates":[[[71.474,51.06512],[71.48,51.06512],[71.48,51.0689],[71.474,51.0689],[71.474,51.06512]]]},"properties":{"id":1309,"trees":3,"canopy":17,"park_dist":791,"pass_trees":true,"pass_canopy":false,"pass_dist":false,"score":1,"mock":true}},{"type":"Feature","id":1310,"geometry":{"type":"Polygon","coordinates":[[[71.474,51.0689],[71.48,51.0689],[71.48,51.07268],[71.474,51.07268],[71.474,51.0689]]]},"properties":{"id":1310,"trees":3,"canopy":13,"park_dist":909,"pass_trees":true,"pass_canopy":false,"pass_dist":false,"score":1,"mock":true}},{"type":"Feature","id":1311,"geometry":{"type":"Polygon","coordinates":[[[71.474,51.07268],[71.48,51.07268],[71.48,51.07646],[71.474,51.07646],[71.474,51.07268]]]},"properties":{"id":1311,"trees":2,"canopy":13,"park_dist":953,"pass_trees":false,"pass_canopy":false,"pass_dist":false,"score":0,"mock":true}},{"type":"Feature","id":1312,"geometry":{"type":"Polygon","coordinates":[[[71.474,51.07646],[71.48,51.07646],[71.48,51.08024],[71.474,51.08024],[71.474,51.07646]]]},"properties":{"id":1312,"trees":3,"canopy":18,"park_dist":837,"pass_trees":true,"pass_canopy":false,"pass_dist":false,"score":1,"mock":true}},{"type":"Feature","id":1313,"geometry":{"type":"Polygon","coordinates":[[[71.474,51.08024],[71.48,51.08024],[71.48,51.08402],[71.474,51.08402],[71.474,51.08024]]]},"properties":{"id":1313,"trees":4,"canopy":18,"park_dist":819,"pass_trees":true,"pass_canopy":false,"pass_dist":false,"score":1,"mock":true}},{"type":"Feature","id":1314,"geometry":{"type":"Polygon","coordinates":[[[71.474,51.08402],[71.48,51.08402],[71.48,51.0878],[71.474,51.0878],[71.474,51.08402]]]},"properties":{"id":1314,"trees":3,"canopy":18,"park_dist":767,"pass_trees":true,"pass_canopy":false,"pass_dist":false,"score":1,"mock":true}},{"type":"Feature","id":1315,"geometry":{"type":"Polygon","coordinates":[[[71.474,51.0878],[71.48,51.0878],[71.48,51.09158],[71.474,51.09158],[71.474,51.0878]]]},"properties":{"id":1315,"trees":4,"canopy":19,"park_dist":689,"pass_trees":true,"pass_canopy":false,"pass_dist":false,"score":1,"mock":true}},{"type":"Feature","id":1316,"geometry":{"type":"Polygon","coordinates":[[[71.474,51.09158],[71.48,51.09158],[71.48,51.09536],[71.474,51.09536],[71.474,51.09158]]]},"properties":{"id":1316,"trees":4,"canopy":21,"park_dist":732,"pass_trees":true,"pass_canopy":false,"pass_dist":false,"score":1,"mock":true}},{"type":"Feature","id":1317,"geometry":{"type":"Polygon","coordinates":[[[71.474,51.09536],[71.48,51.09536],[71.48,51.09914],[71.474,51.09914],[71.474,51.09536]]]},"properties":{"id":1317,"trees":4,"canopy":17,"park_dist":781,"pass_trees":true,"pass_canopy":false,"pass_dist":false,"score":1,"mock":true}},{"type":"Feature","id":1318,"geometry":{"type":"Polygon","coordinates":[[[71.474,51.09914],[71.48,51.09914],[71.48,51.10292],[71.474,51.10292],[71.474,51.09914]]]},"properties":{"id":1318,"trees":5,"canopy":24,"park_dist":507,"pass_trees":true,"pass_canopy":false,"pass_dist":false,"score":1,"mock":true}},{"type":"Feature","id":1319,"geometry":{"type":"Polygon","coordinates":[[[71.474,51.10292],[71.48,51.10292],[71.48,51.1067],[71.474,51.1067],[71.474,51.10292]]]},"properties":{"id":1319,"trees":5,"canopy":28,"park_dist":385,"pass_trees":true,"pass_canopy":false,"pass_dist":false,"score":1,"mock":true}},{"type":"Feature","id":1320,"geometry":{"type":"Polygon","coordinates":[[[71.474,51.1067],[71.48,51.1067],[71.48,51.11048],[71.474,51.11048],[71.474,51.1067]]]},"properties":{"id":1320,"trees":5,"canopy":28,"park_dist":408,"pass_trees":true,"pass_canopy":false,"pass_dist":false,"score":1,"mock":true}},{"type":"Feature","id":1321,"geometry":{"type":"Polygon","coordinates":[[[71.474,51.11048],[71.48,51.11048],[71.48,51.11426],[71.474,51.11426],[71.474,51.11048]]]},"properties":{"id":1321,"trees":6,"canopy":31,"park_dist":369,"pass_trees":true,"pass_canopy":true,"pass_dist":false,"score":2,"mock":true}},{"type":"Feature","id":1322,"geometry":{"type":"Polygon","coordinates":[[[71.474,51.11426],[71.48,51.11426],[71.48,51.11804],[71.474,51.11804],[71.474,51.11426]]]},"properties":{"id":1322,"trees":7,"canopy":38,"park_dist":209,"pass_trees":true,"pass_canopy":true,"pass_dist":true,"score":3,"mock":true}},{"type":"Feature","id":1323,"geometry":{"type":"Polygon","coordinates":[[[71.474,51.11804],[71.48,51.11804],[71.48,51.12182],[71.474,51.12182],[71.474,51.11804]]]},"properties":{"id":1323,"trees":7,"canopy":36,"park_dist":229,"pass_trees":true,"pass_canopy":true,"pass_dist":true,"score":3,"mock":true}},{"type":"Feature","id":1324,"geometry":{"type":"Polygon","coordinates":[[[71.474,51.12182],[71.48,51.12182],[71.48,51.1256],[71.474,51.1256],[71.474,51.12182]]]},"properties":{"id":1324,"trees":7,"canopy":37,"park_dist":250,"pass_trees":true,"pass_canopy":true,"pass_dist":true,"score":3,"mock":true}},{"type":"Feature","id":1325,"geometry":{"type":"Polygon","coordinates":[[[71.474,51.1256],[71.48,51.1256],[71.48,51.12938],[71.474,51.12938],[71.474,51.1256]]]},"properties":{"id":1325,"trees":7,"canopy":36,"park_dist":252,"pass_trees":true,"pass_canopy":true,"pass_dist":true,"score":3,"mock":true}},{"type":"Feature","id":1326,"geometry":{"type":"Polygon","coordinates":[[[71.474,51.12938],[71.48,51.12938],[71.48,51.13316],[71.474,51.13316],[71.474,51.12938]]]},"properties":{"id":1326,"trees":6,"canopy":35,"park_dist":301,"pass_trees":true,"pass_canopy":true,"pass_dist":false,"score":2,"mock":true}},{"type":"Feature","id":1327,"geometry":{"type":"Polygon","coordinates":[[[71.474,51.13316],[71.48,51.13316],[71.48,51.13694],[71.474,51.13694],[71.474,51.13316]]]},"properties":{"id":1327,"trees":6,"canopy":33,"park_dist":437,"pass_trees":true,"pass_canopy":true,"pass_dist":false,"score":2,"mock":true}},{"type":"Feature","id":1328,"geometry":{"type":"Polygon","coordinates":[[[71.474,51.13694],[71.48,51.13694],[71.48,51.14072],[71.474,51.14072],[71.474,51.13694]]]},"properties":{"id":1328,"trees":6,"canopy":27,"park_dist":417,"pass_trees":true,"pass_canopy":false,"pass_dist":false,"score":1,"mock":true}},{"type":"Feature","id":1329,"geometry":{"type":"Polygon","coordinates":[[[71.474,51.14072],[71.48,51.14072],[71.48,51.1445],[71.474,51.1445],[71.474,51.14072]]]},"properties":{"id":1329,"trees":5,"canopy":27,"park_dist":545,"pass_trees":true,"pass_canopy":false,"pass_dist":false,"score":1,"mock":true}},{"type":"Feature","id":1330,"geometry":{"type":"Polygon","coordinates":[[[71.474,51.1445],[71.48,51.1445],[71.48,51.14828],[71.474,51.14828],[71.474,51.1445]]]},"properties":{"id":1330,"trees":4,"canopy":24,"park_dist":546,"pass_trees":true,"pass_canopy":false,"pass_dist":false,"score":1,"mock":true}},{"type":"Feature","id":1331,"geometry":{"type":"Polygon","coordinates":[[[71.474,51.14828],[71.48,51.14828],[71.48,51.15206],[71.474,51.15206],[71.474,51.14828]]]},"properties":{"id":1331,"trees":4,"canopy":16,"park_dist":726,"pass_trees":true,"pass_canopy":false,"pass_dist":false,"score":1,"mock":true}},{"type":"Feature","id":1332,"geometry":{"type":"Polygon","coordinates":[[[71.474,51.15206],[71.48,51.15206],[71.48,51.15584],[71.474,51.15584],[71.474,51.15206]]]},"properties":{"id":1332,"trees":5,"canopy":16,"park_dist":595,"pass_trees":true,"pass_canopy":false,"pass_dist":false,"score":1,"mock":true}},{"type":"Feature","id":1333,"geometry":{"type":"Polygon","coordinates":[[[71.474,51.15584],[71.48,51.15584],[71.48,51.15962],[71.474,51.15962],[71.474,51.15584]]]},"properties":{"id":1333,"trees":3,"canopy":11,"park_dist":872,"pass_trees":true,"pass_canopy":false,"pass_dist":false,"score":1,"mock":true}},{"type":"Feature","id":1334,"geometry":{"type":"Polygon","coordinates":[[[71.474,51.15962],[71.48,51.15962],[71.48,51.1634],[71.474,51.1634],[71.474,51.15962]]]},"properties":{"id":1334,"trees":3,"canopy":15,"park_dist":914,"pass_trees":true,"pass_canopy":false,"pass_dist":false,"score":1,"mock":true}},{"type":"Feature","id":1335,"geometry":{"type":"Polygon","coordinates":[[[71.474,51.1634],[71.48,51.1634],[71.48,51.16718],[71.474,51.16718],[71.474,51.1634]]]},"properties":{"id":1335,"trees":3,"canopy":15,"park_dist":799,"pass_trees":true,"pass_canopy":false,"pass_dist":false,"score":1,"mock":true}},{"type":"Feature","id":1336,"geometry":{"type":"Polygon","coordinates":[[[71.474,51.16718],[71.48,51.16718],[71.48,51.17096],[71.474,51.17096],[71.474,51.16718]]]},"properties":{"id":1336,"trees":3,"canopy":10,"park_dist":876,"pass_trees":true,"pass_canopy":false,"pass_dist":false,"score":1,"mock":true}},{"type":"Feature","id":1337,"geometry":{"type":"Polygon","coordinates":[[[71.474,51.17096],[71.48,51.17096],[71.48,51.17474],[71.474,51.17474],[71.474,51.17096]]]},"properties":{"id":1337,"trees":2,"canopy":8,"park_dist":892,"pass_trees":false,"pass_canopy":false,"pass_dist":false,"score":0,"mock":true}},{"type":"Feature","id":1338,"geometry":{"type":"Polygon","coordinates":[[[71.474,51.17474],[71.48,51.17474],[71.48,51.17852],[71.474,51.17852],[71.474,51.17474]]]},"properties":{"id":1338,"trees":3,"canopy":15,"park_dist":808,"pass_trees":true,"pass_canopy":false,"pass_dist":false,"score":1,"mock":true}},{"type":"Feature","id":1339,"geometry":{"type":"Polygon","coordinates":[[[71.474,51.17852],[71.48,51.17852],[71.48,51.1823],[71.474,51.1823],[71.474,51.17852]]]},"properties":{"id":1339,"trees":3,"canopy":16,"park_dist":821,"pass_trees":true,"pass_canopy":false,"pass_dist":false,"score":1,"mock":true}},{"type":"Feature","id":1340,"geometry":{"type":"Polygon","coordinates":[[[71.474,51.1823],[71.48,51.1823],[71.48,51.18608],[71.474,51.18608],[71.474,51.1823]]]},"properties":{"id":1340,"trees":2,"canopy":12,"park_dist":839,"pass_trees":false,"pass_canopy":false,"pass_dist":false,"score":0,"mock":true}},{"type":"Feature","id":1341,"geometry":{"type":"Polygon","coordinates":[[[71.474,51.18608],[71.48,51.18608],[71.48,51.18986],[71.474,51.18986],[71.474,51.18608]]]},"properties":{"id":1341,"trees":2,"canopy":16,"park_dist":763,"pass_trees":false,"pass_canopy":false,"pass_dist":false,"score":0,"mock":true}},{"type":"Feature","id":1342,"geometry":{"type":"Polygon","coordinates":[[[71.474,51.18986],[71.48,51.18986],[71.48,51.19364],[71.474,51.19364],[71.474,51.18986]]]},"properties":{"id":1342,"trees":2,"canopy":15,"park_dist":877,"pass_trees":false,"pass_canopy":false,"pass_dist":false,"score":0,"mock":true}},{"type":"Feature","id":1343,"geometry":{"type":"Polygon","coordinates":[[[71.474,51.19364],[71.48,51.19364],[71.48,51.19742],[71.474,51.19742],[71.474,51.19364]]]},"properties":{"id":1343,"trees":3,"canopy":12,"park_dist":803,"pass_trees":true,"pass_canopy":false,"pass_dist":false,"score":1,"mock":true}},{"type":"Feature","id":1344,"geometry":{"type":"Polygon","coordinates":[[[71.474,51.19742],[71.48,51.19742],[71.48,51.2012],[71.474,51.2012],[71.474,51.19742]]]},"properties":{"id":1344,"trees":2,"canopy":11,"park_dist":924,"pass_trees":false,"pass_canopy":false,"pass_dist":false,"score":0,"mock":true}},{"type":"Feature","id":1345,"geometry":{"type":"Polygon","coordinates":[[[71.474,51.2012],[71.48,51.2012],[71.48,51.20498],[71.474,51.20498],[71.474,51.2012]]]},"properties":{"id":1345,"trees":3,"canopy":19,"park_dist":732,"pass_trees":true,"pass_canopy":false,"pass_dist":false,"score":1,"mock":true}},{"type":"Feature","id":1346,"geometry":{"type":"Polygon","coordinates":[[[71.474,51.20498],[71.48,51.20498],[71.48,51.20876],[71.474,51.20876],[71.474,51.20498]]]},"properties":{"id":1346,"trees":3,"canopy":15,"park_dist":750,"pass_trees":true,"pass_canopy":false,"pass_dist":false,"score":1,"mock":true}},{"type":"Feature","id":1347,"geometry":{"type":"Polygon","coordinates":[[[71.474,51.20876],[71.48,51.20876],[71.48,51.21254],[71.474,51.21254],[71.474,51.20876]]]},"properties":{"id":1347,"trees":3,"canopy":19,"park_dist":765,"pass_trees":true,"pass_canopy":false,"pass_dist":false,"score":1,"mock":true}},{"type":"Feature","id":1348,"geometry":{"type":"Polygon","coordinates":[[[71.474,51.21254],[71.48,51.21254],[71.48,51.21632],[71.474,51.21632],[71.474,51.21254]]]},"properties":{"id":1348,"trees":1,"canopy":13,"park_dist":904,"pass_trees":false,"pass_canopy":false,"pass_dist":false,"score":0,"mock":true}},{"type":"Feature","id":1349,"geometry":{"type":"Polygon","coordinates":[[[71.474,51.21632],[71.48,51.21632],[71.48,51.2201],[71.474,51.2201],[71.474,51.21632]]]},"properties":{"id":1349,"trees":2,"canopy":12,"park_dist":886,"pass_trees":false,"pass_canopy":false,"pass_dist":false,"score":0,"mock":true}},{"type":"Feature","id":1350,"geometry":{"type":"Polygon","coordinates":[[[71.48,51.05],[71.486,51.05],[71.486,51.05378],[71.48,51.05378],[71.48,51.05]]]},"properties":{"id":1350,"trees":3,"canopy":14,"park_dist":863,"pass_trees":true,"pass_canopy":false,"pass_dist":false,"score":1,"mock":true}},{"type":"Feature","id":1351,"geometry":{"type":"Polygon","coordinates":[[[71.48,51.05378],[71.486,51.05378],[71.486,51.05756],[71.48,51.05756],[71.48,51.05378]]]},"properties":{"id":1351,"trees":2,"canopy":13,"park_dist":809,"pass_trees":false,"pass_canopy":false,"pass_dist":false,"score":0,"mock":true}},{"type":"Feature","id":1352,"geometry":{"type":"Polygon","coordinates":[[[71.48,51.05756],[71.486,51.05756],[71.486,51.06134],[71.48,51.06134],[71.48,51.05756]]]},"properties":{"id":1352,"trees":3,"canopy":19,"park_dist":769,"pass_trees":true,"pass_canopy":false,"pass_dist":false,"score":1,"mock":true}},{"type":"Feature","id":1353,"geometry":{"type":"Polygon","coordinates":[[[71.48,51.06134],[71.486,51.06134],[71.486,51.06512],[71.48,51.06512],[71.48,51.06134]]]},"properties":{"id":1353,"trees":2,"canopy":12,"park_dist":863,"pass_trees":false,"pass_canopy":false,"pass_dist":false,"score":0,"mock":true}},{"type":"Feature","id":1354,"geometry":{"type":"Polygon","coordinates":[[[71.48,51.06512],[71.486,51.06512],[71.486,51.0689],[71.48,51.0689],[71.48,51.06512]]]},"properties":{"id":1354,"trees":2,"canopy":19,"park_dist":772,"pass_trees":false,"pass_canopy":false,"pass_dist":false,"score":0,"mock":true}},{"type":"Feature","id":1355,"geometry":{"type":"Polygon","coordinates":[[[71.48,51.0689],[71.486,51.0689],[71.486,51.07268],[71.48,51.07268],[71.48,51.0689]]]},"properties":{"id":1355,"trees":2,"canopy":13,"park_dist":884,"pass_trees":false,"pass_canopy":false,"pass_dist":false,"score":0,"mock":true}},{"type":"Feature","id":1356,"geometry":{"type":"Polygon","coordinates":[[[71.48,51.07268],[71.486,51.07268],[71.486,51.07646],[71.48,51.07646],[71.48,51.07268]]]},"properties":{"id":1356,"trees":3,"canopy":15,"park_dist":829,"pass_trees":true,"pass_canopy":false,"pass_dist":false,"score":1,"mock":true}},{"type":"Feature","id":1357,"geometry":{"type":"Polygon","coordinates":[[[71.48,51.07646],[71.486,51.07646],[71.486,51.08024],[71.48,51.08024],[71.48,51.07646]]]},"properties":{"id":1357,"trees":2,"canopy":10,"park_dist":877,"pass_trees":false,"pass_canopy":false,"pass_dist":false,"score":0,"mock":true}},{"type":"Feature","id":1358,"geometry":{"type":"Polygon","coordinates":[[[71.48,51.08024],[71.486,51.08024],[71.486,51.08402],[71.48,51.08402],[71.48,51.08024]]]},"properties":{"id":1358,"trees":2,"canopy":16,"park_dist":937,"pass_trees":false,"pass_canopy":false,"pass_dist":false,"score":0,"mock":true}},{"type":"Feature","id":1359,"geometry":{"type":"Polygon","coordinates":[[[71.48,51.08402],[71.486,51.08402],[71.486,51.0878],[71.48,51.0878],[71.48,51.08402]]]},"properties":{"id":1359,"trees":2,"canopy":13,"park_dist":858,"pass_trees":false,"pass_canopy":false,"pass_dist":false,"score":0,"mock":true}},{"type":"Feature","id":1360,"geometry":{"type":"Polygon","coordinates":[[[71.48,51.0878],[71.486,51.0878],[71.486,51.09158],[71.48,51.09158],[71.48,51.0878]]]},"properties":{"id":1360,"trees":3,"canopy":12,"park_dist":810,"pass_trees":true,"pass_canopy":false,"pass_dist":false,"score":1,"mock":true}},{"type":"Feature","id":1361,"geometry":{"type":"Polygon","coordinates":[[[71.48,51.09158],[71.486,51.09158],[71.486,51.09536],[71.48,51.09536],[71.48,51.09158]]]},"properties":{"id":1361,"trees":3,"canopy":16,"park_dist":767,"pass_trees":true,"pass_canopy":false,"pass_dist":false,"score":1,"mock":true}},{"type":"Feature","id":1362,"geometry":{"type":"Polygon","coordinates":[[[71.48,51.09536],[71.486,51.09536],[71.486,51.09914],[71.48,51.09914],[71.48,51.09536]]]},"properties":{"id":1362,"trees":5,"canopy":19,"park_dist":793,"pass_trees":true,"pass_canopy":false,"pass_dist":false,"score":1,"mock":true}},{"type":"Feature","id":1363,"geometry":{"type":"Polygon","coordinates":[[[71.48,51.09914],[71.486,51.09914],[71.486,51.10292],[71.48,51.10292],[71.48,51.09914]]]},"properties":{"id":1363,"trees":4,"canopy":23,"park_dist":727,"pass_trees":true,"pass_canopy":false,"pass_dist":false,"score":1,"mock":true}},{"type":"Feature","id":1364,"geometry":{"type":"Polygon","coordinates":[[[71.48,51.10292],[71.486,51.10292],[71.486,51.1067],[71.48,51.1067],[71.48,51.10292]]]},"properties":{"id":1364,"trees":4,"canopy":22,"park_dist":660,"pass_trees":true,"pass_canopy":false,"pass_dist":false,"score":1,"mock":true}},{"type":"Feature","id":1365,"geometry":{"type":"Polygon","coordinates":[[[71.48,51.1067],[71.486,51.1067],[71.486,51.11048],[71.48,51.11048],[71.48,51.1067]]]},"properties":{"id":1365,"trees":5,"canopy":26,"park_dist":582,"pass_trees":true,"pass_canopy":false,"pass_dist":false,"score":1,"mock":true}},{"type":"Feature","id":1366,"geometry":{"type":"Polygon","coordinates":[[[71.48,51.11048],[71.486,51.11048],[71.486,51.11426],[71.48,51.11426],[71.48,51.11048]]]},"properties":{"id":1366,"trees":3,"canopy":26,"park_dist":525,"pass_trees":true,"pass_canopy":false,"pass_dist":false,"score":1,"mock":true}},{"type":"Feature","id":1367,"geometry":{"type":"Polygon","coordinates":[[[71.48,51.11426],[71.486,51.11426],[71.486,51.11804],[71.48,51.11804],[71.48,51.11426]]]},"properties":{"id":1367,"trees":4,"canopy":25,"park_dist":588,"pass_trees":true,"pass_canopy":false,"pass_dist":false,"score":1,"mock":true}},{"type":"Feature","id":1368,"geometry":{"type":"Polygon","coordinates":[[[71.48,51.11804],[71.486,51.11804],[71.486,51.12182],[71.48,51.12182],[71.48,51.11804]]]},"properties":{"id":1368,"trees":5,"canopy":23,"park_dist":479,"pass_trees":true,"pass_canopy":false,"pass_dist":false,"score":1,"mock":true}},{"type":"Feature","id":1369,"geometry":{"type":"Polygon","coordinates":[[[71.48,51.12182],[71.486,51.12182],[71.486,51.1256],[71.48,51.1256],[71.48,51.12182]]]},"properties":{"id":1369,"trees":4,"canopy":29,"park_dist":460,"pass_trees":true,"pass_canopy":false,"pass_dist":false,"score":1,"mock":true}},{"type":"Feature","id":1370,"geometry":{"type":"Polygon","coordinates":[[[71.48,51.1256],[71.486,51.1256],[71.486,51.12938],[71.48,51.12938],[71.48,51.1256]]]},"properties":{"id":1370,"trees":5,"canopy":21,"park_dist":461,"pass_trees":true,"pass_canopy":false,"pass_dist":false,"score":1,"mock":true}},{"type":"Feature","id":1371,"geometry":{"type":"Polygon","coordinates":[[[71.48,51.12938],[71.486,51.12938],[71.486,51.13316],[71.48,51.13316],[71.48,51.12938]]]},"properties":{"id":1371,"trees":5,"canopy":25,"park_dist":592,"pass_trees":true,"pass_canopy":false,"pass_dist":false,"score":1,"mock":true}},{"type":"Feature","id":1372,"geometry":{"type":"Polygon","coordinates":[[[71.48,51.13316],[71.486,51.13316],[71.486,51.13694],[71.48,51.13694],[71.48,51.13316]]]},"properties":{"id":1372,"trees":4,"canopy":21,"park_dist":551,"pass_trees":true,"pass_canopy":false,"pass_dist":false,"score":1,"mock":true}},{"type":"Feature","id":1373,"geometry":{"type":"Polygon","coordinates":[[[71.48,51.13694],[71.486,51.13694],[71.486,51.14072],[71.48,51.14072],[71.48,51.13694]]]},"properties":{"id":1373,"trees":4,"canopy":17,"park_dist":638,"pass_trees":true,"pass_canopy":false,"pass_dist":false,"score":1,"mock":true}},{"type":"Feature","id":1374,"geometry":{"type":"Polygon","coordinates":[[[71.48,51.14072],[71.486,51.14072],[71.486,51.1445],[71.48,51.1445],[71.48,51.14072]]]},"properties":{"id":1374,"trees":3,"canopy":16,"park_dist":765,"pass_trees":true,"pass_canopy":false,"pass_dist":false,"score":1,"mock":true}},{"type":"Feature","id":1375,"geometry":{"type":"Polygon","coordinates":[[[71.48,51.1445],[71.486,51.1445],[71.486,51.14828],[71.48,51.14828],[71.48,51.1445]]]},"properties":{"id":1375,"trees":3,"canopy":16,"park_dist":799,"pass_trees":true,"pass_canopy":false,"pass_dist":false,"score":1,"mock":true}},{"type":"Feature","id":1376,"geometry":{"type":"Polygon","coordinates":[[[71.48,51.14828],[71.486,51.14828],[71.486,51.15206],[71.48,51.15206],[71.48,51.14828]]]},"properties":{"id":1376,"trees":2,"canopy":12,"park_dist":836,"pass_trees":false,"pass_canopy":false,"pass_dist":false,"score":0,"mock":true}},{"type":"Feature","id":1377,"geometry":{"type":"Polygon","coordinates":[[[71.48,51.15206],[71.486,51.15206],[71.486,51.15584],[71.48,51.15584],[71.48,51.15206]]]},"properties":{"id":1377,"trees":3,"canopy":13,"park_dist":923,"pass_trees":true,"pass_canopy":false,"pass_dist":false,"score":1,"mock":true}},{"type":"Feature","id":1378,"geometry":{"type":"Polygon","coordinates":[[[71.48,51.15584],[71.486,51.15584],[71.486,51.15962],[71.48,51.15962],[71.48,51.15584]]]},"properties":{"id":1378,"trees":2,"canopy":13,"park_dist":886,"pass_trees":false,"pass_canopy":false,"pass_dist":false,"score":0,"mock":true}},{"type":"Feature","id":1379,"geometry":{"type":"Polygon","coordinates":[[[71.48,51.15962],[71.486,51.15962],[71.486,51.1634],[71.48,51.1634],[71.48,51.15962]]]},"properties":{"id":1379,"trees":3,"canopy":12,"park_dist":840,"pass_trees":true,"pass_canopy":false,"pass_dist":false,"score":1,"mock":true}},{"type":"Feature","id":1380,"geometry":{"type":"Polygon","coordinates":[[[71.48,51.1634],[71.486,51.1634],[71.486,51.16718],[71.48,51.16718],[71.48,51.1634]]]},"properties":{"id":1380,"trees":3,"canopy":14,"park_dist":925,"pass_trees":true,"pass_canopy":false,"pass_dist":false,"score":1,"mock":true}},{"type":"Feature","id":1381,"geometry":{"type":"Polygon","coordinates":[[[71.48,51.16718],[71.486,51.16718],[71.486,51.17096],[71.48,51.17096],[71.48,51.16718]]]},"properties":{"id":1381,"trees":2,"canopy":14,"park_dist":835,"pass_trees":false,"pass_canopy":false,"pass_dist":false,"score":0,"mock":true}},{"type":"Feature","id":1382,"geometry":{"type":"Polygon","coordinates":[[[71.48,51.17096],[71.486,51.17096],[71.486,51.17474],[71.48,51.17474],[71.48,51.17096]]]},"properties":{"id":1382,"trees":2,"canopy":11,"park_dist":906,"pass_trees":false,"pass_canopy":false,"pass_dist":false,"score":0,"mock":true}},{"type":"Feature","id":1383,"geometry":{"type":"Polygon","coordinates":[[[71.48,51.17474],[71.486,51.17474],[71.486,51.17852],[71.48,51.17852],[71.48,51.17474]]]},"properties":{"id":1383,"trees":1,"canopy":7,"park_dist":958,"pass_trees":false,"pass_canopy":false,"pass_dist":false,"score":0,"mock":true}},{"type":"Feature","id":1384,"geometry":{"type":"Polygon","coordinates":[[[71.48,51.17852],[71.486,51.17852],[71.486,51.1823],[71.48,51.1823],[71.48,51.17852]]]},"properties":{"id":1384,"trees":2,"canopy":7,"park_dist":908,"pass_trees":false,"pass_canopy":false,"pass_dist":false,"score":0,"mock":true}},{"type":"Feature","id":1385,"geometry":{"type":"Polygon","coordinates":[[[71.48,51.1823],[71.486,51.1823],[71.486,51.18608],[71.48,51.18608],[71.48,51.1823]]]},"properties":{"id":1385,"trees":2,"canopy":9,"park_dist":840,"pass_trees":false,"pass_canopy":false,"pass_dist":false,"score":0,"mock":true}},{"type":"Feature","id":1386,"geometry":{"type":"Polygon","coordinates":[[[71.48,51.18608],[71.486,51.18608],[71.486,51.18986],[71.48,51.18986],[71.48,51.18608]]]},"properties":{"id":1386,"trees":2,"canopy":14,"park_dist":851,"pass_trees":false,"pass_canopy":false,"pass_dist":false,"score":0,"mock":true}},{"type":"Feature","id":1387,"geometry":{"type":"Polygon","coordinates":[[[71.48,51.18986],[71.486,51.18986],[71.486,51.19364],[71.48,51.19364],[71.48,51.18986]]]},"properties":{"id":1387,"trees":2,"canopy":11,"park_dist":968,"pass_trees":false,"pass_canopy":false,"pass_dist":false,"score":0,"mock":true}},{"type":"Feature","id":1388,"geometry":{"type":"Polygon","coordinates":[[[71.48,51.19364],[71.486,51.19364],[71.486,51.19742],[71.48,51.19742],[71.48,51.19364]]]},"properties":{"id":1388,"trees":3,"canopy":14,"park_dist":830,"pass_trees":true,"pass_canopy":false,"pass_dist":false,"score":1,"mock":true}},{"type":"Feature","id":1389,"geometry":{"type":"Polygon","coordinates":[[[71.48,51.19742],[71.486,51.19742],[71.486,51.2012],[71.48,51.2012],[71.48,51.19742]]]},"properties":{"id":1389,"trees":3,"canopy":19,"park_dist":786,"pass_trees":true,"pass_canopy":false,"pass_dist":false,"score":1,"mock":true}},{"type":"Feature","id":1390,"geometry":{"type":"Polygon","coordinates":[[[71.48,51.2012],[71.486,51.2012],[71.486,51.20498],[71.48,51.20498],[71.48,51.2012]]]},"properties":{"id":1390,"trees":2,"canopy":16,"park_dist":890,"pass_trees":false,"pass_canopy":false,"pass_dist":false,"score":0,"mock":true}},{"type":"Feature","id":1391,"geometry":{"type":"Polygon","coordinates":[[[71.48,51.20498],[71.486,51.20498],[71.486,51.20876],[71.48,51.20876],[71.48,51.20498]]]},"properties":{"id":1391,"trees":3,"canopy":12,"park_dist":886,"pass_trees":true,"pass_canopy":false,"pass_dist":false,"score":1,"mock":true}},{"type":"Feature","id":1392,"geometry":{"type":"Polygon","coordinates":[[[71.48,51.20876],[71.486,51.20876],[71.486,51.21254],[71.48,51.21254],[71.48,51.20876]]]},"properties":{"id":1392,"trees":2,"canopy":17,"park_dist":869,"pass_trees":false,"pass_canopy":false,"pass_dist":false,"score":0,"mock":true}},{"type":"Feature","id":1393,"geometry":{"type":"Polygon","coordinates":[[[71.48,51.21254],[71.486,51.21254],[71.486,51.21632],[71.48,51.21632],[71.48,51.21254]]]},"properties":{"id":1393,"trees":3,"canopy":17,"park_dist":859,"pass_trees":true,"pass_canopy":false,"pass_dist":false,"score":1,"mock":true}},{"type":"Feature","id":1394,"geometry":{"type":"Polygon","coordinates":[[[71.48,51.21632],[71.486,51.21632],[71.486,51.2201],[71.48,51.2201],[71.48,51.21632]]]},"properties":{"id":1394,"trees":3,"canopy":14,"park_dist":779,"pass_trees":true,"pass_canopy":false,"pass_dist":false,"score":1,"mock":true}},{"type":"Feature","id":1395,"geometry":{"type":"Polygon","coordinates":[[[71.486,51.05],[71.492,51.05],[71.492,51.05378],[71.486,51.05378],[71.486,51.05]]]},"properties":{"id":1395,"trees":3,"canopy":17,"park_dist":805,"pass_trees":true,"pass_canopy":false,"pass_dist":false,"score":1,"mock":true}},{"type":"Feature","id":1396,"geometry":{"type":"Polygon","coordinates":[[[71.486,51.05378],[71.492,51.05378],[71.492,51.05756],[71.486,51.05756],[71.486,51.05378]]]},"properties":{"id":1396,"trees":2,"canopy":13,"park_dist":850,"pass_trees":false,"pass_canopy":false,"pass_dist":false,"score":0,"mock":true}},{"type":"Feature","id":1397,"geometry":{"type":"Polygon","coordinates":[[[71.486,51.05756],[71.492,51.05756],[71.492,51.06134],[71.486,51.06134],[71.486,51.05756]]]},"properties":{"id":1397,"trees":3,"canopy":17,"park_dist":722,"pass_trees":true,"pass_canopy":false,"pass_dist":false,"score":1,"mock":true}},{"type":"Feature","id":1398,"geometry":{"type":"Polygon","coordinates":[[[71.486,51.06134],[71.492,51.06134],[71.492,51.06512],[71.486,51.06512],[71.486,51.06134]]]},"properties":{"id":1398,"trees":3,"canopy":18,"park_dist":804,"pass_trees":true,"pass_canopy":false,"pass_dist":false,"score":1,"mock":true}},{"type":"Feature","id":1399,"geometry":{"type":"Polygon","coordinates":[[[71.486,51.06512],[71.492,51.06512],[71.492,51.0689],[71.486,51.0689],[71.486,51.06512]]]},"properties":{"id":1399,"trees":2,"canopy":12,"park_dist":813,"pass_trees":false,"pass_canopy":false,"pass_dist":false,"score":0,"mock":true}},{"type":"Feature","id":1400,"geometry":{"type":"Polygon","coordinates":[[[71.486,51.0689],[71.492,51.0689],[71.492,51.07268],[71.486,51.07268],[71.486,51.0689]]]},"properties":{"id":1400,"trees":3,"canopy":13,"park_dist":881,"pass_trees":true,"pass_canopy":false,"pass_dist":false,"score":1,"mock":true}},{"type":"Feature","id":1401,"geometry":{"type":"Polygon","coordinates":[[[71.486,51.07268],[71.492,51.07268],[71.492,51.07646],[71.486,51.07646],[71.486,51.07268]]]},"properties":{"id":1401,"trees":2,"canopy":13,"park_dist":896,"pass_trees":false,"pass_canopy":false,"pass_dist":false,"score":0,"mock":true}},{"type":"Feature","id":1402,"geometry":{"type":"Polygon","coordinates":[[[71.486,51.07646],[71.492,51.07646],[71.492,51.08024],[71.486,51.08024],[71.486,51.07646]]]},"properties":{"id":1402,"trees":2,"canopy":13,"park_dist":840,"pass_trees":false,"pass_canopy":false,"pass_dist":false,"score":0,"mock":true}},{"type":"Feature","id":1403,"geometry":{"type":"Polygon","coordinates":[[[71.486,51.08024],[71.492,51.08024],[71.492,51.08402],[71.486,51.08402],[71.486,51.08024]]]},"properties":{"id":1403,"trees":2,"canopy":13,"park_dist":849,"pass_trees":false,"pass_canopy":false,"pass_dist":false,"score":0,"mock":true}},{"type":"Feature","id":1404,"geometry":{"type":"Polygon","coordinates":[[[71.486,51.08402],[71.492,51.08402],[71.492,51.0878],[71.486,51.0878],[71.486,51.08402]]]},"properties":{"id":1404,"trees":2,"canopy":14,"park_dist":889,"pass_trees":false,"pass_canopy":false,"pass_dist":false,"score":0,"mock":true}},{"type":"Feature","id":1405,"geometry":{"type":"Polygon","coordinates":[[[71.486,51.0878],[71.492,51.0878],[71.492,51.09158],[71.486,51.09158],[71.486,51.0878]]]},"properties":{"id":1405,"trees":3,"canopy":11,"park_dist":846,"pass_trees":true,"pass_canopy":false,"pass_dist":false,"score":1,"mock":true}},{"type":"Feature","id":1406,"geometry":{"type":"Polygon","coordinates":[[[71.486,51.09158],[71.492,51.09158],[71.492,51.09536],[71.486,51.09536],[71.486,51.09158]]]},"properties":{"id":1406,"trees":3,"canopy":14,"park_dist":930,"pass_trees":true,"pass_canopy":false,"pass_dist":false,"score":1,"mock":true}},{"type":"Feature","id":1407,"geometry":{"type":"Polygon","coordinates":[[[71.486,51.09536],[71.492,51.09536],[71.492,51.09914],[71.486,51.09914],[71.486,51.09536]]]},"properties":{"id":1407,"trees":2,"canopy":16,"park_dist":787,"pass_trees":false,"pass_canopy":false,"pass_dist":false,"score":0,"mock":true}},{"type":"Feature","id":1408,"geometry":{"type":"Polygon","coordinates":[[[71.486,51.09914],[71.492,51.09914],[71.492,51.10292],[71.486,51.10292],[71.486,51.09914]]]},"properties":{"id":1408,"trees":3,"canopy":13,"park_dist":814,"pass_trees":true,"pass_canopy":false,"pass_dist":false,"score":1,"mock":true}},{"type":"Feature","id":1409,"geometry":{"type":"Polygon","coordinates":[[[71.486,51.10292],[71.492,51.10292],[71.492,51.1067],[71.486,51.1067],[71.486,51.10292]]]},"properties":{"id":1409,"trees":3,"canopy":17,"park_dist":768,"pass_trees":true,"pass_canopy":false,"pass_dist":false,"score":1,"mock":true}},{"type":"Feature","id":1410,"geometry":{"type":"Polygon","coordinates":[[[71.486,51.1067],[71.492,51.1067],[71.492,51.11048],[71.486,51.11048],[71.486,51.1067]]]},"properties":{"id":1410,"trees":3,"canopy":14,"park_dist":736,"pass_trees":true,"pass_canopy":false,"pass_dist":false,"score":1,"mock":true}},{"type":"Feature","id":1411,"geometry":{"type":"Polygon","coordinates":[[[71.486,51.11048],[71.492,51.11048],[71.492,51.11426],[71.486,51.11426],[71.486,51.11048]]]},"properties":{"id":1411,"trees":3,"canopy":17,"park_dist":707,"pass_trees":true,"pass_canopy":false,"pass_dist":false,"score":1,"mock":true}},{"type":"Feature","id":1412,"geometry":{"type":"Polygon","coordinates":[[[71.486,51.11426],[71.492,51.11426],[71.492,51.11804],[71.486,51.11804],[71.486,51.11426]]]},"properties":{"id":1412,"trees":3,"canopy":19,"park_dist":648,"pass_trees":true,"pass_canopy":false,"pass_dist":false,"score":1,"mock":true}},{"type":"Feature","id":1413,"geometry":{"type":"Polygon","coordinates":[[[71.486,51.11804],[71.492,51.11804],[71.492,51.12182],[71.486,51.12182],[71.486,51.11804]]]},"properties":{"id":1413,"trees":4,"canopy":14,"park_dist":762,"pass_trees":true,"pass_canopy":false,"pass_dist":false,"score":1,"mock":true}},{"type":"Feature","id":1414,"geometry":{"type":"Polygon","coordinates":[[[71.486,51.12182],[71.492,51.12182],[71.492,51.1256],[71.486,51.1256],[71.486,51.12182]]]},"properties":{"id":1414,"trees":3,"canopy":19,"park_dist":767,"pass_trees":true,"pass_canopy":false,"pass_dist":false,"score":1,"mock":true}},{"type":"Feature","id":1415,"geometry":{"type":"Polygon","coordinates":[[[71.486,51.1256],[71.492,51.1256],[71.492,51.12938],[71.486,51.12938],[71.486,51.1256]]]},"properties":{"id":1415,"trees":3,"canopy":16,"park_dist":858,"pass_trees":true,"pass_canopy":false,"pass_dist":false,"score":1,"mock":true}},{"type":"Feature","id":1416,"geometry":{"type":"Polygon","coordinates":[[[71.486,51.12938],[71.492,51.12938],[71.492,51.13316],[71.486,51.13316],[71.486,51.12938]]]},"properties":{"id":1416,"trees":2,"canopy":12,"park_dist":878,"pass_trees":false,"pass_canopy":false,"pass_dist":false,"score":0,"mock":true}},{"type":"Feature","id":1417,"geometry":{"type":"Polygon","coordinates":[[[71.486,51.13316],[71.492,51.13316],[71.492,51.13694],[71.486,51.13694],[71.486,51.13316]]]},"properties":{"id":1417,"trees":2,"canopy":14,"park_dist":885,"pass_trees":false,"pass_canopy":false,"pass_dist":false,"score":0,"mock":true}},{"type":"Feature","id":1418,"geometry":{"type":"Polygon","coordinates":[[[71.486,51.13694],[71.492,51.13694],[71.492,51.14072],[71.486,51.14072],[71.486,51.13694]]]},"properties":{"id":1418,"trees":3,"canopy":11,"park_dist":884,"pass_trees":true,"pass_canopy":false,"pass_dist":false,"score":1,"mock":true}},{"type":"Feature","id":1419,"geometry":{"type":"Polygon","coordinates":[[[71.486,51.14072],[71.492,51.14072],[71.492,51.1445],[71.486,51.1445],[71.486,51.14072]]]},"properties":{"id":1419,"trees":2,"canopy":10,"park_dist":937,"pass_trees":false,"pass_canopy":false,"pass_dist":false,"score":0,"mock":true}},{"type":"Feature","id":1420,"geometry":{"type":"Polygon","coordinates":[[[71.486,51.1445],[71.492,51.1445],[71.492,51.14828],[71.486,51.14828],[71.486,51.1445]]]},"properties":{"id":1420,"trees":2,"canopy":9,"park_dist":997,"pass_trees":false,"pass_canopy":false,"pass_dist":false,"score":0,"mock":true}},{"type":"Feature","id":1421,"geometry":{"type":"Polygon","coordinates":[[[71.486,51.14828],[71.492,51.14828],[71.492,51.15206],[71.486,51.15206],[71.486,51.14828]]]},"properties":{"id":1421,"trees":2,"canopy":7,"park_dist":971,"pass_trees":false,"pass_canopy":false,"pass_dist":false,"score":0,"mock":true}},{"type":"Feature","id":1422,"geometry":{"type":"Polygon","coordinates":[[[71.486,51.15206],[71.492,51.15206],[71.492,51.15584],[71.486,51.15584],[71.486,51.15206]]]},"properties":{"id":1422,"trees":2,"canopy":11,"park_dist":1017,"pass_trees":false,"pass_canopy":false,"pass_dist":false,"score":0,"mock":true}},{"type":"Feature","id":1423,"geometry":{"type":"Polygon","coordinates":[[[71.486,51.15584],[71.492,51.15584],[71.492,51.15962],[71.486,51.15962],[71.486,51.15584]]]},"properties":{"id":1423,"trees":1,"canopy":8,"park_dist":1170,"pass_trees":false,"pass_canopy":false,"pass_dist":false,"score":0,"mock":true}},{"type":"Feature","id":1424,"geometry":{"type":"Polygon","coordinates":[[[71.486,51.15962],[71.492,51.15962],[71.492,51.1634],[71.486,51.1634],[71.486,51.15962]]]},"properties":{"id":1424,"trees":0,"canopy":9,"park_dist":986,"pass_trees":false,"pass_canopy":false,"pass_dist":false,"score":0,"mock":true}},{"type":"Feature","id":1425,"geometry":{"type":"Polygon","coordinates":[[[71.486,51.1634],[71.492,51.1634],[71.492,51.16718],[71.486,51.16718],[71.486,51.1634]]]},"properties":{"id":1425,"trees":1,"canopy":4,"park_dist":1088,"pass_trees":false,"pass_canopy":false,"pass_dist":false,"score":0,"mock":true}},{"type":"Feature","id":1426,"geometry":{"type":"Polygon","coordinates":[[[71.486,51.16718],[71.492,51.16718],[71.492,51.17096],[71.486,51.17096],[71.486,51.16718]]]},"properties":{"id":1426,"trees":1,"canopy":6,"park_dist":1063,"pass_trees":false,"pass_canopy":false,"pass_dist":false,"score":0,"mock":true}},{"type":"Feature","id":1427,"geometry":{"type":"Polygon","coordinates":[[[71.486,51.17096],[71.492,51.17096],[71.492,51.17474],[71.486,51.17474],[71.486,51.17096]]]},"properties":{"id":1427,"trees":2,"canopy":9,"park_dist":988,"pass_trees":false,"pass_canopy":false,"pass_dist":false,"score":0,"mock":true}},{"type":"Feature","id":1428,"geometry":{"type":"Polygon","coordinates":[[[71.486,51.17474],[71.492,51.17474],[71.492,51.17852],[71.486,51.17852],[71.486,51.17474]]]},"properties":{"id":1428,"trees":2,"canopy":11,"park_dist":916,"pass_trees":false,"pass_canopy":false,"pass_dist":false,"score":0,"mock":true}},{"type":"Feature","id":1429,"geometry":{"type":"Polygon","coordinates":[[[71.486,51.17852],[71.492,51.17852],[71.492,51.1823],[71.486,51.1823],[71.486,51.17852]]]},"properties":{"id":1429,"trees":1,"canopy":13,"park_dist":975,"pass_trees":false,"pass_canopy":false,"pass_dist":false,"score":0,"mock":true}},{"type":"Feature","id":1430,"geometry":{"type":"Polygon","coordinates":[[[71.486,51.1823],[71.492,51.1823],[71.492,51.18608],[71.486,51.18608],[71.486,51.1823]]]},"properties":{"id":1430,"trees":2,"canopy":9,"park_dist":978,"pass_trees":false,"pass_canopy":false,"pass_dist":false,"score":0,"mock":true}},{"type":"Feature","id":1431,"geometry":{"type":"Polygon","coordinates":[[[71.486,51.18608],[71.492,51.18608],[71.492,51.18986],[71.486,51.18986],[71.486,51.18608]]]},"properties":{"id":1431,"trees":2,"canopy":7,"park_dist":869,"pass_trees":false,"pass_canopy":false,"pass_dist":false,"score":0,"mock":true}},{"type":"Feature","id":1432,"geometry":{"type":"Polygon","coordinates":[[[71.486,51.18986],[71.492,51.18986],[71.492,51.19364],[71.486,51.19364],[71.486,51.18986]]]},"properties":{"id":1432,"trees":1,"canopy":11,"park_dist":935,"pass_trees":false,"pass_canopy":false,"pass_dist":false,"score":0,"mock":true}},{"type":"Feature","id":1433,"geometry":{"type":"Polygon","coordinates":[[[71.486,51.19364],[71.492,51.19364],[71.492,51.19742],[71.486,51.19742],[71.486,51.19364]]]},"properties":{"id":1433,"trees":2,"canopy":17,"park_dist":862,"pass_trees":false,"pass_canopy":false,"pass_dist":false,"score":0,"mock":true}},{"type":"Feature","id":1434,"geometry":{"type":"Polygon","coordinates":[[[71.486,51.19742],[71.492,51.19742],[71.492,51.2012],[71.486,51.2012],[71.486,51.19742]]]},"properties":{"id":1434,"trees":2,"canopy":15,"park_dist":898,"pass_trees":false,"pass_canopy":false,"pass_dist":false,"score":0,"mock":true}},{"type":"Feature","id":1435,"geometry":{"type":"Polygon","coordinates":[[[71.486,51.2012],[71.492,51.2012],[71.492,51.20498],[71.486,51.20498],[71.486,51.2012]]]},"properties":{"id":1435,"trees":3,"canopy":10,"park_dist":907,"pass_trees":true,"pass_canopy":false,"pass_dist":false,"score":1,"mock":true}},{"type":"Feature","id":1436,"geometry":{"type":"Polygon","coordinates":[[[71.486,51.20498],[71.492,51.20498],[71.492,51.20876],[71.486,51.20876],[71.486,51.20498]]]},"properties":{"id":1436,"trees":3,"canopy":15,"park_dist":836,"pass_trees":true,"pass_canopy":false,"pass_dist":false,"score":1,"mock":true}},{"type":"Feature","id":1437,"geometry":{"type":"Polygon","coordinates":[[[71.486,51.20876],[71.492,51.20876],[71.492,51.21254],[71.486,51.21254],[71.486,51.20876]]]},"properties":{"id":1437,"trees":2,"canopy":18,"park_dist":805,"pass_trees":false,"pass_canopy":false,"pass_dist":false,"score":0,"mock":true}},{"type":"Feature","id":1438,"geometry":{"type":"Polygon","coordinates":[[[71.486,51.21254],[71.492,51.21254],[71.492,51.21632],[71.486,51.21632],[71.486,51.21254]]]},"properties":{"id":1438,"trees":3,"canopy":12,"park_dist":813,"pass_trees":true,"pass_canopy":false,"pass_dist":false,"score":1,"mock":true}},{"type":"Feature","id":1439,"geometry":{"type":"Polygon","coordinates":[[[71.486,51.21632],[71.492,51.21632],[71.492,51.2201],[71.486,51.2201],[71.486,51.21632]]]},"properties":{"id":1439,"trees":3,"canopy":14,"park_dist":805,"pass_trees":true,"pass_canopy":false,"pass_dist":false,"score":1,"mock":true}},{"type":"Feature","id":1440,"geometry":{"type":"Polygon","coordinates":[[[71.492,51.05],[71.498,51.05],[71.498,51.05378],[71.492,51.05378],[71.492,51.05]]]},"properties":{"id":1440,"trees":4,"canopy":21,"park_dist":673,"pass_trees":true,"pass_canopy":false,"pass_dist":false,"score":1,"mock":true}},{"type":"Feature","id":1441,"geometry":{"type":"Polygon","coordinates":[[[71.492,51.05378],[71.498,51.05378],[71.498,51.05756],[71.492,51.05756],[71.492,51.05378]]]},"properties":{"id":1441,"trees":2,"canopy":9,"park_dist":950,"pass_trees":false,"pass_canopy":false,"pass_dist":false,"score":0,"mock":true}},{"type":"Feature","id":1442,"geometry":{"type":"Polygon","coordinates":[[[71.492,51.05756],[71.498,51.05756],[71.498,51.06134],[71.492,51.06134],[71.492,51.05756]]]},"properties":{"id":1442,"trees":3,"canopy":16,"park_dist":781,"pass_trees":true,"pass_canopy":false,"pass_dist":false,"score":1,"mock":true}},{"type":"Feature","id":1443,"geometry":{"type":"Polygon","coordinates":[[[71.492,51.06134],[71.498,51.06134],[71.498,51.06512],[71.492,51.06512],[71.492,51.06134]]]},"properties":{"id":1443,"trees":2,"canopy":12,"park_dist":784,"pass_trees":false,"pass_canopy":false,"pass_dist":false,"score":0,"mock":true}},{"type":"Feature","id":1444,"geometry":{"type":"Polygon","coordinates":[[[71.492,51.06512],[71.498,51.06512],[71.498,51.0689],[71.492,51.0689],[71.492,51.06512]]]},"properties":{"id":1444,"trees":3,"canopy":17,"park_dist":743,"pass_trees":true,"pass_canopy":false,"pass_dist":false,"score":1,"mock":true}},{"type":"Feature","id":1445,"geometry":{"type":"Polygon","coordinates":[[[71.492,51.0689],[71.498,51.0689],[71.498,51.07268],[71.492,51.07268],[71.492,51.0689]]]},"properties":{"id":1445,"trees":2,"canopy":16,"park_dist":870,"pass_trees":false,"pass_canopy":false,"pass_dist":false,"score":0,"mock":true}},{"type":"Feature","id":1446,"geometry":{"type":"Polygon","coordinates":[[[71.492,51.07268],[71.498,51.07268],[71.498,51.07646],[71.492,51.07646],[71.492,51.07268]]]},"properties":{"id":1446,"trees":2,"canopy":10,"park_dist":847,"pass_trees":false,"pass_canopy":false,"pass_dist":false,"score":0,"mock":true}},{"type":"Feature","id":1447,"geometry":{"type":"Polygon","coordinates":[[[71.492,51.07646],[71.498,51.07646],[71.498,51.08024],[71.492,51.08024],[71.492,51.07646]]]},"properties":{"id":1447,"trees":3,"canopy":12,"park_dist":818,"pass_trees":true,"pass_canopy":false,"pass_dist":false,"score":1,"mock":true}},{"type":"Feature","id":1448,"geometry":{"type":"Polygon","coordinates":[[[71.492,51.08024],[71.498,51.08024],[71.498,51.08402],[71.492,51.08402],[71.492,51.08024]]]},"properties":{"id":1448,"trees":3,"canopy":11,"park_dist":849,"pass_trees":true,"pass_canopy":false,"pass_dist":false,"score":1,"mock":true}},{"type":"Feature","id":1449,"geometry":{"type":"Polygon","coordinates":[[[71.492,51.08402],[71.498,51.08402],[71.498,51.0878],[71.492,51.0878],[71.492,51.08402]]]},"properties":{"id":1449,"trees":2,"canopy":14,"park_dist":904,"pass_trees":false,"pass_canopy":false,"pass_dist":false,"score":0,"mock":true}},{"type":"Feature","id":1450,"geometry":{"type":"Polygon","coordinates":[[[71.492,51.0878],[71.498,51.0878],[71.498,51.09158],[71.492,51.09158],[71.492,51.0878]]]},"properties":{"id":1450,"trees":1,"canopy":6,"park_dist":1050,"pass_trees":false,"pass_canopy":false,"pass_dist":false,"score":0,"mock":true}},{"type":"Feature","id":1451,"geometry":{"type":"Polygon","coordinates":[[[71.492,51.09158],[71.498,51.09158],[71.498,51.09536],[71.492,51.09536],[71.492,51.09158]]]},"properties":{"id":1451,"trees":2,"canopy":13,"park_dist":882,"pass_trees":false,"pass_canopy":false,"pass_dist":false,"score":0,"mock":true}},{"type":"Feature","id":1452,"geometry":{"type":"Polygon","coordinates":[[[71.492,51.09536],[71.498,51.09536],[71.498,51.09914],[71.492,51.09914],[71.492,51.09536]]]},"properties":{"id":1452,"trees":3,"canopy":16,"park_dist":954,"pass_trees":true,"pass_canopy":false,"pass_dist":false,"score":1,"mock":true}},{"type":"Feature","id":1453,"geometry":{"type":"Polygon","coordinates":[[[71.492,51.09914],[71.498,51.09914],[71.498,51.10292],[71.492,51.10292],[71.492,51.09914]]]},"properties":{"id":1453,"trees":2,"canopy":11,"park_dist":860,"pass_trees":false,"pass_canopy":false,"pass_dist":false,"score":0,"mock":true}},{"type":"Feature","id":1454,"geometry":{"type":"Polygon","coordinates":[[[71.492,51.10292],[71.498,51.10292],[71.498,51.1067],[71.492,51.1067],[71.492,51.10292]]]},"properties":{"id":1454,"trees":2,"canopy":13,"park_dist":971,"pass_trees":false,"pass_canopy":false,"pass_dist":false,"score":0,"mock":true}},{"type":"Feature","id":1455,"geometry":{"type":"Polygon","coordinates":[[[71.492,51.1067],[71.498,51.1067],[71.498,51.11048],[71.492,51.11048],[71.492,51.1067]]]},"properties":{"id":1455,"trees":2,"canopy":10,"park_dist":1046,"pass_trees":false,"pass_canopy":false,"pass_dist":false,"score":0,"mock":true}},{"type":"Feature","id":1456,"geometry":{"type":"Polygon","coordinates":[[[71.492,51.11048],[71.498,51.11048],[71.498,51.11426],[71.492,51.11426],[71.492,51.11048]]]},"properties":{"id":1456,"trees":2,"canopy":7,"park_dist":954,"pass_trees":false,"pass_canopy":false,"pass_dist":false,"score":0,"mock":true}},{"type":"Feature","id":1457,"geometry":{"type":"Polygon","coordinates":[[[71.492,51.11426],[71.498,51.11426],[71.498,51.11804],[71.492,51.11804],[71.492,51.11426]]]},"properties":{"id":1457,"trees":0,"canopy":8,"park_dist":944,"pass_trees":false,"pass_canopy":false,"pass_dist":false,"score":0,"mock":true}},{"type":"Feature","id":1458,"geometry":{"type":"Polygon","coordinates":[[[71.492,51.11804],[71.498,51.11804],[71.498,51.12182],[71.492,51.12182],[71.492,51.11804]]]},"properties":{"id":1458,"trees":2,"canopy":10,"park_dist":979,"pass_trees":false,"pass_canopy":false,"pass_dist":false,"score":0,"mock":true}},{"type":"Feature","id":1459,"geometry":{"type":"Polygon","coordinates":[[[71.492,51.12182],[71.498,51.12182],[71.498,51.1256],[71.492,51.1256],[71.492,51.12182]]]},"properties":{"id":1459,"trees":2,"canopy":8,"park_dist":966,"pass_trees":false,"pass_canopy":false,"pass_dist":false,"score":0,"mock":true}},{"type":"Feature","id":1460,"geometry":{"type":"Polygon","coordinates":[[[71.492,51.1256],[71.498,51.1256],[71.498,51.12938],[71.492,51.12938],[71.492,51.1256]]]},"properties":{"id":1460,"trees":2,"canopy":10,"park_dist":787,"pass_trees":false,"pass_canopy":false,"pass_dist":false,"score":0,"mock":true}},{"type":"Feature","id":1461,"geometry":{"type":"Polygon","coordinates":[[[71.492,51.12938],[71.498,51.12938],[71.498,51.13316],[71.492,51.13316],[71.492,51.12938]]]},"properties":{"id":1461,"trees":2,"canopy":7,"park_dist":1078,"pass_trees":false,"pass_canopy":false,"pass_dist":false,"score":0,"mock":true}},{"type":"Feature","id":1462,"geometry":{"type":"Polygon","coordinates":[[[71.492,51.13316],[71.498,51.13316],[71.498,51.13694],[71.492,51.13694],[71.492,51.13316]]]},"properties":{"id":1462,"trees":1,"canopy":7,"park_dist":1063,"pass_trees":false,"pass_canopy":false,"pass_dist":false,"score":0,"mock":true}},{"type":"Feature","id":1463,"geometry":{"type":"Polygon","coordinates":[[[71.492,51.13694],[71.498,51.13694],[71.498,51.14072],[71.492,51.14072],[71.492,51.13694]]]},"properties":{"id":1463,"trees":1,"canopy":7,"park_dist":960,"pass_trees":false,"pass_canopy":false,"pass_dist":false,"score":0,"mock":true}},{"type":"Feature","id":1464,"geometry":{"type":"Polygon","coordinates":[[[71.492,51.14072],[71.498,51.14072],[71.498,51.1445],[71.492,51.1445],[71.492,51.14072]]]},"properties":{"id":1464,"trees":0,"canopy":5,"park_dist":1015,"pass_trees":false,"pass_canopy":false,"pass_dist":false,"score":0,"mock":true}},{"type":"Feature","id":1465,"geometry":{"type":"Polygon","coordinates":[[[71.492,51.1445],[71.498,51.1445],[71.498,51.14828],[71.492,51.14828],[71.492,51.1445]]]},"properties":{"id":1465,"trees":0,"canopy":5,"park_dist":1133,"pass_trees":false,"pass_canopy":false,"pass_dist":false,"score":0,"mock":true}},{"type":"Feature","id":1466,"geometry":{"type":"Polygon","coordinates":[[[71.492,51.14828],[71.498,51.14828],[71.498,51.15206],[71.492,51.15206],[71.492,51.14828]]]},"properties":{"id":1466,"trees":0,"canopy":4,"park_dist":1146,"pass_trees":false,"pass_canopy":false,"pass_dist":false,"score":0,"mock":true}},{"type":"Feature","id":1467,"geometry":{"type":"Polygon","coordinates":[[[71.492,51.15206],[71.498,51.15206],[71.498,51.15584],[71.492,51.15584],[71.492,51.15206]]]},"properties":{"id":1467,"trees":1,"canopy":10,"park_dist":1037,"pass_trees":false,"pass_canopy":false,"pass_dist":false,"score":0,"mock":true}},{"type":"Feature","id":1468,"geometry":{"type":"Polygon","coordinates":[[[71.492,51.15584],[71.498,51.15584],[71.498,51.15962],[71.492,51.15962],[71.492,51.15584]]]},"properties":{"id":1468,"trees":1,"canopy":3,"park_dist":1111,"pass_trees":false,"pass_canopy":false,"pass_dist":false,"score":0,"mock":true}},{"type":"Feature","id":1469,"geometry":{"type":"Polygon","coordinates":[[[71.492,51.15962],[71.498,51.15962],[71.498,51.1634],[71.492,51.1634],[71.492,51.15962]]]},"properties":{"id":1469,"trees":1,"canopy":3,"park_dist":1119,"pass_trees":false,"pass_canopy":false,"pass_dist":false,"score":0,"mock":true}},{"type":"Feature","id":1470,"geometry":{"type":"Polygon","coordinates":[[[71.492,51.1634],[71.498,51.1634],[71.498,51.16718],[71.492,51.16718],[71.492,51.1634]]]},"properties":{"id":1470,"trees":1,"canopy":6,"park_dist":1121,"pass_trees":false,"pass_canopy":false,"pass_dist":false,"score":0,"mock":true}},{"type":"Feature","id":1471,"geometry":{"type":"Polygon","coordinates":[[[71.492,51.16718],[71.498,51.16718],[71.498,51.17096],[71.492,51.17096],[71.492,51.16718]]]},"properties":{"id":1471,"trees":0,"canopy":5,"park_dist":1132,"pass_trees":false,"pass_canopy":false,"pass_dist":false,"score":0,"mock":true}},{"type":"Feature","id":1472,"geometry":{"type":"Polygon","coordinates":[[[71.492,51.17096],[71.498,51.17096],[71.498,51.17474],[71.492,51.17474],[71.492,51.17096]]]},"properties":{"id":1472,"trees":0,"canopy":3,"park_dist":1053,"pass_trees":false,"pass_canopy":false,"pass_dist":false,"score":0,"mock":true}},{"type":"Feature","id":1473,"geometry":{"type":"Polygon","coordinates":[[[71.492,51.17474],[71.498,51.17474],[71.498,51.17852],[71.492,51.17852],[71.492,51.17474]]]},"properties":{"id":1473,"trees":1,"canopy":2,"park_dist":1041,"pass_trees":false,"pass_canopy":false,"pass_dist":false,"score":0,"mock":true}},{"type":"Feature","id":1474,"geometry":{"type":"Polygon","coordinates":[[[71.492,51.17852],[71.498,51.17852],[71.498,51.1823],[71.492,51.1823],[71.492,51.17852]]]},"properties":{"id":1474,"trees":2,"canopy":7,"park_dist":1054,"pass_trees":false,"pass_canopy":false,"pass_dist":false,"score":0,"mock":true}},{"type":"Feature","id":1475,"geometry":{"type":"Polygon","coordinates":[[[71.492,51.1823],[71.498,51.1823],[71.498,51.18608],[71.492,51.18608],[71.492,51.1823]]]},"properties":{"id":1475,"trees":1,"canopy":6,"park_dist":1116,"pass_trees":false,"pass_canopy":false,"pass_dist":false,"score":0,"mock":true}},{"type":"Feature","id":1476,"geometry":{"type":"Polygon","coordinates":[[[71.492,51.18608],[71.498,51.18608],[71.498,51.18986],[71.492,51.18986],[71.492,51.18608]]]},"properties":{"id":1476,"trees":1,"canopy":4,"park_dist":1034,"pass_trees":false,"pass_canopy":false,"pass_dist":false,"score":0,"mock":true}},{"type":"Feature","id":1477,"geometry":{"type":"Polygon","coordinates":[[[71.492,51.18986],[71.498,51.18986],[71.498,51.19364],[71.492,51.19364],[71.492,51.18986]]]},"properties":{"id":1477,"trees":2,"canopy":12,"park_dist":894,"pass_trees":false,"pass_canopy":false,"pass_dist":false,"score":0,"mock":true}},{"type":"Feature","id":1478,"geometry":{"type":"Polygon","coordinates":[[[71.492,51.19364],[71.498,51.19364],[71.498,51.19742],[71.492,51.19742],[71.492,51.19364]]]},"properties":{"id":1478,"trees":1,"canopy":9,"park_dist":1015,"pass_trees":false,"pass_canopy":false,"pass_dist":false,"score":0,"mock":true}},{"type":"Feature","id":1479,"geometry":{"type":"Polygon","coordinates":[[[71.492,51.19742],[71.498,51.19742],[71.498,51.2012],[71.492,51.2012],[71.492,51.19742]]]},"properties":{"id":1479,"trees":3,"canopy":11,"park_dist":866,"pass_trees":true,"pass_canopy":false,"pass_dist":false,"score":1,"mock":true}},{"type":"Feature","id":1480,"geometry":{"type":"Polygon","coordinates":[[[71.492,51.2012],[71.498,51.2012],[71.498,51.20498],[71.492,51.20498],[71.492,51.2012]]]},"properties":{"id":1480,"trees":2,"canopy":13,"park_dist":888,"pass_trees":false,"pass_canopy":false,"pass_dist":false,"score":0,"mock":true}},{"type":"Feature","id":1481,"geometry":{"type":"Polygon","coordinates":[[[71.492,51.20498],[71.498,51.20498],[71.498,51.20876],[71.492,51.20876],[71.492,51.20498]]]},"properties":{"id":1481,"trees":3,"canopy":13,"park_dist":845,"pass_trees":true,"pass_canopy":false,"pass_dist":false,"score":1,"mock":true}},{"type":"Feature","id":1482,"geometry":{"type":"Polygon","coordinates":[[[71.492,51.20876],[71.498,51.20876],[71.498,51.21254],[71.492,51.21254],[71.492,51.20876]]]},"properties":{"id":1482,"trees":2,"canopy":8,"park_dist":988,"pass_trees":false,"pass_canopy":false,"pass_dist":false,"score":0,"mock":true}},{"type":"Feature","id":1483,"geometry":{"type":"Polygon","coordinates":[[[71.492,51.21254],[71.498,51.21254],[71.498,51.21632],[71.492,51.21632],[71.492,51.21254]]]},"properties":{"id":1483,"trees":3,"canopy":15,"park_dist":936,"pass_trees":true,"pass_canopy":false,"pass_dist":false,"score":1,"mock":true}},{"type":"Feature","id":1484,"geometry":{"type":"Polygon","coordinates":[[[71.492,51.21632],[71.498,51.21632],[71.498,51.2201],[71.492,51.2201],[71.492,51.21632]]]},"properties":{"id":1484,"trees":2,"canopy":12,"park_dist":844,"pass_trees":false,"pass_canopy":false,"pass_dist":false,"score":0,"mock":true}},{"type":"Feature","id":1485,"geometry":{"type":"Polygon","coordinates":[[[71.498,51.05],[71.504,51.05],[71.504,51.05378],[71.498,51.05378],[71.498,51.05]]]},"properties":{"id":1485,"trees":2,"canopy":12,"park_dist":908,"pass_trees":false,"pass_canopy":false,"pass_dist":false,"score":0,"mock":true}},{"type":"Feature","id":1486,"geometry":{"type":"Polygon","coordinates":[[[71.498,51.05378],[71.504,51.05378],[71.504,51.05756],[71.498,51.05756],[71.498,51.05378]]]},"properties":{"id":1486,"trees":2,"canopy":14,"park_dist":904,"pass_trees":false,"pass_canopy":false,"pass_dist":false,"score":0,"mock":true}},{"type":"Feature","id":1487,"geometry":{"type":"Polygon","coordinates":[[[71.498,51.05756],[71.504,51.05756],[71.504,51.06134],[71.498,51.06134],[71.498,51.05756]]]},"properties":{"id":1487,"trees":3,"canopy":19,"park_dist":758,"pass_trees":true,"pass_canopy":false,"pass_dist":false,"score":1,"mock":true}},{"type":"Feature","id":1488,"geometry":{"type":"Polygon","coordinates":[[[71.498,51.06134],[71.504,51.06134],[71.504,51.06512],[71.498,51.06512],[71.498,51.06134]]]},"properties":{"id":1488,"trees":2,"canopy":12,"park_dist":869,"pass_trees":false,"pass_canopy":false,"pass_dist":false,"score":0,"mock":true}},{"type":"Feature","id":1489,"geometry":{"type":"Polygon","coordinates":[[[71.498,51.06512],[71.504,51.06512],[71.504,51.0689],[71.498,51.0689],[71.498,51.06512]]]},"properties":{"id":1489,"trees":3,"canopy":13,"park_dist":927,"pass_trees":true,"pass_canopy":false,"pass_dist":false,"score":1,"mock":true}},{"type":"Feature","id":1490,"geometry":{"type":"Polygon","coordinates":[[[71.498,51.0689],[71.504,51.0689],[71.504,51.07268],[71.498,51.07268],[71.498,51.0689]]]},"properties":{"id":1490,"trees":2,"canopy":9,"park_dist":800,"pass_trees":false,"pass_canopy":false,"pass_dist":false,"score":0,"mock":true}},{"type":"Feature","id":1491,"geometry":{"type":"Polygon","coordinates":[[[71.498,51.07268],[71.504,51.07268],[71.504,51.07646],[71.498,51.07646],[71.498,51.07268]]]},"properties":{"id":1491,"trees":3,"canopy":16,"park_dist":906,"pass_trees":true,"pass_canopy":false,"pass_dist":false,"score":1,"mock":true}},{"type":"Feature","id":1492,"geometry":{"type":"Polygon","coordinates":[[[71.498,51.07646],[71.504,51.07646],[71.504,51.08024],[71.498,51.08024],[71.498,51.07646]]]},"properties":{"id":1492,"trees":2,"canopy":12,"park_dist":845,"pass_trees":false,"pass_canopy":false,"pass_dist":false,"score":0,"mock":true}},{"type":"Feature","id":1493,"geometry":{"type":"Polygon","coordinates":[[[71.498,51.08024],[71.504,51.08024],[71.504,51.08402],[71.498,51.08402],[71.498,51.08024]]]},"properties":{"id":1493,"trees":2,"canopy":12,"park_dist":946,"pass_trees":false,"pass_canopy":false,"pass_dist":false,"score":0,"mock":true}},{"type":"Feature","id":1494,"geometry":{"type":"Polygon","coordinates":[[[71.498,51.08402],[71.504,51.08402],[71.504,51.0878],[71.498,51.0878],[71.498,51.08402]]]},"properties":{"id":1494,"trees":1,"canopy":10,"park_dist":1017,"pass_trees":false,"pass_canopy":false,"pass_dist":false,"score":0,"mock":true}},{"type":"Feature","id":1495,"geometry":{"type":"Polygon","coordinates":[[[71.498,51.0878],[71.504,51.0878],[71.504,51.09158],[71.498,51.09158],[71.498,51.0878]]]},"properties":{"id":1495,"trees":1,"canopy":10,"park_dist":917,"pass_trees":false,"pass_canopy":false,"pass_dist":false,"score":0,"mock":true}},{"type":"Feature","id":1496,"geometry":{"type":"Polygon","coordinates":[[[71.498,51.09158],[71.504,51.09158],[71.504,51.09536],[71.498,51.09536],[71.498,51.09158]]]},"properties":{"id":1496,"trees":2,"canopy":8,"park_dist":1015,"pass_trees":false,"pass_canopy":false,"pass_dist":false,"score":0,"mock":true}},{"type":"Feature","id":1497,"geometry":{"type":"Polygon","coordinates":[[[71.498,51.09536],[71.504,51.09536],[71.504,51.09914],[71.498,51.09914],[71.498,51.09536]]]},"properties":{"id":1497,"trees":3,"canopy":10,"park_dist":903,"pass_trees":true,"pass_canopy":false,"pass_dist":false,"score":1,"mock":true}},{"type":"Feature","id":1498,"geometry":{"type":"Polygon","coordinates":[[[71.498,51.09914],[71.504,51.09914],[71.504,51.10292],[71.498,51.10292],[71.498,51.09914]]]},"properties":{"id":1498,"trees":1,"canopy":7,"park_dist":1104,"pass_trees":false,"pass_canopy":false,"pass_dist":false,"score":0,"mock":true}},{"type":"Feature","id":1499,"geometry":{"type":"Polygon","coordinates":[[[71.498,51.10292],[71.504,51.10292],[71.504,51.1067],[71.498,51.1067],[71.498,51.10292]]]},"properties":{"id":1499,"trees":1,"canopy":5,"park_dist":1005,"pass_trees":false,"pass_canopy":false,"pass_dist":false,"score":0,"mock":true}},{"type":"Feature","id":1500,"geometry":{"type":"Polygon","coordinates":[[[71.498,51.1067],[71.504,51.1067],[71.504,51.11048],[71.498,51.11048],[71.498,51.1067]]]},"properties":{"id":1500,"trees":1,"canopy":6,"park_dist":1102,"pass_trees":false,"pass_canopy":false,"pass_dist":false,"score":0,"mock":true}},{"type":"Feature","id":1501,"geometry":{"type":"Polygon","coordinates":[[[71.498,51.11048],[71.504,51.11048],[71.504,51.11426],[71.498,51.11426],[71.498,51.11048]]]},"properties":{"id":1501,"trees":1,"canopy":5,"park_dist":1102,"pass_trees":false,"pass_canopy":false,"pass_dist":false,"score":0,"mock":true}},{"type":"Feature","id":1502,"geometry":{"type":"Polygon","coordinates":[[[71.498,51.11426],[71.504,51.11426],[71.504,51.11804],[71.498,51.11804],[71.498,51.11426]]]},"properties":{"id":1502,"trees":1,"canopy":8,"park_dist":981,"pass_trees":false,"pass_canopy":false,"pass_dist":false,"score":0,"mock":true}},{"type":"Feature","id":1503,"geometry":{"type":"Polygon","coordinates":[[[71.498,51.11804],[71.504,51.11804],[71.504,51.12182],[71.498,51.12182],[71.498,51.11804]]]},"properties":{"id":1503,"trees":0,"canopy":1,"park_dist":1171,"pass_trees":false,"pass_canopy":false,"pass_dist":false,"score":0,"mock":true}},{"type":"Feature","id":1504,"geometry":{"type":"Polygon","coordinates":[[[71.498,51.12182],[71.504,51.12182],[71.504,51.1256],[71.498,51.1256],[71.498,51.12182]]]},"properties":{"id":1504,"trees":0,"canopy":1,"park_dist":1190,"pass_trees":false,"pass_canopy":false,"pass_dist":false,"score":0,"mock":true}},{"type":"Feature","id":1505,"geometry":{"type":"Polygon","coordinates":[[[71.498,51.1256],[71.504,51.1256],[71.504,51.12938],[71.498,51.12938],[71.498,51.1256]]]},"properties":{"id":1505,"trees":0,"canopy":1,"park_dist":1254,"pass_trees":false,"pass_canopy":false,"pass_dist":false,"score":0,"mock":true}},{"type":"Feature","id":1506,"geometry":{"type":"Polygon","coordinates":[[[71.498,51.12938],[71.504,51.12938],[71.504,51.13316],[71.498,51.13316],[71.498,51.12938]]]},"properties":{"id":1506,"trees":0,"canopy":1,"park_dist":1107,"pass_trees":false,"pass_canopy":false,"pass_dist":false,"score":0,"mock":true}},{"type":"Feature","id":1507,"geometry":{"type":"Polygon","coordinates":[[[71.498,51.13316],[71.504,51.13316],[71.504,51.13694],[71.498,51.13694],[71.498,51.13316]]]},"properties":{"id":1507,"trees":0,"canopy":1,"park_dist":1195,"pass_trees":false,"pass_canopy":false,"pass_dist":false,"score":0,"mock":true}},{"type":"Feature","id":1508,"geometry":{"type":"Polygon","coordinates":[[[71.498,51.13694],[71.504,51.13694],[71.504,51.14072],[71.498,51.14072],[71.498,51.13694]]]},"properties":{"id":1508,"trees":0,"canopy":2,"park_dist":1230,"pass_trees":false,"pass_canopy":false,"pass_dist":false,"score":0,"mock":true}},{"type":"Feature","id":1509,"geometry":{"type":"Polygon","coordinates":[[[71.498,51.14072],[71.504,51.14072],[71.504,51.1445],[71.498,51.1445],[71.498,51.14072]]]},"properties":{"id":1509,"trees":0,"canopy":1,"park_dist":1310,"pass_trees":false,"pass_canopy":false,"pass_dist":false,"score":0,"mock":true}},{"type":"Feature","id":1510,"geometry":{"type":"Polygon","coordinates":[[[71.498,51.1445],[71.504,51.1445],[71.504,51.14828],[71.498,51.14828],[71.498,51.1445]]]},"properties":{"id":1510,"trees":0,"canopy":1,"park_dist":1210,"pass_trees":false,"pass_canopy":false,"pass_dist":false,"score":0,"mock":true}},{"type":"Feature","id":1511,"geometry":{"type":"Polygon","coordinates":[[[71.498,51.14828],[71.504,51.14828],[71.504,51.15206],[71.498,51.15206],[71.498,51.14828]]]},"properties":{"id":1511,"trees":0,"canopy":1,"park_dist":1282,"pass_trees":false,"pass_canopy":false,"pass_dist":false,"score":0,"mock":true}},{"type":"Feature","id":1512,"geometry":{"type":"Polygon","coordinates":[[[71.498,51.15206],[71.504,51.15206],[71.504,51.15584],[71.498,51.15584],[71.498,51.15206]]]},"properties":{"id":1512,"trees":0,"canopy":2,"park_dist":1213,"pass_trees":false,"pass_canopy":false,"pass_dist":false,"score":0,"mock":true}},{"type":"Feature","id":1513,"geometry":{"type":"Polygon","coordinates":[[[71.498,51.15584],[71.504,51.15584],[71.504,51.15962],[71.498,51.15962],[71.498,51.15584]]]},"properties":{"id":1513,"trees":0,"canopy":1,"park_dist":1206,"pass_trees":false,"pass_canopy":false,"pass_dist":false,"score":0,"mock":true}},{"type":"Feature","id":1514,"geometry":{"type":"Polygon","coordinates":[[[71.498,51.15962],[71.504,51.15962],[71.504,51.1634],[71.498,51.1634],[71.498,51.15962]]]},"properties":{"id":1514,"trees":0,"canopy":1,"park_dist":1192,"pass_trees":false,"pass_canopy":false,"pass_dist":false,"score":0,"mock":true}},{"type":"Feature","id":1515,"geometry":{"type":"Polygon","coordinates":[[[71.498,51.1634],[71.504,51.1634],[71.504,51.16718],[71.498,51.16718],[71.498,51.1634]]]},"properties":{"id":1515,"trees":0,"canopy":3,"park_dist":1235,"pass_trees":false,"pass_canopy":false,"pass_dist":false,"score":0,"mock":true}},{"type":"Feature","id":1516,"geometry":{"type":"Polygon","coordinates":[[[71.498,51.16718],[71.504,51.16718],[71.504,51.17096],[71.498,51.17096],[71.498,51.16718]]]},"properties":{"id":1516,"trees":0,"canopy":4,"park_dist":1158,"pass_trees":false,"pass_canopy":false,"pass_dist":false,"score":0,"mock":true}},{"type":"Feature","id":1517,"geometry":{"type":"Polygon","coordinates":[[[71.498,51.17096],[71.504,51.17096],[71.504,51.17474],[71.498,51.17474],[71.498,51.17096]]]},"properties":{"id":1517,"trees":1,"canopy":6,"park_dist":1146,"pass_trees":false,"pass_canopy":false,"pass_dist":false,"score":0,"mock":true}},{"type":"Feature","id":1518,"geometry":{"type":"Polygon","coordinates":[[[71.498,51.17474],[71.504,51.17474],[71.504,51.17852],[71.498,51.17852],[71.498,51.17474]]]},"properties":{"id":1518,"trees":1,"canopy":9,"park_dist":1025,"pass_trees":false,"pass_canopy":false,"pass_dist":false,"score":0,"mock":true}},{"type":"Feature","id":1519,"geometry":{"type":"Polygon","coordinates":[[[71.498,51.17852],[71.504,51.17852],[71.504,51.1823],[71.498,51.1823],[71.498,51.17852]]]},"properties":{"id":1519,"trees":1,"canopy":2,"park_dist":1131,"pass_trees":false,"pass_canopy":false,"pass_dist":false,"score":0,"mock":true}},{"type":"Feature","id":1520,"geometry":{"type":"Polygon","coordinates":[[[71.498,51.1823],[71.504,51.1823],[71.504,51.18608],[71.498,51.18608],[71.498,51.1823]]]},"properties":{"id":1520,"trees":2,"canopy":13,"park_dist":843,"pass_trees":false,"pass_canopy":false,"pass_dist":false,"score":0,"mock":true}},{"type":"Feature","id":1521,"geometry":{"type":"Polygon","coordinates":[[[71.498,51.18608],[71.504,51.18608],[71.504,51.18986],[71.498,51.18986],[71.498,51.18608]]]},"properties":{"id":1521,"trees":0,"canopy":7,"park_dist":998,"pass_trees":false,"pass_canopy":false,"pass_dist":false,"score":0,"mock":true}},{"type":"Feature","id":1522,"geometry":{"type":"Polygon","coordinates":[[[71.498,51.18986],[71.504,51.18986],[71.504,51.19364],[71.498,51.19364],[71.498,51.18986]]]},"properties":{"id":1522,"trees":2,"canopy":9,"park_dist":964,"pass_trees":false,"pass_canopy":false,"pass_dist":false,"score":0,"mock":true}},{"type":"Feature","id":1523,"geometry":{"type":"Polygon","coordinates":[[[71.498,51.19364],[71.504,51.19364],[71.504,51.19742],[71.498,51.19742],[71.498,51.19364]]]},"properties":{"id":1523,"trees":2,"canopy":15,"park_dist":888,"pass_trees":false,"pass_canopy":false,"pass_dist":false,"score":0,"mock":true}},{"type":"Feature","id":1524,"geometry":{"type":"Polygon","coordinates":[[[71.498,51.19742],[71.504,51.19742],[71.504,51.2012],[71.498,51.2012],[71.498,51.19742]]]},"properties":{"id":1524,"trees":2,"canopy":12,"park_dist":832,"pass_trees":false,"pass_canopy":false,"pass_dist":false,"score":0,"mock":true}},{"type":"Feature","id":1525,"geometry":{"type":"Polygon","coordinates":[[[71.498,51.2012],[71.504,51.2012],[71.504,51.20498],[71.498,51.20498],[71.498,51.2012]]]},"properties":{"id":1525,"trees":3,"canopy":14,"park_dist":776,"pass_trees":true,"pass_canopy":false,"pass_dist":false,"score":1,"mock":true}},{"type":"Feature","id":1526,"geometry":{"type":"Polygon","coordinates":[[[71.498,51.20498],[71.504,51.20498],[71.504,51.20876],[71.498,51.20876],[71.498,51.20498]]]},"properties":{"id":1526,"trees":2,"canopy":13,"park_dist":854,"pass_trees":false,"pass_canopy":false,"pass_dist":false,"score":0,"mock":true}},{"type":"Feature","id":1527,"geometry":{"type":"Polygon","coordinates":[[[71.498,51.20876],[71.504,51.20876],[71.504,51.21254],[71.498,51.21254],[71.498,51.20876]]]},"properties":{"id":1527,"trees":2,"canopy":17,"park_dist":918,"pass_trees":false,"pass_canopy":false,"pass_dist":false,"score":0,"mock":true}},{"type":"Feature","id":1528,"geometry":{"type":"Polygon","coordinates":[[[71.498,51.21254],[71.504,51.21254],[71.504,51.21632],[71.498,51.21632],[71.498,51.21254]]]},"properties":{"id":1528,"trees":3,"canopy":15,"park_dist":844,"pass_trees":true,"pass_canopy":false,"pass_dist":false,"score":1,"mock":true}},{"type":"Feature","id":1529,"geometry":{"type":"Polygon","coordinates":[[[71.498,51.21632],[71.504,51.21632],[71.504,51.2201],[71.498,51.2201],[71.498,51.21632]]]},"properties":{"id":1529,"trees":2,"canopy":17,"park_dist":748,"pass_trees":false,"pass_canopy":false,"pass_dist":false,"score":0,"mock":true}},{"type":"Feature","id":1530,"geometry":{"type":"Polygon","coordinates":[[[71.504,51.05],[71.51,51.05],[71.51,51.05378],[71.504,51.05378],[71.504,51.05]]]},"properties":{"id":1530,"trees":3,"canopy":14,"park_dist":793,"pass_trees":true,"pass_canopy":false,"pass_dist":false,"score":1,"mock":true}},{"type":"Feature","id":1531,"geometry":{"type":"Polygon","coordinates":[[[71.504,51.05378],[71.51,51.05378],[71.51,51.05756],[71.504,51.05756],[71.504,51.05378]]]},"properties":{"id":1531,"trees":3,"canopy":14,"park_dist":871,"pass_trees":true,"pass_canopy":false,"pass_dist":false,"score":1,"mock":true}},{"type":"Feature","id":1532,"geometry":{"type":"Polygon","coordinates":[[[71.504,51.05756],[71.51,51.05756],[71.51,51.06134],[71.504,51.06134],[71.504,51.05756]]]},"properties":{"id":1532,"trees":3,"canopy":18,"park_dist":788,"pass_trees":true,"pass_canopy":false,"pass_dist":false,"score":1,"mock":true}},{"type":"Feature","id":1533,"geometry":{"type":"Polygon","coordinates":[[[71.504,51.06134],[71.51,51.06134],[71.51,51.06512],[71.504,51.06512],[71.504,51.06134]]]},"properties":{"id":1533,"trees":2,"canopy":16,"park_dist":939,"pass_trees":false,"pass_canopy":false,"pass_dist":false,"score":0,"mock":true}},{"type":"Feature","id":1534,"geometry":{"type":"Polygon","coordinates":[[[71.504,51.06512],[71.51,51.06512],[71.51,51.0689],[71.504,51.0689],[71.504,51.06512]]]},"properties":{"id":1534,"trees":1,"canopy":15,"park_dist":917,"pass_trees":false,"pass_canopy":false,"pass_dist":false,"score":0,"mock":true}},{"type":"Feature","id":1535,"geometry":{"type":"Polygon","coordinates":[[[71.504,51.0689],[71.51,51.0689],[71.51,51.07268],[71.504,51.07268],[71.504,51.0689]]]},"properties":{"id":1535,"trees":2,"canopy":10,"park_dist":910,"pass_trees":false,"pass_canopy":false,"pass_dist":false,"score":0,"mock":true}},{"type":"Feature","id":1536,"geometry":{"type":"Polygon","coordinates":[[[71.504,51.07268],[71.51,51.07268],[71.51,51.07646],[71.504,51.07646],[71.504,51.07268]]]},"properties":{"id":1536,"trees":2,"canopy":13,"park_dist":860,"pass_trees":false,"pass_canopy":false,"pass_dist":false,"score":0,"mock":true}},{"type":"Feature","id":1537,"geometry":{"type":"Polygon","coordinates":[[[71.504,51.07646],[71.51,51.07646],[71.51,51.08024],[71.504,51.08024],[71.504,51.07646]]]},"properties":{"id":1537,"trees":2,"canopy":10,"park_dist":925,"pass_trees":false,"pass_canopy":false,"pass_dist":false,"score":0,"mock":true}},{"type":"Feature","id":1538,"geometry":{"type":"Polygon","coordinates":[[[71.504,51.08024],[71.51,51.08024],[71.51,51.08402],[71.504,51.08402],[71.504,51.08024]]]},"properties":{"id":1538,"trees":2,"canopy":12,"park_dist":885,"pass_trees":false,"pass_canopy":false,"pass_dist":false,"score":0,"mock":true}},{"type":"Feature","id":1539,"geometry":{"type":"Polygon","coordinates":[[[71.504,51.08402],[71.51,51.08402],[71.51,51.0878],[71.504,51.0878],[71.504,51.08402]]]},"properties":{"id":1539,"trees":1,"canopy":10,"park_dist":990,"pass_trees":false,"pass_canopy":false,"pass_dist":false,"score":0,"mock":true}},{"type":"Feature","id":1540,"geometry":{"type":"Polygon","coordinates":[[[71.504,51.0878],[71.51,51.0878],[71.51,51.09158],[71.504,51.09158],[71.504,51.0878]]]},"properties":{"id":1540,"trees":1,"canopy":7,"park_dist":1061,"pass_trees":false,"pass_canopy":false,"pass_dist":false,"score":0,"mock":true}},{"type":"Feature","id":1541,"geometry":{"type":"Polygon","coordinates":[[[71.504,51.09158],[71.51,51.09158],[71.51,51.09536],[71.504,51.09536],[71.504,51.09158]]]},"properties":{"id":1541,"trees":2,"canopy":7,"park_dist":1034,"pass_trees":false,"pass_canopy":false,"pass_dist":false,"score":0,"mock":true}},{"type":"Feature","id":1542,"geometry":{"type":"Polygon","coordinates":[[[71.504,51.09536],[71.51,51.09536],[71.51,51.09914],[71.504,51.09914],[71.504,51.09536]]]},"properties":{"id":1542,"trees":1,"canopy":8,"park_dist":1012,"pass_trees":false,"pass_canopy":false,"pass_dist":false,"score":0,"mock":true}},{"type":"Feature","id":1543,"geometry":{"type":"Polygon","coordinates":[[[71.504,51.09914],[71.51,51.09914],[71.51,51.10292],[71.504,51.10292],[71.504,51.09914]]]},"properties":{"id":1543,"trees":1,"canopy":3,"park_dist":1033,"pass_trees":false,"pass_canopy":false,"pass_dist":false,"score":0,"mock":true}},{"type":"Feature","id":1544,"geometry":{"type":"Polygon","coordinates":[[[71.504,51.10292],[71.51,51.10292],[71.51,51.1067],[71.504,51.1067],[71.504,51.10292]]]},"properties":{"id":1544,"trees":1,"canopy":1,"park_dist":1107,"pass_trees":false,"pass_canopy":false,"pass_dist":false,"score":0,"mock":true}},{"type":"Feature","id":1545,"geometry":{"type":"Polygon","coordinates":[[[71.504,51.1067],[71.51,51.1067],[71.51,51.11048],[71.504,51.11048],[71.504,51.1067]]]},"properties":{"id":1545,"trees":1,"canopy":4,"park_dist":1092,"pass_trees":false,"pass_canopy":false,"pass_dist":false,"score":0,"mock":true}},{"type":"Feature","id":1546,"geometry":{"type":"Polygon","coordinates":[[[71.504,51.11048],[71.51,51.11048],[71.51,51.11426],[71.504,51.11426],[71.504,51.11048]]]},"properties":{"id":1546,"trees":1,"canopy":5,"park_dist":1150,"pass_trees":false,"pass_canopy":false,"pass_dist":false,"score":0,"mock":true}},{"type":"Feature","id":1547,"geometry":{"type":"Polygon","coordinates":[[[71.504,51.11426],[71.51,51.11426],[71.51,51.11804],[71.504,51.11804],[71.504,51.11426]]]},"properties":{"id":1547,"trees":0,"canopy":2,"park_dist":1137,"pass_trees":false,"pass_canopy":false,"pass_dist":false,"score":0,"mock":true}},{"type":"Feature","id":1548,"geometry":{"type":"Polygon","coordinates":[[[71.504,51.11804],[71.51,51.11804],[71.51,51.12182],[71.504,51.12182],[71.504,51.11804]]]},"properties":{"id":1548,"trees":0,"canopy":1,"park_dist":1207,"pass_trees":false,"pass_canopy":false,"pass_dist":false,"score":0,"mock":true}},{"type":"Feature","id":1549,"geometry":{"type":"Polygon","coordinates":[[[71.504,51.12182],[71.51,51.12182],[71.51,51.1256],[71.504,51.1256],[71.504,51.12182]]]},"properties":{"id":1549,"trees":1,"canopy":1,"park_dist":1172,"pass_trees":false,"pass_canopy":false,"pass_dist":false,"score":0,"mock":true}},{"type":"Feature","id":1550,"geometry":{"type":"Polygon","coordinates":[[[71.504,51.1256],[71.51,51.1256],[71.51,51.12938],[71.504,51.12938],[71.504,51.1256]]]},"properties":{"id":1550,"trees":0,"canopy":1,"park_dist":1234,"pass_trees":false,"pass_canopy":false,"pass_dist":false,"score":0,"mock":true}},{"type":"Feature","id":1551,"geometry":{"type":"Polygon","coordinates":[[[71.504,51.12938],[71.51,51.12938],[71.51,51.13316],[71.504,51.13316],[71.504,51.12938]]]},"properties":{"id":1551,"trees":0,"canopy":1,"park_dist":1257,"pass_trees":false,"pass_canopy":false,"pass_dist":false,"score":0,"mock":true}},{"type":"Feature","id":1552,"geometry":{"type":"Polygon","coordinates":[[[71.504,51.13316],[71.51,51.13316],[71.51,51.13694],[71.504,51.13694],[71.504,51.13316]]]},"properties":{"id":1552,"trees":0,"canopy":1,"park_dist":1253,"pass_trees":false,"pass_canopy":false,"pass_dist":false,"score":0,"mock":true}},{"type":"Feature","id":1553,"geometry":{"type":"Polygon","coordinates":[[[71.504,51.13694],[71.51,51.13694],[71.51,51.14072],[71.504,51.14072],[71.504,51.13694]]]},"properties":{"id":1553,"trees":0,"canopy":1,"park_dist":1176,"pass_trees":false,"pass_canopy":false,"pass_dist":false,"score":0,"mock":true}},{"type":"Feature","id":1554,"geometry":{"type":"Polygon","coordinates":[[[71.504,51.14072],[71.51,51.14072],[71.51,51.1445],[71.504,51.1445],[71.504,51.14072]]]},"properties":{"id":1554,"trees":1,"canopy":1,"park_dist":1190,"pass_trees":false,"pass_canopy":false,"pass_dist":false,"score":0,"mock":true}},{"type":"Feature","id":1555,"geometry":{"type":"Polygon","coordinates":[[[71.504,51.1445],[71.51,51.1445],[71.51,51.14828],[71.504,51.14828],[71.504,51.1445]]]},"properties":{"id":1555,"trees":1,"canopy":1,"park_dist":1142,"pass_trees":false,"pass_canopy":false,"pass_dist":false,"score":0,"mock":true}},{"type":"Feature","id":1556,"geometry":{"type":"Polygon","coordinates":[[[71.504,51.14828],[71.51,51.14828],[71.51,51.15206],[71.504,51.15206],[71.504,51.14828]]]},"properties":{"id":1556,"trees":0,"canopy":1,"park_dist":1284,"pass_trees":false,"pass_canopy":false,"pass_dist":false,"score":0,"mock":true}},{"type":"Feature","id":1557,"geometry":{"type":"Polygon","coordinates":[[[71.504,51.15206],[71.51,51.15206],[71.51,51.15584],[71.504,51.15584],[71.504,51.15206]]]},"properties":{"id":1557,"trees":0,"canopy":1,"park_dist":1237,"pass_trees":false,"pass_canopy":false,"pass_dist":false,"score":0,"mock":true}},{"type":"Feature","id":1558,"geometry":{"type":"Polygon","coordinates":[[[71.504,51.15584],[71.51,51.15584],[71.51,51.15962],[71.504,51.15962],[71.504,51.15584]]]},"properties":{"id":1558,"trees":0,"canopy":2,"park_dist":1204,"pass_trees":false,"pass_canopy":false,"pass_dist":false,"score":0,"mock":true}},{"type":"Feature","id":1559,"geometry":{"type":"Polygon","coordinates":[[[71.504,51.15962],[71.51,51.15962],[71.51,51.1634],[71.504,51.1634],[71.504,51.15962]]]},"properties":{"id":1559,"trees":0,"canopy":1,"park_dist":1235,"pass_trees":false,"pass_canopy":false,"pass_dist":false,"score":0,"mock":true}},{"type":"Feature","id":1560,"geometry":{"type":"Polygon","coordinates":[[[71.504,51.1634],[71.51,51.1634],[71.51,51.16718],[71.504,51.16718],[71.504,51.1634]]]},"properties":{"id":1560,"trees":0,"canopy":4,"park_dist":1218,"pass_trees":false,"pass_canopy":false,"pass_dist":false,"score":0,"mock":true}},{"type":"Feature","id":1561,"geometry":{"type":"Polygon","coordinates":[[[71.504,51.16718],[71.51,51.16718],[71.51,51.17096],[71.504,51.17096],[71.504,51.16718]]]},"properties":{"id":1561,"trees":0,"canopy":1,"park_dist":1201,"pass_trees":false,"pass_canopy":false,"pass_dist":false,"score":0,"mock":true}},{"type":"Feature","id":1562,"geometry":{"type":"Polygon","coordinates":[[[71.504,51.17096],[71.51,51.17096],[71.51,51.17474],[71.504,51.17474],[71.504,51.17096]]]},"properties":{"id":1562,"trees":1,"canopy":5,"park_dist":1141,"pass_trees":false,"pass_canopy":false,"pass_dist":false,"score":0,"mock":true}},{"type":"Feature","id":1563,"geometry":{"type":"Polygon","coordinates":[[[71.504,51.17474],[71.51,51.17474],[71.51,51.17852],[71.504,51.17852],[71.504,51.17474]]]},"properties":{"id":1563,"trees":1,"canopy":3,"park_dist":1085,"pass_trees":false,"pass_canopy":false,"pass_dist":false,"score":0,"mock":true}},{"type":"Feature","id":1564,"geometry":{"type":"Polygon","coordinates":[[[71.504,51.17852],[71.51,51.17852],[71.51,51.1823],[71.504,51.1823],[71.504,51.17852]]]},"properties":{"id":1564,"trees":1,"canopy":5,"park_dist":946,"pass_trees":false,"pass_canopy":false,"pass_dist":false,"score":0,"mock":true}},{"type":"Feature","id":1565,"geometry":{"type":"Polygon","coordinates":[[[71.504,51.1823],[71.51,51.1823],[71.51,51.18608],[71.504,51.18608],[71.504,51.1823]]]},"properties":{"id":1565,"trees":1,"canopy":4,"park_dist":1064,"pass_trees":false,"pass_canopy":false,"pass_dist":false,"score":0,"mock":true}},{"type":"Feature","id":1566,"geometry":{"type":"Polygon","coordinates":[[[71.504,51.18608],[71.51,51.18608],[71.51,51.18986],[71.504,51.18986],[71.504,51.18608]]]},"properties":{"id":1566,"trees":1,"canopy":10,"park_dist":1047,"pass_trees":false,"pass_canopy":false,"pass_dist":false,"score":0,"mock":true}},{"type":"Feature","id":1567,"geometry":{"type":"Polygon","coordinates":[[[71.504,51.18986],[71.51,51.18986],[71.51,51.19364],[71.504,51.19364],[71.504,51.18986]]]},"properties":{"id":1567,"trees":2,"canopy":13,"park_dist":963,"pass_trees":false,"pass_canopy":false,"pass_dist":false,"score":0,"mock":true}},{"type":"Feature","id":1568,"geometry":{"type":"Polygon","coordinates":[[[71.504,51.19364],[71.51,51.19364],[71.51,51.19742],[71.504,51.19742],[71.504,51.19364]]]},"properties":{"id":1568,"trees":1,"canopy":7,"park_dist":992,"pass_trees":false,"pass_canopy":false,"pass_dist":false,"score":0,"mock":true}},{"type":"Feature","id":1569,"geometry":{"type":"Polygon","coordinates":[[[71.504,51.19742],[71.51,51.19742],[71.51,51.2012],[71.504,51.2012],[71.504,51.19742]]]},"properties":{"id":1569,"trees":2,"canopy":13,"park_dist":906,"pass_trees":false,"pass_canopy":false,"pass_dist":false,"score":0,"mock":true}},{"type":"Feature","id":1570,"geometry":{"type":"Polygon","coordinates":[[[71.504,51.2012],[71.51,51.2012],[71.51,51.20498],[71.504,51.20498],[71.504,51.2012]]]},"properties":{"id":1570,"trees":2,"canopy":13,"park_dist":810,"pass_trees":false,"pass_canopy":false,"pass_dist":false,"score":0,"mock":true}},{"type":"Feature","id":1571,"geometry":{"type":"Polygon","coordinates":[[[71.504,51.20498],[71.51,51.20498],[71.51,51.20876],[71.504,51.20876],[71.504,51.20498]]]},"properties":{"id":1571,"trees":2,"canopy":13,"park_dist":816,"pass_trees":false,"pass_canopy":false,"pass_dist":false,"score":0,"mock":true}},{"type":"Feature","id":1572,"geometry":{"type":"Polygon","coordinates":[[[71.504,51.20876],[71.51,51.20876],[71.51,51.21254],[71.504,51.21254],[71.504,51.20876]]]},"properties":{"id":1572,"trees":2,"canopy":10,"park_dist":819,"pass_trees":false,"pass_canopy":false,"pass_dist":false,"score":0,"mock":true}},{"type":"Feature","id":1573,"geometry":{"type":"Polygon","coordinates":[[[71.504,51.21254],[71.51,51.21254],[71.51,51.21632],[71.504,51.21632],[71.504,51.21254]]]},"properties":{"id":1573,"trees":3,"canopy":11,"park_dist":827,"pass_trees":true,"pass_canopy":false,"pass_dist":false,"score":1,"mock":true}},{"type":"Feature","id":1574,"geometry":{"type":"Polygon","coordinates":[[[71.504,51.21632],[71.51,51.21632],[71.51,51.2201],[71.504,51.2201],[71.504,51.21632]]]},"properties":{"id":1574,"trees":2,"canopy":12,"park_dist":822,"pass_trees":false,"pass_canopy":false,"pass_dist":false,"score":0,"mock":true}},{"type":"Feature","id":1575,"geometry":{"type":"Polygon","coordinates":[[[71.51,51.05],[71.516,51.05],[71.516,51.05378],[71.51,51.05378],[71.51,51.05]]]},"properties":{"id":1575,"trees":3,"canopy":15,"park_dist":749,"pass_trees":true,"pass_canopy":false,"pass_dist":false,"score":1,"mock":true}},{"type":"Feature","id":1576,"geometry":{"type":"Polygon","coordinates":[[[71.51,51.05378],[71.516,51.05378],[71.516,51.05756],[71.51,51.05756],[71.51,51.05378]]]},"properties":{"id":1576,"trees":3,"canopy":17,"park_dist":766,"pass_trees":true,"pass_canopy":false,"pass_dist":false,"score":1,"mock":true}},{"type":"Feature","id":1577,"geometry":{"type":"Polygon","coordinates":[[[71.51,51.05756],[71.516,51.05756],[71.516,51.06134],[71.51,51.06134],[71.51,51.05756]]]},"properties":{"id":1577,"trees":2,"canopy":16,"park_dist":779,"pass_trees":false,"pass_canopy":false,"pass_dist":false,"score":0,"mock":true}},{"type":"Feature","id":1578,"geometry":{"type":"Polygon","coordinates":[[[71.51,51.06134],[71.516,51.06134],[71.516,51.06512],[71.51,51.06512],[71.51,51.06134]]]},"properties":{"id":1578,"trees":2,"canopy":11,"park_dist":822,"pass_trees":false,"pass_canopy":false,"pass_dist":false,"score":0,"mock":true}},{"type":"Feature","id":1579,"geometry":{"type":"Polygon","coordinates":[[[71.51,51.06512],[71.516,51.06512],[71.516,51.0689],[71.51,51.0689],[71.51,51.06512]]]},"properties":{"id":1579,"trees":2,"canopy":15,"park_dist":919,"pass_trees":false,"pass_canopy":false,"pass_dist":false,"score":0,"mock":true}},{"type":"Feature","id":1580,"geometry":{"type":"Polygon","coordinates":[[[71.51,51.0689],[71.516,51.0689],[71.516,51.07268],[71.51,51.07268],[71.51,51.0689]]]},"properties":{"id":1580,"trees":3,"canopy":13,"park_dist":785,"pass_trees":true,"pass_canopy":false,"pass_dist":false,"score":1,"mock":true}},{"type":"Feature","id":1581,"geometry":{"type":"Polygon","coordinates":[[[71.51,51.07268],[71.516,51.07268],[71.516,51.07646],[71.51,51.07646],[71.51,51.07268]]]},"properties":{"id":1581,"trees":2,"canopy":10,"park_dist":903,"pass_trees":false,"pass_canopy":false,"pass_dist":false,"score":0,"mock":true}},{"type":"Feature","id":1582,"geometry":{"type":"Polygon","coordinates":[[[71.51,51.07646],[71.516,51.07646],[71.516,51.08024],[71.51,51.08024],[71.51,51.07646]]]},"properties":{"id":1582,"trees":2,"canopy":12,"park_dist":942,"pass_trees":false,"pass_canopy":false,"pass_dist":false,"score":0,"mock":true}},{"type":"Feature","id":1583,"geometry":{"type":"Polygon","coordinates":[[[71.51,51.08024],[71.516,51.08024],[71.516,51.08402],[71.51,51.08402],[71.51,51.08024]]]},"properties":{"id":1583,"trees":2,"canopy":10,"park_dist":999,"pass_trees":false,"pass_canopy":false,"pass_dist":false,"score":0,"mock":true}},{"type":"Feature","id":1584,"geometry":{"type":"Polygon","coordinates":[[[71.51,51.08402],[71.516,51.08402],[71.516,51.0878],[71.51,51.0878],[71.51,51.08402]]]},"properties":{"id":1584,"trees":2,"canopy":13,"park_dist":972,"pass_trees":false,"pass_canopy":false,"pass_dist":false,"score":0,"mock":true}},{"type":"Feature","id":1585,"geometry":{"type":"Polygon","coordinates":[[[71.51,51.0878],[71.516,51.0878],[71.516,51.09158],[71.51,51.09158],[71.51,51.0878]]]},"properties":{"id":1585,"trees":1,"canopy":6,"park_dist":1107,"pass_trees":false,"pass_canopy":false,"pass_dist":false,"score":0,"mock":true}},{"type":"Feature","id":1586,"geometry":{"type":"Polygon","coordinates":[[[71.51,51.09158],[71.516,51.09158],[71.516,51.09536],[71.51,51.09536],[71.51,51.09158]]]},"properties":{"id":1586,"trees":1,"canopy":6,"park_dist":979,"pass_trees":false,"pass_canopy":false,"pass_dist":false,"score":0,"mock":true}},{"type":"Feature","id":1587,"geometry":{"type":"Polygon","coordinates":[[[71.51,51.09536],[71.516,51.09536],[71.516,51.09914],[71.51,51.09914],[71.51,51.09536]]]},"properties":{"id":1587,"trees":1,"canopy":9,"park_dist":1040,"pass_trees":false,"pass_canopy":false,"pass_dist":false,"score":0,"mock":true}},{"type":"Feature","id":1588,"geometry":{"type":"Polygon","coordinates":[[[71.51,51.09914],[71.516,51.09914],[71.516,51.10292],[71.51,51.10292],[71.51,51.09914]]]},"properties":{"id":1588,"trees":1,"canopy":4,"park_dist":1034,"pass_trees":false,"pass_canopy":false,"pass_dist":false,"score":0,"mock":true}},{"type":"Feature","id":1589,"geometry":{"type":"Polygon","coordinates":[[[71.51,51.10292],[71.516,51.10292],[71.516,51.1067],[71.51,51.1067],[71.51,51.10292]]]},"properties":{"id":1589,"trees":1,"canopy":2,"park_dist":1112,"pass_trees":false,"pass_canopy":false,"pass_dist":false,"score":0,"mock":true}},{"type":"Feature","id":1590,"geometry":{"type":"Polygon","coordinates":[[[71.51,51.1067],[71.516,51.1067],[71.516,51.11048],[71.51,51.11048],[71.51,51.1067]]]},"properties":{"id":1590,"trees":0,"canopy":1,"park_dist":1268,"pass_trees":false,"pass_canopy":false,"pass_dist":false,"score":0,"mock":true}},{"type":"Feature","id":1591,"geometry":{"type":"Polygon","coordinates":[[[71.51,51.11048],[71.516,51.11048],[71.516,51.11426],[71.51,51.11426],[71.51,51.11048]]]},"properties":{"id":1591,"trees":0,"canopy":1,"park_dist":1165,"pass_trees":false,"pass_canopy":false,"pass_dist":false,"score":0,"mock":true}},{"type":"Feature","id":1592,"geometry":{"type":"Polygon","coordinates":[[[71.51,51.11426],[71.516,51.11426],[71.516,51.11804],[71.51,51.11804],[71.51,51.11426]]]},"properties":{"id":1592,"trees":0,"canopy":1,"park_dist":1272,"pass_trees":false,"pass_canopy":false,"pass_dist":false,"score":0,"mock":true}},{"type":"Feature","id":1593,"geometry":{"type":"Polygon","coordinates":[[[71.51,51.11804],[71.516,51.11804],[71.516,51.12182],[71.51,51.12182],[71.51,51.11804]]]},"properties":{"id":1593,"trees":0,"canopy":1,"park_dist":1250,"pass_trees":false,"pass_canopy":false,"pass_dist":false,"score":0,"mock":true}},{"type":"Feature","id":1594,"geometry":{"type":"Polygon","coordinates":[[[71.51,51.12182],[71.516,51.12182],[71.516,51.1256],[71.51,51.1256],[71.51,51.12182]]]},"properties":{"id":1594,"trees":0,"canopy":1,"park_dist":1212,"pass_trees":false,"pass_canopy":false,"pass_dist":false,"score":0,"mock":true}},{"type":"Feature","id":1595,"geometry":{"type":"Polygon","coordinates":[[[71.51,51.1256],[71.516,51.1256],[71.516,51.12938],[71.51,51.12938],[71.51,51.1256]]]},"properties":{"id":1595,"trees":0,"canopy":1,"park_dist":1143,"pass_trees":false,"pass_canopy":false,"pass_dist":false,"score":0,"mock":true}},{"type":"Feature","id":1596,"geometry":{"type":"Polygon","coordinates":[[[71.51,51.12938],[71.516,51.12938],[71.516,51.13316],[71.51,51.13316],[71.51,51.12938]]]},"properties":{"id":1596,"trees":0,"canopy":1,"park_dist":1280,"pass_trees":false,"pass_canopy":false,"pass_dist":false,"score":0,"mock":true}},{"type":"Feature","id":1597,"geometry":{"type":"Polygon","coordinates":[[[71.51,51.13316],[71.516,51.13316],[71.516,51.13694],[71.51,51.13694],[71.51,51.13316]]]},"properties":{"id":1597,"trees":0,"canopy":2,"park_dist":1201,"pass_trees":false,"pass_canopy":false,"pass_dist":false,"score":0,"mock":true}},{"type":"Feature","id":1598,"geometry":{"type":"Polygon","coordinates":[[[71.51,51.13694],[71.516,51.13694],[71.516,51.14072],[71.51,51.14072],[71.51,51.13694]]]},"properties":{"id":1598,"trees":0,"canopy":1,"park_dist":1244,"pass_trees":false,"pass_canopy":false,"pass_dist":false,"score":0,"mock":true}},{"type":"Feature","id":1599,"geometry":{"type":"Polygon","coordinates":[[[71.51,51.14072],[71.516,51.14072],[71.516,51.1445],[71.51,51.1445],[71.51,51.14072]]]},"properties":{"id":1599,"trees":0,"canopy":1,"park_dist":1190,"pass_trees":false,"pass_canopy":false,"pass_dist":false,"score":0,"mock":true}},{"type":"Feature","id":1600,"geometry":{"type":"Polygon","coordinates":[[[71.51,51.1445],[71.516,51.1445],[71.516,51.14828],[71.51,51.14828],[71.51,51.1445]]]},"properties":{"id":1600,"trees":0,"canopy":1,"park_dist":1255,"pass_trees":false,"pass_canopy":false,"pass_dist":false,"score":0,"mock":true}},{"type":"Feature","id":1601,"geometry":{"type":"Polygon","coordinates":[[[71.51,51.14828],[71.516,51.14828],[71.516,51.15206],[71.51,51.15206],[71.51,51.14828]]]},"properties":{"id":1601,"trees":1,"canopy":1,"park_dist":1183,"pass_trees":false,"pass_canopy":false,"pass_dist":false,"score":0,"mock":true}},{"type":"Feature","id":1602,"geometry":{"type":"Polygon","coordinates":[[[71.51,51.15206],[71.516,51.15206],[71.516,51.15584],[71.51,51.15584],[71.51,51.15206]]]},"properties":{"id":1602,"trees":0,"canopy":1,"park_dist":1292,"pass_trees":false,"pass_canopy":false,"pass_dist":false,"score":0,"mock":true}},{"type":"Feature","id":1603,"geometry":{"type":"Polygon","coordinates":[[[71.51,51.15584],[71.516,51.15584],[71.516,51.15962],[71.51,51.15962],[71.51,51.15584]]]},"properties":{"id":1603,"trees":0,"canopy":1,"park_dist":1156,"pass_trees":false,"pass_canopy":false,"pass_dist":false,"score":0,"mock":true}},{"type":"Feature","id":1604,"geometry":{"type":"Polygon","coordinates":[[[71.51,51.15962],[71.516,51.15962],[71.516,51.1634],[71.51,51.1634],[71.51,51.15962]]]},"properties":{"id":1604,"trees":1,"canopy":1,"park_dist":1158,"pass_trees":false,"pass_canopy":false,"pass_dist":false,"score":0,"mock":true}},{"type":"Feature","id":1605,"geometry":{"type":"Polygon","coordinates":[[[71.51,51.1634],[71.516,51.1634],[71.516,51.16718],[71.51,51.16718],[71.51,51.1634]]]},"properties":{"id":1605,"trees":0,"canopy":1,"park_dist":1226,"pass_trees":false,"pass_canopy":false,"pass_dist":false,"score":0,"mock":true}},{"type":"Feature","id":1606,"geometry":{"type":"Polygon","coordinates":[[[71.51,51.16718],[71.516,51.16718],[71.516,51.17096],[71.51,51.17096],[71.51,51.16718]]]},"properties":{"id":1606,"trees":1,"canopy":1,"park_dist":1188,"pass_trees":false,"pass_canopy":false,"pass_dist":false,"score":0,"mock":true}},{"type":"Feature","id":1607,"geometry":{"type":"Polygon","coordinates":[[[71.51,51.17096],[71.516,51.17096],[71.516,51.17474],[71.51,51.17474],[71.51,51.17096]]]},"properties":{"id":1607,"trees":0,"canopy":1,"park_dist":1157,"pass_trees":false,"pass_canopy":false,"pass_dist":false,"score":0,"mock":true}},{"type":"Feature","id":1608,"geometry":{"type":"Polygon","coordinates":[[[71.51,51.17474],[71.516,51.17474],[71.516,51.17852],[71.51,51.17852],[71.51,51.17474]]]},"properties":{"id":1608,"trees":1,"canopy":3,"park_dist":1083,"pass_trees":false,"pass_canopy":false,"pass_dist":false,"score":0,"mock":true}},{"type":"Feature","id":1609,"geometry":{"type":"Polygon","coordinates":[[[71.51,51.17852],[71.516,51.17852],[71.516,51.1823],[71.51,51.1823],[71.51,51.17852]]]},"properties":{"id":1609,"trees":0,"canopy":1,"park_dist":1146,"pass_trees":false,"pass_canopy":false,"pass_dist":false,"score":0,"mock":true}},{"type":"Feature","id":1610,"geometry":{"type":"Polygon","coordinates":[[[71.51,51.1823],[71.516,51.1823],[71.516,51.18608],[71.51,51.18608],[71.51,51.1823]]]},"properties":{"id":1610,"trees":1,"canopy":3,"park_dist":1075,"pass_trees":false,"pass_canopy":false,"pass_dist":false,"score":0,"mock":true}},{"type":"Feature","id":1611,"geometry":{"type":"Polygon","coordinates":[[[71.51,51.18608],[71.516,51.18608],[71.516,51.18986],[71.51,51.18986],[71.51,51.18608]]]},"properties":{"id":1611,"trees":3,"canopy":11,"park_dist":966,"pass_trees":true,"pass_canopy":false,"pass_dist":false,"score":1,"mock":true}},{"type":"Feature","id":1612,"geometry":{"type":"Polygon","coordinates":[[[71.51,51.18986],[71.516,51.18986],[71.516,51.19364],[71.51,51.19364],[71.51,51.18986]]]},"properties":{"id":1612,"trees":1,"canopy":9,"park_dist":970,"pass_trees":false,"pass_canopy":false,"pass_dist":false,"score":0,"mock":true}},{"type":"Feature","id":1613,"geometry":{"type":"Polygon","coordinates":[[[71.51,51.19364],[71.516,51.19364],[71.516,51.19742],[71.51,51.19742],[71.51,51.19364]]]},"properties":{"id":1613,"trees":2,"canopy":8,"park_dist":963,"pass_trees":false,"pass_canopy":false,"pass_dist":false,"score":0,"mock":true}},{"type":"Feature","id":1614,"geometry":{"type":"Polygon","coordinates":[[[71.51,51.19742],[71.516,51.19742],[71.516,51.2012],[71.51,51.2012],[71.51,51.19742]]]},"properties":{"id":1614,"trees":2,"canopy":12,"park_dist":918,"pass_trees":false,"pass_canopy":false,"pass_dist":false,"score":0,"mock":true}},{"type":"Feature","id":1615,"geometry":{"type":"Polygon","coordinates":[[[71.51,51.2012],[71.516,51.2012],[71.516,51.20498],[71.51,51.20498],[71.51,51.2012]]]},"properties":{"id":1615,"trees":2,"canopy":11,"park_dist":940,"pass_trees":false,"pass_canopy":false,"pass_dist":false,"score":0,"mock":true}},{"type":"Feature","id":1616,"geometry":{"type":"Polygon","coordinates":[[[71.51,51.20498],[71.516,51.20498],[71.516,51.20876],[71.51,51.20876],[71.51,51.20498]]]},"properties":{"id":1616,"trees":1,"canopy":10,"park_dist":991,"pass_trees":false,"pass_canopy":false,"pass_dist":false,"score":0,"mock":true}},{"type":"Feature","id":1617,"geometry":{"type":"Polygon","coordinates":[[[71.51,51.20876],[71.516,51.20876],[71.516,51.21254],[71.51,51.21254],[71.51,51.20876]]]},"properties":{"id":1617,"trees":2,"canopy":13,"park_dist":925,"pass_trees":false,"pass_canopy":false,"pass_dist":false,"score":0,"mock":true}},{"type":"Feature","id":1618,"geometry":{"type":"Polygon","coordinates":[[[71.51,51.21254],[71.516,51.21254],[71.516,51.21632],[71.51,51.21632],[71.51,51.21254]]]},"properties":{"id":1618,"trees":3,"canopy":14,"park_dist":958,"pass_trees":true,"pass_canopy":false,"pass_dist":false,"score":1,"mock":true}},{"type":"Feature","id":1619,"geometry":{"type":"Polygon","coordinates":[[[71.51,51.21632],[71.516,51.21632],[71.516,51.2201],[71.51,51.2201],[71.51,51.21632]]]},"properties":{"id":1619,"trees":2,"canopy":16,"park_dist":911,"pass_trees":false,"pass_canopy":false,"pass_dist":false,"score":0,"mock":true}},{"type":"Feature","id":1620,"geometry":{"type":"Polygon","coordinates":[[[71.516,51.05],[71.522,51.05],[71.522,51.05378],[71.516,51.05378],[71.516,51.05]]]},"properties":{"id":1620,"trees":2,"canopy":14,"park_dist":831,"pass_trees":false,"pass_canopy":false,"pass_dist":false,"score":0,"mock":true}},{"type":"Feature","id":1621,"geometry":{"type":"Polygon","coordinates":[[[71.516,51.05378],[71.522,51.05378],[71.522,51.05756],[71.516,51.05756],[71.516,51.05378]]]},"properties":{"id":1621,"trees":2,"canopy":15,"park_dist":785,"pass_trees":false,"pass_canopy":false,"pass_dist":false,"score":0,"mock":true}},{"type":"Feature","id":1622,"geometry":{"type":"Polygon","coordinates":[[[71.516,51.05756],[71.522,51.05756],[71.522,51.06134],[71.516,51.06134],[71.516,51.05756]]]},"properties":{"id":1622,"trees":4,"canopy":14,"park_dist":906,"pass_trees":true,"pass_canopy":false,"pass_dist":false,"score":1,"mock":true}},{"type":"Feature","id":1623,"geometry":{"type":"Polygon","coordinates":[[[71.516,51.06134],[71.522,51.06134],[71.522,51.06512],[71.516,51.06512],[71.516,51.06134]]]},"properties":{"id":1623,"trees":2,"canopy":10,"park_dist":923,"pass_trees":false,"pass_canopy":false,"pass_dist":false,"score":0,"mock":true}},{"type":"Feature","id":1624,"geometry":{"type":"Polygon","coordinates":[[[71.516,51.06512],[71.522,51.06512],[71.522,51.0689],[71.516,51.0689],[71.516,51.06512]]]},"properties":{"id":1624,"trees":2,"canopy":15,"park_dist":849,"pass_trees":false,"pass_canopy":false,"pass_dist":false,"score":0,"mock":true}},{"type":"Feature","id":1625,"geometry":{"type":"Polygon","coordinates":[[[71.516,51.0689],[71.522,51.0689],[71.522,51.07268],[71.516,51.07268],[71.516,51.0689]]]},"properties":{"id":1625,"trees":2,"canopy":18,"park_dist":823,"pass_trees":false,"pass_canopy":false,"pass_dist":false,"score":0,"mock":true}},{"type":"Feature","id":1626,"geometry":{"type":"Polygon","coordinates":[[[71.516,51.07268],[71.522,51.07268],[71.522,51.07646],[71.516,51.07646],[71.516,51.07268]]]},"properties":{"id":1626,"trees":3,"canopy":8,"park_dist":916,"pass_trees":true,"pass_canopy":false,"pass_dist":false,"score":1,"mock":true}},{"type":"Feature","id":1627,"geometry":{"type":"Polygon","coordinates":[[[71.516,51.07646],[71.522,51.07646],[71.522,51.08024],[71.516,51.08024],[71.516,51.07646]]]},"properties":{"id":1627,"trees":2,"canopy":12,"park_dist":896,"pass_trees":false,"pass_canopy":false,"pass_dist":false,"score":0,"mock":true}},{"type":"Feature","id":1628,"geometry":{"type":"Polygon","coordinates":[[[71.516,51.08024],[71.522,51.08024],[71.522,51.08402],[71.516,51.08402],[71.516,51.08024]]]},"properties":{"id":1628,"trees":1,"canopy":8,"park_dist":1062,"pass_trees":false,"pass_canopy":false,"pass_dist":false,"score":0,"mock":true}},{"type":"Feature","id":1629,"geometry":{"type":"Polygon","coordinates":[[[71.516,51.08402],[71.522,51.08402],[71.522,51.0878],[71.516,51.0878],[71.516,51.08402]]]},"properties":{"id":1629,"trees":1,"canopy":7,"park_dist":1031,"pass_trees":false,"pass_canopy":false,"pass_dist":false,"score":0,"mock":true}},{"type":"Feature","id":1630,"geometry":{"type":"Polygon","coordinates":[[[71.516,51.0878],[71.522,51.0878],[71.522,51.09158],[71.516,51.09158],[71.516,51.0878]]]},"properties":{"id":1630,"trees":1,"canopy":11,"park_dist":1014,"pass_trees":false,"pass_canopy":false,"pass_dist":false,"score":0,"mock":true}},{"type":"Feature","id":1631,"geometry":{"type":"Polygon","coordinates":[[[71.516,51.09158],[71.522,51.09158],[71.522,51.09536],[71.516,51.09536],[71.516,51.09158]]]},"properties":{"id":1631,"trees":0,"canopy":1,"park_dist":1067,"pass_trees":false,"pass_canopy":false,"pass_dist":false,"score":0,"mock":true}},{"type":"Feature","id":1632,"geometry":{"type":"Polygon","coordinates":[[[71.516,51.09536],[71.522,51.09536],[71.522,51.09914],[71.516,51.09914],[71.516,51.09536]]]},"properties":{"id":1632,"trees":0,"canopy":5,"park_dist":1111,"pass_trees":false,"pass_canopy":false,"pass_dist":false,"score":0,"mock":true}},{"type":"Feature","id":1633,"geometry":{"type":"Polygon","coordinates":[[[71.516,51.09914],[71.522,51.09914],[71.522,51.10292],[71.516,51.10292],[71.516,51.09914]]]},"properties":{"id":1633,"trees":0,"canopy":1,"park_dist":1281,"pass_trees":false,"pass_canopy":false,"pass_dist":false,"score":0,"mock":true}},{"type":"Feature","id":1634,"geometry":{"type":"Polygon","coordinates":[[[71.516,51.10292],[71.522,51.10292],[71.522,51.1067],[71.516,51.1067],[71.516,51.10292]]]},"properties":{"id":1634,"trees":0,"canopy":3,"park_dist":1054,"pass_trees":false,"pass_canopy":false,"pass_dist":false,"score":0,"mock":true}},{"type":"Feature","id":1635,"geometry":{"type":"Polygon","coordinates":[[[71.516,51.1067],[71.522,51.1067],[71.522,51.11048],[71.516,51.11048],[71.516,51.1067]]]},"properties":{"id":1635,"trees":0,"canopy":1,"park_dist":1186,"pass_trees":false,"pass_canopy":false,"pass_dist":false,"score":0,"mock":true}},{"type":"Feature","id":1636,"geometry":{"type":"Polygon","coordinates":[[[71.516,51.11048],[71.522,51.11048],[71.522,51.11426],[71.516,51.11426],[71.516,51.11048]]]},"properties":{"id":1636,"trees":0,"canopy":1,"park_dist":1166,"pass_trees":false,"pass_canopy":false,"pass_dist":false,"score":0,"mock":true}},{"type":"Feature","id":1637,"geometry":{"type":"Polygon","coordinates":[[[71.516,51.11426],[71.522,51.11426],[71.522,51.11804],[71.516,51.11804],[71.516,51.11426]]]},"properties":{"id":1637,"trees":0,"canopy":2,"park_dist":1119,"pass_trees":false,"pass_canopy":false,"pass_dist":false,"score":0,"mock":true}},{"type":"Feature","id":1638,"geometry":{"type":"Polygon","coordinates":[[[71.516,51.11804],[71.522,51.11804],[71.522,51.12182],[71.516,51.12182],[71.516,51.11804]]]},"properties":{"id":1638,"trees":0,"canopy":1,"park_dist":1201,"pass_trees":false,"pass_canopy":false,"pass_dist":false,"score":0,"mock":true}},{"type":"Feature","id":1639,"geometry":{"type":"Polygon","coordinates":[[[71.516,51.12182],[71.522,51.12182],[71.522,51.1256],[71.516,51.1256],[71.516,51.12182]]]},"properties":{"id":1639,"trees":0,"canopy":1,"park_dist":1215,"pass_trees":false,"pass_canopy":false,"pass_dist":false,"score":0,"mock":true}},{"type":"Feature","id":1640,"geometry":{"type":"Polygon","coordinates":[[[71.516,51.1256],[71.522,51.1256],[71.522,51.12938],[71.516,51.12938],[71.516,51.1256]]]},"properties":{"id":1640,"trees":0,"canopy":3,"park_dist":1184,"pass_trees":false,"pass_canopy":false,"pass_dist":false,"score":0,"mock":true}},{"type":"Feature","id":1641,"geometry":{"type":"Polygon","coordinates":[[[71.516,51.12938],[71.522,51.12938],[71.522,51.13316],[71.516,51.13316],[71.516,51.12938]]]},"properties":{"id":1641,"trees":1,"canopy":1,"park_dist":1189,"pass_trees":false,"pass_canopy":false,"pass_dist":false,"score":0,"mock":true}},{"type":"Feature","id":1642,"geometry":{"type":"Polygon","coordinates":[[[71.516,51.13316],[71.522,51.13316],[71.522,51.13694],[71.516,51.13694],[71.516,51.13316]]]},"properties":{"id":1642,"trees":0,"canopy":1,"park_dist":1213,"pass_trees":false,"pass_canopy":false,"pass_dist":false,"score":0,"mock":true}},{"type":"Feature","id":1643,"geometry":{"type":"Polygon","coordinates":[[[71.516,51.13694],[71.522,51.13694],[71.522,51.14072],[71.516,51.14072],[71.516,51.13694]]]},"properties":{"id":1643,"trees":0,"canopy":1,"park_dist":1225,"pass_trees":false,"pass_canopy":false,"pass_dist":false,"score":0,"mock":true}},{"type":"Feature","id":1644,"geometry":{"type":"Polygon","coordinates":[[[71.516,51.14072],[71.522,51.14072],[71.522,51.1445],[71.516,51.1445],[71.516,51.14072]]]},"properties":{"id":1644,"trees":0,"canopy":1,"park_dist":1178,"pass_trees":false,"pass_canopy":false,"pass_dist":false,"score":0,"mock":true}},{"type":"Feature","id":1645,"geometry":{"type":"Polygon","coordinates":[[[71.516,51.1445],[71.522,51.1445],[71.522,51.14828],[71.516,51.14828],[71.516,51.1445]]]},"properties":{"id":1645,"trees":0,"canopy":1,"park_dist":1139,"pass_trees":false,"pass_canopy":false,"pass_dist":false,"score":0,"mock":true}},{"type":"Feature","id":1646,"geometry":{"type":"Polygon","coordinates":[[[71.516,51.14828],[71.522,51.14828],[71.522,51.15206],[71.516,51.15206],[71.516,51.14828]]]},"properties":{"id":1646,"trees":0,"canopy":1,"park_dist":1243,"pass_trees":false,"pass_canopy":false,"pass_dist":false,"score":0,"mock":true}},{"type":"Feature","id":1647,"geometry":{"type":"Polygon","coordinates":[[[71.516,51.15206],[71.522,51.15206],[71.522,51.15584],[71.516,51.15584],[71.516,51.15206]]]},"properties":{"id":1647,"trees":0,"canopy":1,"park_dist":1175,"pass_trees":false,"pass_canopy":false,"pass_dist":false,"score":0,"mock":true}},{"type":"Feature","id":1648,"geometry":{"type":"Polygon","coordinates":[[[71.516,51.15584],[71.522,51.15584],[71.522,51.15962],[71.516,51.15962],[71.516,51.15584]]]},"properties":{"id":1648,"trees":1,"canopy":1,"park_dist":1187,"pass_trees":false,"pass_canopy":false,"pass_dist":false,"score":0,"mock":true}},{"type":"Feature","id":1649,"geometry":{"type":"Polygon","coordinates":[[[71.516,51.15962],[71.522,51.15962],[71.522,51.1634],[71.516,51.1634],[71.516,51.15962]]]},"properties":{"id":1649,"trees":1,"canopy":1,"park_dist":1274,"pass_trees":false,"pass_canopy":false,"pass_dist":false,"score":0,"mock":true}},{"type":"Feature","id":1650,"geometry":{"type":"Polygon","coordinates":[[[71.516,51.1634],[71.522,51.1634],[71.522,51.16718],[71.516,51.16718],[71.516,51.1634]]]},"properties":{"id":1650,"trees":0,"canopy":2,"park_dist":1248,"pass_trees":false,"pass_canopy":false,"pass_dist":false,"score":0,"mock":true}},{"type":"Feature","id":1651,"geometry":{"type":"Polygon","coordinates":[[[71.516,51.16718],[71.522,51.16718],[71.522,51.17096],[71.516,51.17096],[71.516,51.16718]]]},"properties":{"id":1651,"trees":0,"canopy":1,"park_dist":1184,"pass_trees":false,"pass_canopy":false,"pass_dist":false,"score":0,"mock":true}},{"type":"Feature","id":1652,"geometry":{"type":"Polygon","coordinates":[[[71.516,51.17096],[71.522,51.17096],[71.522,51.17474],[71.516,51.17474],[71.516,51.17096]]]},"properties":{"id":1652,"trees":0,"canopy":2,"park_dist":1166,"pass_trees":false,"pass_canopy":false,"pass_dist":false,"score":0,"mock":true}},{"type":"Feature","id":1653,"geometry":{"type":"Polygon","coordinates":[[[71.516,51.17474],[71.522,51.17474],[71.522,51.17852],[71.516,51.17852],[71.516,51.17474]]]},"properties":{"id":1653,"trees":0,"canopy":1,"park_dist":1162,"pass_trees":false,"pass_canopy":false,"pass_dist":false,"score":0,"mock":true}},{"type":"Feature","id":1654,"geometry":{"type":"Polygon","coordinates":[[[71.516,51.17852],[71.522,51.17852],[71.522,51.1823],[71.516,51.1823],[71.516,51.17852]]]},"properties":{"id":1654,"trees":1,"canopy":2,"park_dist":1141,"pass_trees":false,"pass_canopy":false,"pass_dist":false,"score":0,"mock":true}},{"type":"Feature","id":1655,"geometry":{"type":"Polygon","coordinates":[[[71.516,51.1823],[71.522,51.1823],[71.522,51.18608],[71.516,51.18608],[71.516,51.1823]]]},"properties":{"id":1655,"trees":1,"canopy":6,"park_dist":988,"pass_trees":false,"pass_canopy":false,"pass_dist":false,"score":0,"mock":true}},{"type":"Feature","id":1656,"geometry":{"type":"Polygon","coordinates":[[[71.516,51.18608],[71.522,51.18608],[71.522,51.18986],[71.516,51.18986],[71.516,51.18608]]]},"properties":{"id":1656,"trees":2,"canopy":9,"park_dist":860,"pass_trees":false,"pass_canopy":false,"pass_dist":false,"score":0,"mock":true}},{"type":"Feature","id":1657,"geometry":{"type":"Polygon","coordinates":[[[71.516,51.18986],[71.522,51.18986],[71.522,51.19364],[71.516,51.19364],[71.516,51.18986]]]},"properties":{"id":1657,"trees":1,"canopy":10,"park_dist":980,"pass_trees":false,"pass_canopy":false,"pass_dist":false,"score":0,"mock":true}},{"type":"Feature","id":1658,"geometry":{"type":"Polygon","coordinates":[[[71.516,51.19364],[71.522,51.19364],[71.522,51.19742],[71.516,51.19742],[71.516,51.19364]]]},"properties":{"id":1658,"trees":2,"canopy":8,"park_dist":948,"pass_trees":false,"pass_canopy":false,"pass_dist":false,"score":0,"mock":true}},{"type":"Feature","id":1659,"geometry":{"type":"Polygon","coordinates":[[[71.516,51.19742],[71.522,51.19742],[71.522,51.2012],[71.516,51.2012],[71.516,51.19742]]]},"properties":{"id":1659,"trees":2,"canopy":10,"park_dist":930,"pass_trees":false,"pass_canopy":false,"pass_dist":false,"score":0,"mock":true}},{"type":"Feature","id":1660,"geometry":{"type":"Polygon","coordinates":[[[71.516,51.2012],[71.522,51.2012],[71.522,51.20498],[71.516,51.20498],[71.516,51.2012]]]},"properties":{"id":1660,"trees":2,"canopy":8,"park_dist":933,"pass_trees":false,"pass_canopy":false,"pass_dist":false,"score":0,"mock":true}},{"type":"Feature","id":1661,"geometry":{"type":"Polygon","coordinates":[[[71.516,51.20498],[71.522,51.20498],[71.522,51.20876],[71.516,51.20876],[71.516,51.20498]]]},"properties":{"id":1661,"trees":2,"canopy":13,"park_dist":910,"pass_trees":false,"pass_canopy":false,"pass_dist":false,"score":0,"mock":true}},{"type":"Feature","id":1662,"geometry":{"type":"Polygon","coordinates":[[[71.516,51.20876],[71.522,51.20876],[71.522,51.21254],[71.516,51.21254],[71.516,51.20876]]]},"properties":{"id":1662,"trees":1,"canopy":10,"park_dist":910,"pass_trees":false,"pass_canopy":false,"pass_dist":false,"score":0,"mock":true}},{"type":"Feature","id":1663,"geometry":{"type":"Polygon","coordinates":[[[71.516,51.21254],[71.522,51.21254],[71.522,51.21632],[71.516,51.21632],[71.516,51.21254]]]},"properties":{"id":1663,"trees":2,"canopy":11,"park_dist":973,"pass_trees":false,"pass_canopy":false,"pass_dist":false,"score":0,"mock":true}},{"type":"Feature","id":1664,"geometry":{"type":"Polygon","coordinates":[[[71.516,51.21632],[71.522,51.21632],[71.522,51.2201],[71.516,51.2201],[71.516,51.21632]]]},"properties":{"id":1664,"trees":2,"canopy":14,"park_dist":764,"pass_trees":false,"pass_canopy":false,"pass_dist":false,"score":0,"mock":true}},{"type":"Feature","id":1665,"geometry":{"type":"Polygon","coordinates":[[[71.522,51.05],[71.528,51.05],[71.528,51.05378],[71.522,51.05378],[71.522,51.05]]]},"properties":{"id":1665,"trees":2,"canopy":16,"park_dist":889,"pass_trees":false,"pass_canopy":false,"pass_dist":false,"score":0,"mock":true}},{"type":"Feature","id":1666,"geometry":{"type":"Polygon","coordinates":[[[71.522,51.05378],[71.528,51.05378],[71.528,51.05756],[71.522,51.05756],[71.522,51.05378]]]},"properties":{"id":1666,"trees":3,"canopy":12,"park_dist":852,"pass_trees":true,"pass_canopy":false,"pass_dist":false,"score":1,"mock":true}},{"type":"Feature","id":1667,"geometry":{"type":"Polygon","coordinates":[[[71.522,51.05756],[71.528,51.05756],[71.528,51.06134],[71.522,51.06134],[71.522,51.05756]]]},"properties":{"id":1667,"trees":2,"canopy":10,"park_dist":867,"pass_trees":false,"pass_canopy":false,"pass_dist":false,"score":0,"mock":true}},{"type":"Feature","id":1668,"geometry":{"type":"Polygon","coordinates":[[[71.522,51.06134],[71.528,51.06134],[71.528,51.06512],[71.522,51.06512],[71.522,51.06134]]]},"properties":{"id":1668,"trees":3,"canopy":13,"park_dist":811,"pass_trees":true,"pass_canopy":false,"pass_dist":false,"score":1,"mock":true}},{"type":"Feature","id":1669,"geometry":{"type":"Polygon","coordinates":[[[71.522,51.06512],[71.528,51.06512],[71.528,51.0689],[71.522,51.0689],[71.522,51.06512]]]},"properties":{"id":1669,"trees":2,"canopy":13,"park_dist":773,"pass_trees":false,"pass_canopy":false,"pass_dist":false,"score":0,"mock":true}},{"type":"Feature","id":1670,"geometry":{"type":"Polygon","coordinates":[[[71.522,51.0689],[71.528,51.0689],[71.528,51.07268],[71.522,51.07268],[71.522,51.0689]]]},"properties":{"id":1670,"trees":3,"canopy":16,"park_dist":845,"pass_trees":true,"pass_canopy":false,"pass_dist":false,"score":1,"mock":true}},{"type":"Feature","id":1671,"geometry":{"type":"Polygon","coordinates":[[[71.522,51.07268],[71.528,51.07268],[71.528,51.07646],[71.522,51.07646],[71.522,51.07268]]]},"properties":{"id":1671,"trees":2,"canopy":13,"park_dist":840,"pass_trees":false,"pass_canopy":false,"pass_dist":false,"score":0,"mock":true}},{"type":"Feature","id":1672,"geometry":{"type":"Polygon","coordinates":[[[71.522,51.07646],[71.528,51.07646],[71.528,51.08024],[71.522,51.08024],[71.522,51.07646]]]},"properties":{"id":1672,"trees":2,"canopy":11,"park_dist":983,"pass_trees":false,"pass_canopy":false,"pass_dist":false,"score":0,"mock":true}},{"type":"Feature","id":1673,"geometry":{"type":"Polygon","coordinates":[[[71.522,51.08024],[71.528,51.08024],[71.528,51.08402],[71.522,51.08402],[71.522,51.08024]]]},"properties":{"id":1673,"trees":3,"canopy":6,"park_dist":949,"pass_trees":true,"pass_canopy":false,"pass_dist":false,"score":1,"mock":true}},{"type":"Feature","id":1674,"geometry":{"type":"Polygon","coordinates":[[[71.522,51.08402],[71.528,51.08402],[71.528,51.0878],[71.522,51.0878],[71.522,51.08402]]]},"properties":{"id":1674,"trees":2,"canopy":9,"park_dist":960,"pass_trees":false,"pass_canopy":false,"pass_dist":false,"score":0,"mock":true}},{"type":"Feature","id":1675,"geometry":{"type":"Polygon","coordinates":[[[71.522,51.0878],[71.528,51.0878],[71.528,51.09158],[71.522,51.09158],[71.522,51.0878]]]},"properties":{"id":1675,"trees":1,"canopy":4,"park_dist":1074,"pass_trees":false,"pass_canopy":false,"pass_dist":false,"score":0,"mock":true}},{"type":"Feature","id":1676,"geometry":{"type":"Polygon","coordinates":[[[71.522,51.09158],[71.528,51.09158],[71.528,51.09536],[71.522,51.09536],[71.522,51.09158]]]},"properties":{"id":1676,"trees":2,"canopy":6,"park_dist":1060,"pass_trees":false,"pass_canopy":false,"pass_dist":false,"score":0,"mock":true}},{"type":"Feature","id":1677,"geometry":{"type":"Polygon","coordinates":[[[71.522,51.09536],[71.528,51.09536],[71.528,51.09914],[71.522,51.09914],[71.522,51.09536]]]},"properties":{"id":1677,"trees":1,"canopy":2,"park_dist":1045,"pass_trees":false,"pass_canopy":false,"pass_dist":false,"score":0,"mock":true}},{"type":"Feature","id":1678,"geometry":{"type":"Polygon","coordinates":[[[71.522,51.09914],[71.528,51.09914],[71.528,51.10292],[71.522,51.10292],[71.522,51.09914]]]},"properties":{"id":1678,"trees":0,"canopy":2,"park_dist":1179,"pass_trees":false,"pass_canopy":false,"pass_dist":false,"score":0,"mock":true}},{"type":"Feature","id":1679,"geometry":{"type":"Polygon","coordinates":[[[71.522,51.10292],[71.528,51.10292],[71.528,51.1067],[71.522,51.1067],[71.522,51.10292]]]},"properties":{"id":1679,"trees":0,"canopy":3,"park_dist":1175,"pass_trees":false,"pass_canopy":false,"pass_dist":false,"score":0,"mock":true}},{"type":"Feature","id":1680,"geometry":{"type":"Polygon","coordinates":[[[71.522,51.1067],[71.528,51.1067],[71.528,51.11048],[71.522,51.11048],[71.522,51.1067]]]},"properties":{"id":1680,"trees":1,"canopy":1,"park_dist":1203,"pass_trees":false,"pass_canopy":false,"pass_dist":false,"score":0,"mock":true}},{"type":"Feature","id":1681,"geometry":{"type":"Polygon","coordinates":[[[71.522,51.11048],[71.528,51.11048],[71.528,51.11426],[71.522,51.11426],[71.522,51.11048]]]},"properties":{"id":1681,"trees":0,"canopy":1,"park_dist":1221,"pass_trees":false,"pass_canopy":false,"pass_dist":false,"score":0,"mock":true}},{"type":"Feature","id":1682,"geometry":{"type":"Polygon","coordinates":[[[71.522,51.11426],[71.528,51.11426],[71.528,51.11804],[71.522,51.11804],[71.522,51.11426]]]},"properties":{"id":1682,"trees":0,"canopy":1,"park_dist":1221,"pass_trees":false,"pass_canopy":false,"pass_dist":false,"score":0,"mock":true}},{"type":"Feature","id":1683,"geometry":{"type":"Polygon","coordinates":[[[71.522,51.11804],[71.528,51.11804],[71.528,51.12182],[71.522,51.12182],[71.522,51.11804]]]},"properties":{"id":1683,"trees":0,"canopy":1,"park_dist":1258,"pass_trees":false,"pass_canopy":false,"pass_dist":false,"score":0,"mock":true}},{"type":"Feature","id":1684,"geometry":{"type":"Polygon","coordinates":[[[71.522,51.12182],[71.528,51.12182],[71.528,51.1256],[71.522,51.1256],[71.522,51.12182]]]},"properties":{"id":1684,"trees":0,"canopy":2,"park_dist":1192,"pass_trees":false,"pass_canopy":false,"pass_dist":false,"score":0,"mock":true}},{"type":"Feature","id":1685,"geometry":{"type":"Polygon","coordinates":[[[71.522,51.1256],[71.528,51.1256],[71.528,51.12938],[71.522,51.12938],[71.522,51.1256]]]},"properties":{"id":1685,"trees":0,"canopy":1,"park_dist":1266,"pass_trees":false,"pass_canopy":false,"pass_dist":false,"score":0,"mock":true}},{"type":"Feature","id":1686,"geometry":{"type":"Polygon","coordinates":[[[71.522,51.12938],[71.528,51.12938],[71.528,51.13316],[71.522,51.13316],[71.522,51.12938]]]},"properties":{"id":1686,"trees":0,"canopy":1,"park_dist":1203,"pass_trees":false,"pass_canopy":false,"pass_dist":false,"score":0,"mock":true}},{"type":"Feature","id":1687,"geometry":{"type":"Polygon","coordinates":[[[71.522,51.13316],[71.528,51.13316],[71.528,51.13694],[71.522,51.13694],[71.522,51.13316]]]},"properties":{"id":1687,"trees":0,"canopy":1,"park_dist":1249,"pass_trees":false,"pass_canopy":false,"pass_dist":false,"score":0,"mock":true}},{"type":"Feature","id":1688,"geometry":{"type":"Polygon","coordinates":[[[71.522,51.13694],[71.528,51.13694],[71.528,51.14072],[71.522,51.14072],[71.522,51.13694]]]},"properties":{"id":1688,"trees":1,"canopy":1,"park_dist":1194,"pass_trees":false,"pass_canopy":false,"pass_dist":false,"score":0,"mock":true}},{"type":"Feature","id":1689,"geometry":{"type":"Polygon","coordinates":[[[71.522,51.14072],[71.528,51.14072],[71.528,51.1445],[71.522,51.1445],[71.522,51.14072]]]},"properties":{"id":1689,"trees":0,"canopy":2,"park_dist":1239,"pass_trees":false,"pass_canopy":false,"pass_dist":false,"score":0,"mock":true}},{"type":"Feature","id":1690,"geometry":{"type":"Polygon","coordinates":[[[71.522,51.1445],[71.528,51.1445],[71.528,51.14828],[71.522,51.14828],[71.522,51.1445]]]},"properties":{"id":1690,"trees":0,"canopy":1,"park_dist":1185,"pass_trees":false,"pass_canopy":false,"pass_dist":false,"score":0,"mock":true}},{"type":"Feature","id":1691,"geometry":{"type":"Polygon","coordinates":[[[71.522,51.14828],[71.528,51.14828],[71.528,51.15206],[71.522,51.15206],[71.522,51.14828]]]},"properties":{"id":1691,"trees":1,"canopy":3,"park_dist":1195,"pass_trees":false,"pass_canopy":false,"pass_dist":false,"score":0,"mock":true}},{"type":"Feature","id":1692,"geometry":{"type":"Polygon","coordinates":[[[71.522,51.15206],[71.528,51.15206],[71.528,51.15584],[71.522,51.15584],[71.522,51.15206]]]},"properties":{"id":1692,"trees":0,"canopy":3,"park_dist":1218,"pass_trees":false,"pass_canopy":false,"pass_dist":false,"score":0,"mock":true}},{"type":"Feature","id":1693,"geometry":{"type":"Polygon","coordinates":[[[71.522,51.15584],[71.528,51.15584],[71.528,51.15962],[71.522,51.15962],[71.522,51.15584]]]},"properties":{"id":1693,"trees":0,"canopy":1,"park_dist":1171,"pass_trees":false,"pass_canopy":false,"pass_dist":false,"score":0,"mock":true}},{"type":"Feature","id":1694,"geometry":{"type":"Polygon","coordinates":[[[71.522,51.15962],[71.528,51.15962],[71.528,51.1634],[71.522,51.1634],[71.522,51.15962]]]},"properties":{"id":1694,"trees":0,"canopy":1,"park_dist":1154,"pass_trees":false,"pass_canopy":false,"pass_dist":false,"score":0,"mock":true}},{"type":"Feature","id":1695,"geometry":{"type":"Polygon","coordinates":[[[71.522,51.1634],[71.528,51.1634],[71.528,51.16718],[71.522,51.16718],[71.522,51.1634]]]},"properties":{"id":1695,"trees":0,"canopy":4,"park_dist":1163,"pass_trees":false,"pass_canopy":false,"pass_dist":false,"score":0,"mock":true}},{"type":"Feature","id":1696,"geometry":{"type":"Polygon","coordinates":[[[71.522,51.16718],[71.528,51.16718],[71.528,51.17096],[71.522,51.17096],[71.522,51.16718]]]},"properties":{"id":1696,"trees":0,"canopy":2,"park_dist":1164,"pass_trees":false,"pass_canopy":false,"pass_dist":false,"score":0,"mock":true}},{"type":"Feature","id":1697,"geometry":{"type":"Polygon","coordinates":[[[71.522,51.17096],[71.528,51.17096],[71.528,51.17474],[71.522,51.17474],[71.522,51.17096]]]},"properties":{"id":1697,"trees":0,"canopy":3,"park_dist":1236,"pass_trees":false,"pass_canopy":false,"pass_dist":false,"score":0,"mock":true}},{"type":"Feature","id":1698,"geometry":{"type":"Polygon","coordinates":[[[71.522,51.17474],[71.528,51.17474],[71.528,51.17852],[71.522,51.17852],[71.522,51.17474]]]},"properties":{"id":1698,"trees":0,"canopy":1,"park_dist":1212,"pass_trees":false,"pass_canopy":false,"pass_dist":false,"score":0,"mock":true}},{"type":"Feature","id":1699,"geometry":{"type":"Polygon","coordinates":[[[71.522,51.17852],[71.528,51.17852],[71.528,51.1823],[71.522,51.1823],[71.522,51.17852]]]},"properties":{"id":1699,"trees":0,"canopy":4,"park_dist":1211,"pass_trees":false,"pass_canopy":false,"pass_dist":false,"score":0,"mock":true}},{"type":"Feature","id":1700,"geometry":{"type":"Polygon","coordinates":[[[71.522,51.1823],[71.528,51.1823],[71.528,51.18608],[71.522,51.18608],[71.522,51.1823]]]},"properties":{"id":1700,"trees":1,"canopy":5,"park_dist":1102,"pass_trees":false,"pass_canopy":false,"pass_dist":false,"score":0,"mock":true}},{"type":"Feature","id":1701,"geometry":{"type":"Polygon","coordinates":[[[71.522,51.18608],[71.528,51.18608],[71.528,51.18986],[71.522,51.18986],[71.522,51.18608]]]},"properties":{"id":1701,"trees":2,"canopy":8,"park_dist":983,"pass_trees":false,"pass_canopy":false,"pass_dist":false,"score":0,"mock":true}},{"type":"Feature","id":1702,"geometry":{"type":"Polygon","coordinates":[[[71.522,51.18986],[71.528,51.18986],[71.528,51.19364],[71.522,51.19364],[71.522,51.18986]]]},"properties":{"id":1702,"trees":0,"canopy":4,"park_dist":1017,"pass_trees":false,"pass_canopy":false,"pass_dist":false,"score":0,"mock":true}},{"type":"Feature","id":1703,"geometry":{"type":"Polygon","coordinates":[[[71.522,51.19364],[71.528,51.19364],[71.528,51.19742],[71.522,51.19742],[71.522,51.19364]]]},"properties":{"id":1703,"trees":2,"canopy":6,"park_dist":940,"pass_trees":false,"pass_canopy":false,"pass_dist":false,"score":0,"mock":true}},{"type":"Feature","id":1704,"geometry":{"type":"Polygon","coordinates":[[[71.522,51.19742],[71.528,51.19742],[71.528,51.2012],[71.522,51.2012],[71.522,51.19742]]]},"properties":{"id":1704,"trees":2,"canopy":9,"park_dist":893,"pass_trees":false,"pass_canopy":false,"pass_dist":false,"score":0,"mock":true}},{"type":"Feature","id":1705,"geometry":{"type":"Polygon","coordinates":[[[71.522,51.2012],[71.528,51.2012],[71.528,51.20498],[71.522,51.20498],[71.522,51.2012]]]},"properties":{"id":1705,"trees":1,"canopy":10,"park_dist":1026,"pass_trees":false,"pass_canopy":false,"pass_dist":false,"score":0,"mock":true}},{"type":"Feature","id":1706,"geometry":{"type":"Polygon","coordinates":[[[71.522,51.20498],[71.528,51.20498],[71.528,51.20876],[71.522,51.20876],[71.522,51.20498]]]},"properties":{"id":1706,"trees":3,"canopy":13,"park_dist":864,"pass_trees":true,"pass_canopy":false,"pass_dist":false,"score":1,"mock":true}},{"type":"Feature","id":1707,"geometry":{"type":"Polygon","coordinates":[[[71.522,51.20876],[71.528,51.20876],[71.528,51.21254],[71.522,51.21254],[71.522,51.20876]]]},"properties":{"id":1707,"trees":3,"canopy":14,"park_dist":746,"pass_trees":true,"pass_canopy":false,"pass_dist":false,"score":1,"mock":true}},{"type":"Feature","id":1708,"geometry":{"type":"Polygon","coordinates":[[[71.522,51.21254],[71.528,51.21254],[71.528,51.21632],[71.522,51.21632],[71.522,51.21254]]]},"properties":{"id":1708,"trees":3,"canopy":11,"park_dist":927,"pass_trees":true,"pass_canopy":false,"pass_dist":false,"score":1,"mock":true}},{"type":"Feature","id":1709,"geometry":{"type":"Polygon","coordinates":[[[71.522,51.21632],[71.528,51.21632],[71.528,51.2201],[71.522,51.2201],[71.522,51.21632]]]},"properties":{"id":1709,"trees":3,"canopy":16,"park_dist":863,"pass_trees":true,"pass_canopy":false,"pass_dist":false,"score":1,"mock":true}},{"type":"Feature","id":1710,"geometry":{"type":"Polygon","coordinates":[[[71.528,51.05],[71.534,51.05],[71.534,51.05378],[71.528,51.05378],[71.528,51.05]]]},"properties":{"id":1710,"trees":2,"canopy":13,"park_dist":800,"pass_trees":false,"pass_canopy":false,"pass_dist":false,"score":0,"mock":true}},{"type":"Feature","id":1711,"geometry":{"type":"Polygon","coordinates":[[[71.528,51.05378],[71.534,51.05378],[71.534,51.05756],[71.528,51.05756],[71.528,51.05378]]]},"properties":{"id":1711,"trees":3,"canopy":17,"park_dist":859,"pass_trees":true,"pass_canopy":false,"pass_dist":false,"score":1,"mock":true}},{"type":"Feature","id":1712,"geometry":{"type":"Polygon","coordinates":[[[71.528,51.05756],[71.534,51.05756],[71.534,51.06134],[71.528,51.06134],[71.528,51.05756]]]},"properties":{"id":1712,"trees":3,"canopy":18,"park_dist":770,"pass_trees":true,"pass_canopy":false,"pass_dist":false,"score":1,"mock":true}},{"type":"Feature","id":1713,"geometry":{"type":"Polygon","coordinates":[[[71.528,51.06134],[71.534,51.06134],[71.534,51.06512],[71.528,51.06512],[71.528,51.06134]]]},"properties":{"id":1713,"trees":3,"canopy":18,"park_dist":816,"pass_trees":true,"pass_canopy":false,"pass_dist":false,"score":1,"mock":true}},{"type":"Feature","id":1714,"geometry":{"type":"Polygon","coordinates":[[[71.528,51.06512],[71.534,51.06512],[71.534,51.0689],[71.528,51.0689],[71.528,51.06512]]]},"properties":{"id":1714,"trees":2,"canopy":11,"park_dist":884,"pass_trees":false,"pass_canopy":false,"pass_dist":false,"score":0,"mock":true}},{"type":"Feature","id":1715,"geometry":{"type":"Polygon","coordinates":[[[71.528,51.0689],[71.534,51.0689],[71.534,51.07268],[71.528,51.07268],[71.528,51.0689]]]},"properties":{"id":1715,"trees":1,"canopy":8,"park_dist":951,"pass_trees":false,"pass_canopy":false,"pass_dist":false,"score":0,"mock":true}},{"type":"Feature","id":1716,"geometry":{"type":"Polygon","coordinates":[[[71.528,51.07268],[71.534,51.07268],[71.534,51.07646],[71.528,51.07646],[71.528,51.07268]]]},"properties":{"id":1716,"trees":2,"canopy":9,"park_dist":892,"pass_trees":false,"pass_canopy":false,"pass_dist":false,"score":0,"mock":true}},{"type":"Feature","id":1717,"geometry":{"type":"Polygon","coordinates":[[[71.528,51.07646],[71.534,51.07646],[71.534,51.08024],[71.528,51.08024],[71.528,51.07646]]]},"properties":{"id":1717,"trees":2,"canopy":6,"park_dist":870,"pass_trees":false,"pass_canopy":false,"pass_dist":false,"score":0,"mock":true}},{"type":"Feature","id":1718,"geometry":{"type":"Polygon","coordinates":[[[71.528,51.08024],[71.534,51.08024],[71.534,51.08402],[71.528,51.08402],[71.528,51.08024]]]},"properties":{"id":1718,"trees":3,"canopy":10,"park_dist":992,"pass_trees":true,"pass_canopy":false,"pass_dist":false,"score":1,"mock":true}},{"type":"Feature","id":1719,"geometry":{"type":"Polygon","coordinates":[[[71.528,51.08402],[71.534,51.08402],[71.534,51.0878],[71.528,51.0878],[71.528,51.08402]]]},"properties":{"id":1719,"trees":2,"canopy":9,"park_dist":942,"pass_trees":false,"pass_canopy":false,"pass_dist":false,"score":0,"mock":true}},{"type":"Feature","id":1720,"geometry":{"type":"Polygon","coordinates":[[[71.528,51.0878],[71.534,51.0878],[71.534,51.09158],[71.528,51.09158],[71.528,51.0878]]]},"properties":{"id":1720,"trees":1,"canopy":8,"park_dist":959,"pass_trees":false,"pass_canopy":false,"pass_dist":false,"score":0,"mock":true}},{"type":"Feature","id":1721,"geometry":{"type":"Polygon","coordinates":[[[71.528,51.09158],[71.534,51.09158],[71.534,51.09536],[71.528,51.09536],[71.528,51.09158]]]},"properties":{"id":1721,"trees":1,"canopy":10,"park_dist":1127,"pass_trees":false,"pass_canopy":false,"pass_dist":false,"score":0,"mock":true}},{"type":"Feature","id":1722,"geometry":{"type":"Polygon","coordinates":[[[71.528,51.09536],[71.534,51.09536],[71.534,51.09914],[71.528,51.09914],[71.528,51.09536]]]},"properties":{"id":1722,"trees":0,"canopy":5,"park_dist":1123,"pass_trees":false,"pass_canopy":false,"pass_dist":false,"score":0,"mock":true}},{"type":"Feature","id":1723,"geometry":{"type":"Polygon","coordinates":[[[71.528,51.09914],[71.534,51.09914],[71.534,51.10292],[71.528,51.10292],[71.528,51.09914]]]},"properties":{"id":1723,"trees":0,"canopy":2,"park_dist":1252,"pass_trees":false,"pass_canopy":false,"pass_dist":false,"score":0,"mock":true}},{"type":"Feature","id":1724,"geometry":{"type":"Polygon","coordinates":[[[71.528,51.10292],[71.534,51.10292],[71.534,51.1067],[71.528,51.1067],[71.528,51.10292]]]},"properties":{"id":1724,"trees":1,"canopy":1,"park_dist":1181,"pass_trees":false,"pass_canopy":false,"pass_dist":false,"score":0,"mock":true}},{"type":"Feature","id":1725,"geometry":{"type":"Polygon","coordinates":[[[71.528,51.1067],[71.534,51.1067],[71.534,51.11048],[71.528,51.11048],[71.528,51.1067]]]},"properties":{"id":1725,"trees":0,"canopy":4,"park_dist":1169,"pass_trees":false,"pass_canopy":false,"pass_dist":false,"score":0,"mock":true}},{"type":"Feature","id":1726,"geometry":{"type":"Polygon","coordinates":[[[71.528,51.11048],[71.534,51.11048],[71.534,51.11426],[71.528,51.11426],[71.528,51.11048]]]},"properties":{"id":1726,"trees":0,"canopy":1,"park_dist":1190,"pass_trees":false,"pass_canopy":false,"pass_dist":false,"score":0,"mock":true}},{"type":"Feature","id":1727,"geometry":{"type":"Polygon","coordinates":[[[71.528,51.11426],[71.534,51.11426],[71.534,51.11804],[71.528,51.11804],[71.528,51.11426]]]},"properties":{"id":1727,"trees":0,"canopy":1,"park_dist":1222,"pass_trees":false,"pass_canopy":false,"pass_dist":false,"score":0,"mock":true}},{"type":"Feature","id":1728,"geometry":{"type":"Polygon","coordinates":[[[71.528,51.11804],[71.534,51.11804],[71.534,51.12182],[71.528,51.12182],[71.528,51.11804]]]},"properties":{"id":1728,"trees":0,"canopy":1,"park_dist":1299,"pass_trees":false,"pass_canopy":false,"pass_dist":false,"score":0,"mock":true}},{"type":"Feature","id":1729,"geometry":{"type":"Polygon","coordinates":[[[71.528,51.12182],[71.534,51.12182],[71.534,51.1256],[71.528,51.1256],[71.528,51.12182]]]},"properties":{"id":1729,"trees":0,"canopy":1,"park_dist":1199,"pass_trees":false,"pass_canopy":false,"pass_dist":false,"score":0,"mock":true}},{"type":"Feature","id":1730,"geometry":{"type":"Polygon","coordinates":[[[71.528,51.1256],[71.534,51.1256],[71.534,51.12938],[71.528,51.12938],[71.528,51.1256]]]},"properties":{"id":1730,"trees":0,"canopy":1,"park_dist":1234,"pass_trees":false,"pass_canopy":false,"pass_dist":false,"score":0,"mock":true}},{"type":"Feature","id":1731,"geometry":{"type":"Polygon","coordinates":[[[71.528,51.12938],[71.534,51.12938],[71.534,51.13316],[71.528,51.13316],[71.528,51.12938]]]},"properties":{"id":1731,"trees":0,"canopy":1,"park_dist":1211,"pass_trees":false,"pass_canopy":false,"pass_dist":false,"score":0,"mock":true}},{"type":"Feature","id":1732,"geometry":{"type":"Polygon","coordinates":[[[71.528,51.13316],[71.534,51.13316],[71.534,51.13694],[71.528,51.13694],[71.528,51.13316]]]},"properties":{"id":1732,"trees":0,"canopy":1,"park_dist":1266,"pass_trees":false,"pass_canopy":false,"pass_dist":false,"score":0,"mock":true}},{"type":"Feature","id":1733,"geometry":{"type":"Polygon","coordinates":[[[71.528,51.13694],[71.534,51.13694],[71.534,51.14072],[71.528,51.14072],[71.528,51.13694]]]},"properties":{"id":1733,"trees":0,"canopy":1,"park_dist":1127,"pass_trees":false,"pass_canopy":false,"pass_dist":false,"score":0,"mock":true}},{"type":"Feature","id":1734,"geometry":{"type":"Polygon","coordinates":[[[71.528,51.14072],[71.534,51.14072],[71.534,51.1445],[71.528,51.1445],[71.528,51.14072]]]},"properties":{"id":1734,"trees":0,"canopy":1,"park_dist":1221,"pass_trees":false,"pass_canopy":false,"pass_dist":false,"score":0,"mock":true}},{"type":"Feature","id":1735,"geometry":{"type":"Polygon","coordinates":[[[71.528,51.1445],[71.534,51.1445],[71.534,51.14828],[71.528,51.14828],[71.528,51.1445]]]},"properties":{"id":1735,"trees":0,"canopy":2,"park_dist":1243,"pass_trees":false,"pass_canopy":false,"pass_dist":false,"score":0,"mock":true}},{"type":"Feature","id":1736,"geometry":{"type":"Polygon","coordinates":[[[71.528,51.14828],[71.534,51.14828],[71.534,51.15206],[71.528,51.15206],[71.528,51.14828]]]},"properties":{"id":1736,"trees":0,"canopy":2,"park_dist":1265,"pass_trees":false,"pass_canopy":false,"pass_dist":false,"score":0,"mock":true}},{"type":"Feature","id":1737,"geometry":{"type":"Polygon","coordinates":[[[71.528,51.15206],[71.534,51.15206],[71.534,51.15584],[71.528,51.15584],[71.528,51.15206]]]},"properties":{"id":1737,"trees":0,"canopy":1,"park_dist":1216,"pass_trees":false,"pass_canopy":false,"pass_dist":false,"score":0,"mock":true}},{"type":"Feature","id":1738,"geometry":{"type":"Polygon","coordinates":[[[71.528,51.15584],[71.534,51.15584],[71.534,51.15962],[71.528,51.15962],[71.528,51.15584]]]},"properties":{"id":1738,"trees":1,"canopy":1,"park_dist":1221,"pass_trees":false,"pass_canopy":false,"pass_dist":false,"score":0,"mock":true}},{"type":"Feature","id":1739,"geometry":{"type":"Polygon","coordinates":[[[71.528,51.15962],[71.534,51.15962],[71.534,51.1634],[71.528,51.1634],[71.528,51.15962]]]},"properties":{"id":1739,"trees":0,"canopy":1,"park_dist":1250,"pass_trees":false,"pass_canopy":false,"pass_dist":false,"score":0,"mock":true}},{"type":"Feature","id":1740,"geometry":{"type":"Polygon","coordinates":[[[71.528,51.1634],[71.534,51.1634],[71.534,51.16718],[71.528,51.16718],[71.528,51.1634]]]},"properties":{"id":1740,"trees":0,"canopy":1,"park_dist":1305,"pass_trees":false,"pass_canopy":false,"pass_dist":false,"score":0,"mock":true}},{"type":"Feature","id":1741,"geometry":{"type":"Polygon","coordinates":[[[71.528,51.16718],[71.534,51.16718],[71.534,51.17096],[71.528,51.17096],[71.528,51.16718]]]},"properties":{"id":1741,"trees":0,"canopy":1,"park_dist":1168,"pass_trees":false,"pass_canopy":false,"pass_dist":false,"score":0,"mock":true}},{"type":"Feature","id":1742,"geometry":{"type":"Polygon","coordinates":[[[71.528,51.17096],[71.534,51.17096],[71.534,51.17474],[71.528,51.17474],[71.528,51.17096]]]},"properties":{"id":1742,"trees":0,"canopy":1,"park_dist":1203,"pass_trees":false,"pass_canopy":false,"pass_dist":false,"score":0,"mock":true}},{"type":"Feature","id":1743,"geometry":{"type":"Polygon","coordinates":[[[71.528,51.17474],[71.534,51.17474],[71.534,51.17852],[71.528,51.17852],[71.528,51.17474]]]},"properties":{"id":1743,"trees":0,"canopy":1,"park_dist":1140,"pass_trees":false,"pass_canopy":false,"pass_dist":false,"score":0,"mock":true}},{"type":"Feature","id":1744,"geometry":{"type":"Polygon","coordinates":[[[71.528,51.17852],[71.534,51.17852],[71.534,51.1823],[71.528,51.1823],[71.528,51.17852]]]},"properties":{"id":1744,"trees":0,"canopy":1,"park_dist":1177,"pass_trees":false,"pass_canopy":false,"pass_dist":false,"score":0,"mock":true}},{"type":"Feature","id":1745,"geometry":{"type":"Polygon","coordinates":[[[71.528,51.1823],[71.534,51.1823],[71.534,51.18608],[71.528,51.18608],[71.528,51.1823]]]},"properties":{"id":1745,"trees":2,"canopy":6,"park_dist":1048,"pass_trees":false,"pass_canopy":false,"pass_dist":false,"score":0,"mock":true}},{"type":"Feature","id":1746,"geometry":{"type":"Polygon","coordinates":[[[71.528,51.18608],[71.534,51.18608],[71.534,51.18986],[71.528,51.18986],[71.528,51.18608]]]},"properties":{"id":1746,"trees":1,"canopy":10,"park_dist":1015,"pass_trees":false,"pass_canopy":false,"pass_dist":false,"score":0,"mock":true}},{"type":"Feature","id":1747,"geometry":{"type":"Polygon","coordinates":[[[71.528,51.18986],[71.534,51.18986],[71.534,51.19364],[71.528,51.19364],[71.528,51.18986]]]},"properties":{"id":1747,"trees":1,"canopy":5,"park_dist":1066,"pass_trees":false,"pass_canopy":false,"pass_dist":false,"score":0,"mock":true}},{"type":"Feature","id":1748,"geometry":{"type":"Polygon","coordinates":[[[71.528,51.19364],[71.534,51.19364],[71.534,51.19742],[71.528,51.19742],[71.528,51.19364]]]},"properties":{"id":1748,"trees":1,"canopy":5,"park_dist":993,"pass_trees":false,"pass_canopy":false,"pass_dist":false,"score":0,"mock":true}},{"type":"Feature","id":1749,"geometry":{"type":"Polygon","coordinates":[[[71.528,51.19742],[71.534,51.19742],[71.534,51.2012],[71.528,51.2012],[71.528,51.19742]]]},"properties":{"id":1749,"trees":2,"canopy":10,"park_dist":921,"pass_trees":false,"pass_canopy":false,"pass_dist":false,"score":0,"mock":true}},{"type":"Feature","id":1750,"geometry":{"type":"Polygon","coordinates":[[[71.528,51.2012],[71.534,51.2012],[71.534,51.20498],[71.528,51.20498],[71.528,51.2012]]]},"properties":{"id":1750,"trees":2,"canopy":17,"park_dist":817,"pass_trees":false,"pass_canopy":false,"pass_dist":false,"score":0,"mock":true}},{"type":"Feature","id":1751,"geometry":{"type":"Polygon","coordinates":[[[71.528,51.20498],[71.534,51.20498],[71.534,51.20876],[71.528,51.20876],[71.528,51.20498]]]},"properties":{"id":1751,"trees":2,"canopy":10,"park_dist":939,"pass_trees":false,"pass_canopy":false,"pass_dist":false,"score":0,"mock":true}},{"type":"Feature","id":1752,"geometry":{"type":"Polygon","coordinates":[[[71.528,51.20876],[71.534,51.20876],[71.534,51.21254],[71.528,51.21254],[71.528,51.20876]]]},"properties":{"id":1752,"trees":2,"canopy":12,"park_dist":866,"pass_trees":false,"pass_canopy":false,"pass_dist":false,"score":0,"mock":true}},{"type":"Feature","id":1753,"geometry":{"type":"Polygon","coordinates":[[[71.528,51.21254],[71.534,51.21254],[71.534,51.21632],[71.528,51.21632],[71.528,51.21254]]]},"properties":{"id":1753,"trees":3,"canopy":12,"park_dist":818,"pass_trees":true,"pass_canopy":false,"pass_dist":false,"score":1,"mock":true}},{"type":"Feature","id":1754,"geometry":{"type":"Polygon","coordinates":[[[71.528,51.21632],[71.534,51.21632],[71.534,51.2201],[71.528,51.2201],[71.528,51.21632]]]},"properties":{"id":1754,"trees":2,"canopy":10,"park_dist":871,"pass_trees":false,"pass_canopy":false,"pass_dist":false,"score":0,"mock":true}},{"type":"Feature","id":1755,"geometry":{"type":"Polygon","coordinates":[[[71.534,51.05],[71.54,51.05],[71.54,51.05378],[71.534,51.05378],[71.534,51.05]]]},"properties":{"id":1755,"trees":3,"canopy":13,"park_dist":776,"pass_trees":true,"pass_canopy":false,"pass_dist":false,"score":1,"mock":true}},{"type":"Feature","id":1756,"geometry":{"type":"Polygon","coordinates":[[[71.534,51.05378],[71.54,51.05378],[71.54,51.05756],[71.534,51.05756],[71.534,51.05378]]]},"properties":{"id":1756,"trees":3,"canopy":16,"park_dist":810,"pass_trees":true,"pass_canopy":false,"pass_dist":false,"score":1,"mock":true}},{"type":"Feature","id":1757,"geometry":{"type":"Polygon","coordinates":[[[71.534,51.05756],[71.54,51.05756],[71.54,51.06134],[71.534,51.06134],[71.534,51.05756]]]},"properties":{"id":1757,"trees":3,"canopy":16,"park_dist":829,"pass_trees":true,"pass_canopy":false,"pass_dist":false,"score":1,"mock":true}},{"type":"Feature","id":1758,"geometry":{"type":"Polygon","coordinates":[[[71.534,51.06134],[71.54,51.06134],[71.54,51.06512],[71.534,51.06512],[71.534,51.06134]]]},"properties":{"id":1758,"trees":2,"canopy":16,"park_dist":812,"pass_trees":false,"pass_canopy":false,"pass_dist":false,"score":0,"mock":true}},{"type":"Feature","id":1759,"geometry":{"type":"Polygon","coordinates":[[[71.534,51.06512],[71.54,51.06512],[71.54,51.0689],[71.534,51.0689],[71.534,51.06512]]]},"properties":{"id":1759,"trees":2,"canopy":12,"park_dist":875,"pass_trees":false,"pass_canopy":false,"pass_dist":false,"score":0,"mock":true}},{"type":"Feature","id":1760,"geometry":{"type":"Polygon","coordinates":[[[71.534,51.0689],[71.54,51.0689],[71.54,51.07268],[71.534,51.07268],[71.534,51.0689]]]},"properties":{"id":1760,"trees":2,"canopy":12,"park_dist":901,"pass_trees":false,"pass_canopy":false,"pass_dist":false,"score":0,"mock":true}},{"type":"Feature","id":1761,"geometry":{"type":"Polygon","coordinates":[[[71.534,51.07268],[71.54,51.07268],[71.54,51.07646],[71.534,51.07646],[71.534,51.07268]]]},"properties":{"id":1761,"trees":2,"canopy":13,"park_dist":851,"pass_trees":false,"pass_canopy":false,"pass_dist":false,"score":0,"mock":true}},{"type":"Feature","id":1762,"geometry":{"type":"Polygon","coordinates":[[[71.534,51.07646],[71.54,51.07646],[71.54,51.08024],[71.534,51.08024],[71.534,51.07646]]]},"properties":{"id":1762,"trees":2,"canopy":15,"park_dist":896,"pass_trees":false,"pass_canopy":false,"pass_dist":false,"score":0,"mock":true}},{"type":"Feature","id":1763,"geometry":{"type":"Polygon","coordinates":[[[71.534,51.08024],[71.54,51.08024],[71.54,51.08402],[71.534,51.08402],[71.534,51.08024]]]},"properties":{"id":1763,"trees":2,"canopy":8,"park_dist":999,"pass_trees":false,"pass_canopy":false,"pass_dist":false,"score":0,"mock":true}},{"type":"Feature","id":1764,"geometry":{"type":"Polygon","coordinates":[[[71.534,51.08402],[71.54,51.08402],[71.54,51.0878],[71.534,51.0878],[71.534,51.08402]]]},"properties":{"id":1764,"trees":1,"canopy":9,"park_dist":972,"pass_trees":false,"pass_canopy":false,"pass_dist":false,"score":0,"mock":true}},{"type":"Feature","id":1765,"geometry":{"type":"Polygon","coordinates":[[[71.534,51.0878],[71.54,51.0878],[71.54,51.09158],[71.534,51.09158],[71.534,51.0878]]]},"properties":{"id":1765,"trees":1,"canopy":6,"park_dist":995,"pass_trees":false,"pass_canopy":false,"pass_dist":false,"score":0,"mock":true}},{"type":"Feature","id":1766,"geometry":{"type":"Polygon","coordinates":[[[71.534,51.09158],[71.54,51.09158],[71.54,51.09536],[71.534,51.09536],[71.534,51.09158]]]},"properties":{"id":1766,"trees":1,"canopy":6,"park_dist":1089,"pass_trees":false,"pass_canopy":false,"pass_dist":false,"score":0,"mock":true}},{"type":"Feature","id":1767,"geometry":{"type":"Polygon","coordinates":[[[71.534,51.09536],[71.54,51.09536],[71.54,51.09914],[71.534,51.09914],[71.534,51.09536]]]},"properties":{"id":1767,"trees":2,"canopy":6,"park_dist":1145,"pass_trees":false,"pass_canopy":false,"pass_dist":false,"score":0,"mock":true}},{"type":"Feature","id":1768,"geometry":{"type":"Polygon","coordinates":[[[71.534,51.09914],[71.54,51.09914],[71.54,51.10292],[71.534,51.10292],[71.534,51.09914]]]},"properties":{"id":1768,"trees":0,"canopy":4,"park_dist":1146,"pass_trees":false,"pass_canopy":false,"pass_dist":false,"score":0,"mock":true}},{"type":"Feature","id":1769,"geometry":{"type":"Polygon","coordinates":[[[71.534,51.10292],[71.54,51.10292],[71.54,51.1067],[71.534,51.1067],[71.534,51.10292]]]},"properties":{"id":1769,"trees":0,"canopy":1,"park_dist":1186,"pass_trees":false,"pass_canopy":false,"pass_dist":false,"score":0,"mock":true}},{"type":"Feature","id":1770,"geometry":{"type":"Polygon","coordinates":[[[71.534,51.1067],[71.54,51.1067],[71.54,51.11048],[71.534,51.11048],[71.534,51.1067]]]},"properties":{"id":1770,"trees":0,"canopy":1,"park_dist":1207,"pass_trees":false,"pass_canopy":false,"pass_dist":false,"score":0,"mock":true}},{"type":"Feature","id":1771,"geometry":{"type":"Polygon","coordinates":[[[71.534,51.11048],[71.54,51.11048],[71.54,51.11426],[71.534,51.11426],[71.534,51.11048]]]},"properties":{"id":1771,"trees":0,"canopy":1,"park_dist":1210,"pass_trees":false,"pass_canopy":false,"pass_dist":false,"score":0,"mock":true}},{"type":"Feature","id":1772,"geometry":{"type":"Polygon","coordinates":[[[71.534,51.11426],[71.54,51.11426],[71.54,51.11804],[71.534,51.11804],[71.534,51.11426]]]},"properties":{"id":1772,"trees":0,"canopy":1,"park_dist":1200,"pass_trees":false,"pass_canopy":false,"pass_dist":false,"score":0,"mock":true}},{"type":"Feature","id":1773,"geometry":{"type":"Polygon","coordinates":[[[71.534,51.11804],[71.54,51.11804],[71.54,51.12182],[71.534,51.12182],[71.534,51.11804]]]},"properties":{"id":1773,"trees":1,"canopy":1,"park_dist":1215,"pass_trees":false,"pass_canopy":false,"pass_dist":false,"score":0,"mock":true}},{"type":"Feature","id":1774,"geometry":{"type":"Polygon","coordinates":[[[71.534,51.12182],[71.54,51.12182],[71.54,51.1256],[71.534,51.1256],[71.534,51.12182]]]},"properties":{"id":1774,"trees":0,"canopy":1,"park_dist":1237,"pass_trees":false,"pass_canopy":false,"pass_dist":false,"score":0,"mock":true}},{"type":"Feature","id":1775,"geometry":{"type":"Polygon","coordinates":[[[71.534,51.1256],[71.54,51.1256],[71.54,51.12938],[71.534,51.12938],[71.534,51.1256]]]},"properties":{"id":1775,"trees":0,"canopy":1,"park_dist":1212,"pass_trees":false,"pass_canopy":false,"pass_dist":false,"score":0,"mock":true}},{"type":"Feature","id":1776,"geometry":{"type":"Polygon","coordinates":[[[71.534,51.12938],[71.54,51.12938],[71.54,51.13316],[71.534,51.13316],[71.534,51.12938]]]},"properties":{"id":1776,"trees":0,"canopy":1,"park_dist":1211,"pass_trees":false,"pass_canopy":false,"pass_dist":false,"score":0,"mock":true}},{"type":"Feature","id":1777,"geometry":{"type":"Polygon","coordinates":[[[71.534,51.13316],[71.54,51.13316],[71.54,51.13694],[71.534,51.13694],[71.534,51.13316]]]},"properties":{"id":1777,"trees":0,"canopy":1,"park_dist":1191,"pass_trees":false,"pass_canopy":false,"pass_dist":false,"score":0,"mock":true}},{"type":"Feature","id":1778,"geometry":{"type":"Polygon","coordinates":[[[71.534,51.13694],[71.54,51.13694],[71.54,51.14072],[71.534,51.14072],[71.534,51.13694]]]},"properties":{"id":1778,"trees":0,"canopy":1,"park_dist":1177,"pass_trees":false,"pass_canopy":false,"pass_dist":false,"score":0,"mock":true}},{"type":"Feature","id":1779,"geometry":{"type":"Polygon","coordinates":[[[71.534,51.14072],[71.54,51.14072],[71.54,51.1445],[71.534,51.1445],[71.534,51.14072]]]},"properties":{"id":1779,"trees":0,"canopy":2,"park_dist":1261,"pass_trees":false,"pass_canopy":false,"pass_dist":false,"score":0,"mock":true}},{"type":"Feature","id":1780,"geometry":{"type":"Polygon","coordinates":[[[71.534,51.1445],[71.54,51.1445],[71.54,51.14828],[71.534,51.14828],[71.534,51.1445]]]},"properties":{"id":1780,"trees":0,"canopy":1,"park_dist":1232,"pass_trees":false,"pass_canopy":false,"pass_dist":false,"score":0,"mock":true}},{"type":"Feature","id":1781,"geometry":{"type":"Polygon","coordinates":[[[71.534,51.14828],[71.54,51.14828],[71.54,51.15206],[71.534,51.15206],[71.534,51.14828]]]},"properties":{"id":1781,"trees":0,"canopy":4,"park_dist":1216,"pass_trees":false,"pass_canopy":false,"pass_dist":false,"score":0,"mock":true}},{"type":"Feature","id":1782,"geometry":{"type":"Polygon","coordinates":[[[71.534,51.15206],[71.54,51.15206],[71.54,51.15584],[71.534,51.15584],[71.534,51.15206]]]},"properties":{"id":1782,"trees":0,"canopy":1,"park_dist":1222,"pass_trees":false,"pass_canopy":false,"pass_dist":false,"score":0,"mock":true}},{"type":"Feature","id":1783,"geometry":{"type":"Polygon","coordinates":[[[71.534,51.15584],[71.54,51.15584],[71.54,51.15962],[71.534,51.15962],[71.534,51.15584]]]},"properties":{"id":1783,"trees":0,"canopy":1,"park_dist":1218,"pass_trees":false,"pass_canopy":false,"pass_dist":false,"score":0,"mock":true}},{"type":"Feature","id":1784,"geometry":{"type":"Polygon","coordinates":[[[71.534,51.15962],[71.54,51.15962],[71.54,51.1634],[71.534,51.1634],[71.534,51.15962]]]},"properties":{"id":1784,"trees":0,"canopy":1,"park_dist":1169,"pass_trees":false,"pass_canopy":false,"pass_dist":false,"score":0,"mock":true}},{"type":"Feature","id":1785,"geometry":{"type":"Polygon","coordinates":[[[71.534,51.1634],[71.54,51.1634],[71.54,51.16718],[71.534,51.16718],[71.534,51.1634]]]},"properties":{"id":1785,"trees":0,"canopy":1,"park_dist":1137,"pass_trees":false,"pass_canopy":false,"pass_dist":false,"score":0,"mock":true}},{"type":"Feature","id":1786,"geometry":{"type":"Polygon","coordinates":[[[71.534,51.16718],[71.54,51.16718],[71.54,51.17096],[71.534,51.17096],[71.534,51.16718]]]},"properties":{"id":1786,"trees":1,"canopy":1,"park_dist":1243,"pass_trees":false,"pass_canopy":false,"pass_dist":false,"score":0,"mock":true}},{"type":"Feature","id":1787,"geometry":{"type":"Polygon","coordinates":[[[71.534,51.17096],[71.54,51.17096],[71.54,51.17474],[71.534,51.17474],[71.534,51.17096]]]},"properties":{"id":1787,"trees":0,"canopy":1,"park_dist":1221,"pass_trees":false,"pass_canopy":false,"pass_dist":false,"score":0,"mock":true}},{"type":"Feature","id":1788,"geometry":{"type":"Polygon","coordinates":[[[71.534,51.17474],[71.54,51.17474],[71.54,51.17852],[71.534,51.17852],[71.534,51.17474]]]},"properties":{"id":1788,"trees":1,"canopy":1,"park_dist":1206,"pass_trees":false,"pass_canopy":false,"pass_dist":false,"score":0,"mock":true}},{"type":"Feature","id":1789,"geometry":{"type":"Polygon","coordinates":[[[71.534,51.17852],[71.54,51.17852],[71.54,51.1823],[71.534,51.1823],[71.534,51.17852]]]},"properties":{"id":1789,"trees":0,"canopy":2,"park_dist":1066,"pass_trees":false,"pass_canopy":false,"pass_dist":false,"score":0,"mock":true}},{"type":"Feature","id":1790,"geometry":{"type":"Polygon","coordinates":[[[71.534,51.1823],[71.54,51.1823],[71.54,51.18608],[71.534,51.18608],[71.534,51.1823]]]},"properties":{"id":1790,"trees":1,"canopy":7,"park_dist":1087,"pass_trees":false,"pass_canopy":false,"pass_dist":false,"score":0,"mock":true}},{"type":"Feature","id":1791,"geometry":{"type":"Polygon","coordinates":[[[71.534,51.18608],[71.54,51.18608],[71.54,51.18986],[71.534,51.18986],[71.534,51.18608]]]},"properties":{"id":1791,"trees":0,"canopy":3,"park_dist":1111,"pass_trees":false,"pass_canopy":false,"pass_dist":false,"score":0,"mock":true}},{"type":"Feature","id":1792,"geometry":{"type":"Polygon","coordinates":[[[71.534,51.18986],[71.54,51.18986],[71.54,51.19364],[71.534,51.19364],[71.534,51.18986]]]},"properties":{"id":1792,"trees":1,"canopy":9,"park_dist":1016,"pass_trees":false,"pass_canopy":false,"pass_dist":false,"score":0,"mock":true}},{"type":"Feature","id":1793,"geometry":{"type":"Polygon","coordinates":[[[71.534,51.19364],[71.54,51.19364],[71.54,51.19742],[71.534,51.19742],[71.534,51.19364]]]},"properties":{"id":1793,"trees":1,"canopy":6,"park_dist":1039,"pass_trees":false,"pass_canopy":false,"pass_dist":false,"score":0,"mock":true}},{"type":"Feature","id":1794,"geometry":{"type":"Polygon","coordinates":[[[71.534,51.19742],[71.54,51.19742],[71.54,51.2012],[71.534,51.2012],[71.534,51.19742]]]},"properties":{"id":1794,"trees":2,"canopy":11,"park_dist":989,"pass_trees":false,"pass_canopy":false,"pass_dist":false,"score":0,"mock":true}},{"type":"Feature","id":1795,"geometry":{"type":"Polygon","coordinates":[[[71.534,51.2012],[71.54,51.2012],[71.54,51.20498],[71.534,51.20498],[71.534,51.2012]]]},"properties":{"id":1795,"trees":2,"canopy":11,"park_dist":939,"pass_trees":false,"pass_canopy":false,"pass_dist":false,"score":0,"mock":true}},{"type":"Feature","id":1796,"geometry":{"type":"Polygon","coordinates":[[[71.534,51.20498],[71.54,51.20498],[71.54,51.20876],[71.534,51.20876],[71.534,51.20498]]]},"properties":{"id":1796,"trees":2,"canopy":10,"park_dist":820,"pass_trees":false,"pass_canopy":false,"pass_dist":false,"score":0,"mock":true}},{"type":"Feature","id":1797,"geometry":{"type":"Polygon","coordinates":[[[71.534,51.20876],[71.54,51.20876],[71.54,51.21254],[71.534,51.21254],[71.534,51.20876]]]},"properties":{"id":1797,"trees":3,"canopy":12,"park_dist":888,"pass_trees":true,"pass_canopy":false,"pass_dist":false,"score":1,"mock":true}},{"type":"Feature","id":1798,"geometry":{"type":"Polygon","coordinates":[[[71.534,51.21254],[71.54,51.21254],[71.54,51.21632],[71.534,51.21632],[71.534,51.21254]]]},"properties":{"id":1798,"trees":3,"canopy":19,"park_dist":825,"pass_trees":true,"pass_canopy":false,"pass_dist":false,"score":1,"mock":true}},{"type":"Feature","id":1799,"geometry":{"type":"Polygon","coordinates":[[[71.534,51.21632],[71.54,51.21632],[71.54,51.2201],[71.534,51.2201],[71.534,51.21632]]]},"properties":{"id":1799,"trees":2,"canopy":13,"park_dist":867,"pass_trees":false,"pass_canopy":false,"pass_dist":false,"score":0,"mock":true}},{"type":"Feature","id":1800,"geometry":{"type":"Polygon","coordinates":[[[71.54,51.05],[71.546,51.05],[71.546,51.05378],[71.54,51.05378],[71.54,51.05]]]},"properties":{"id":1800,"trees":2,"canopy":16,"park_dist":825,"pass_trees":false,"pass_canopy":false,"pass_dist":false,"score":0,"mock":true}},{"type":"Feature","id":1801,"geometry":{"type":"Polygon","coordinates":[[[71.54,51.05378],[71.546,51.05378],[71.546,51.05756],[71.54,51.05756],[71.54,51.05378]]]},"properties":{"id":1801,"trees":2,"canopy":16,"park_dist":833,"pass_trees":false,"pass_canopy":false,"pass_dist":false,"score":0,"mock":true}},{"type":"Feature","id":1802,"geometry":{"type":"Polygon","coordinates":[[[71.54,51.05756],[71.546,51.05756],[71.546,51.06134],[71.54,51.06134],[71.54,51.05756]]]},"properties":{"id":1802,"trees":3,"canopy":16,"park_dist":866,"pass_trees":true,"pass_canopy":false,"pass_dist":false,"score":1,"mock":true}},{"type":"Feature","id":1803,"geometry":{"type":"Polygon","coordinates":[[[71.54,51.06134],[71.546,51.06134],[71.546,51.06512],[71.54,51.06512],[71.54,51.06134]]]},"properties":{"id":1803,"trees":2,"canopy":13,"park_dist":961,"pass_trees":false,"pass_canopy":false,"pass_dist":false,"score":0,"mock":true}},{"type":"Feature","id":1804,"geometry":{"type":"Polygon","coordinates":[[[71.54,51.06512],[71.546,51.06512],[71.546,51.0689],[71.54,51.0689],[71.54,51.06512]]]},"properties":{"id":1804,"trees":2,"canopy":14,"park_dist":858,"pass_trees":false,"pass_canopy":false,"pass_dist":false,"score":0,"mock":true}},{"type":"Feature","id":1805,"geometry":{"type":"Polygon","coordinates":[[[71.54,51.0689],[71.546,51.0689],[71.546,51.07268],[71.54,51.07268],[71.54,51.0689]]]},"properties":{"id":1805,"trees":3,"canopy":12,"park_dist":861,"pass_trees":true,"pass_canopy":false,"pass_dist":false,"score":1,"mock":true}},{"type":"Feature","id":1806,"geometry":{"type":"Polygon","coordinates":[[[71.54,51.07268],[71.546,51.07268],[71.546,51.07646],[71.54,51.07646],[71.54,51.07268]]]},"properties":{"id":1806,"trees":2,"canopy":12,"park_dist":975,"pass_trees":false,"pass_canopy":false,"pass_dist":false,"score":0,"mock":true}},{"type":"Feature","id":1807,"geometry":{"type":"Polygon","coordinates":[[[71.54,51.07646],[71.546,51.07646],[71.546,51.08024],[71.54,51.08024],[71.54,51.07646]]]},"properties":{"id":1807,"trees":2,"canopy":10,"park_dist":940,"pass_trees":false,"pass_canopy":false,"pass_dist":false,"score":0,"mock":true}},{"type":"Feature","id":1808,"geometry":{"type":"Polygon","coordinates":[[[71.54,51.08024],[71.546,51.08024],[71.546,51.08402],[71.54,51.08402],[71.54,51.08024]]]},"properties":{"id":1808,"trees":1,"canopy":10,"park_dist":967,"pass_trees":false,"pass_canopy":false,"pass_dist":false,"score":0,"mock":true}},{"type":"Feature","id":1809,"geometry":{"type":"Polygon","coordinates":[[[71.54,51.08402],[71.546,51.08402],[71.546,51.0878],[71.54,51.0878],[71.54,51.08402]]]},"properties":{"id":1809,"trees":3,"canopy":10,"park_dist":987,"pass_trees":true,"pass_canopy":false,"pass_dist":false,"score":1,"mock":true}},{"type":"Feature","id":1810,"geometry":{"type":"Polygon","coordinates":[[[71.54,51.0878],[71.546,51.0878],[71.546,51.09158],[71.54,51.09158],[71.54,51.0878]]]},"properties":{"id":1810,"trees":2,"canopy":6,"park_dist":1027,"pass_trees":false,"pass_canopy":false,"pass_dist":false,"score":0,"mock":true}},{"type":"Feature","id":1811,"geometry":{"type":"Polygon","coordinates":[[[71.54,51.09158],[71.546,51.09158],[71.546,51.09536],[71.54,51.09536],[71.54,51.09158]]]},"properties":{"id":1811,"trees":1,"canopy":7,"park_dist":987,"pass_trees":false,"pass_canopy":false,"pass_dist":false,"score":0,"mock":true}},{"type":"Feature","id":1812,"geometry":{"type":"Polygon","coordinates":[[[71.54,51.09536],[71.546,51.09536],[71.546,51.09914],[71.54,51.09914],[71.54,51.09536]]]},"properties":{"id":1812,"trees":0,"canopy":1,"park_dist":1129,"pass_trees":false,"pass_canopy":false,"pass_dist":false,"score":0,"mock":true}},{"type":"Feature","id":1813,"geometry":{"type":"Polygon","coordinates":[[[71.54,51.09914],[71.546,51.09914],[71.546,51.10292],[71.54,51.10292],[71.54,51.09914]]]},"properties":{"id":1813,"trees":1,"canopy":3,"park_dist":1173,"pass_trees":false,"pass_canopy":false,"pass_dist":false,"score":0,"mock":true}},{"type":"Feature","id":1814,"geometry":{"type":"Polygon","coordinates":[[[71.54,51.10292],[71.546,51.10292],[71.546,51.1067],[71.54,51.1067],[71.54,51.10292]]]},"properties":{"id":1814,"trees":0,"canopy":1,"park_dist":1253,"pass_trees":false,"pass_canopy":false,"pass_dist":false,"score":0,"mock":true}},{"type":"Feature","id":1815,"geometry":{"type":"Polygon","coordinates":[[[71.54,51.1067],[71.546,51.1067],[71.546,51.11048],[71.54,51.11048],[71.54,51.1067]]]},"properties":{"id":1815,"trees":0,"canopy":1,"park_dist":1195,"pass_trees":false,"pass_canopy":false,"pass_dist":false,"score":0,"mock":true}},{"type":"Feature","id":1816,"geometry":{"type":"Polygon","coordinates":[[[71.54,51.11048],[71.546,51.11048],[71.546,51.11426],[71.54,51.11426],[71.54,51.11048]]]},"properties":{"id":1816,"trees":0,"canopy":3,"park_dist":1291,"pass_trees":false,"pass_canopy":false,"pass_dist":false,"score":0,"mock":true}},{"type":"Feature","id":1817,"geometry":{"type":"Polygon","coordinates":[[[71.54,51.11426],[71.546,51.11426],[71.546,51.11804],[71.54,51.11804],[71.54,51.11426]]]},"properties":{"id":1817,"trees":1,"canopy":1,"park_dist":1187,"pass_trees":false,"pass_canopy":false,"pass_dist":false,"score":0,"mock":true}},{"type":"Feature","id":1818,"geometry":{"type":"Polygon","coordinates":[[[71.54,51.11804],[71.546,51.11804],[71.546,51.12182],[71.54,51.12182],[71.54,51.11804]]]},"properties":{"id":1818,"trees":0,"canopy":1,"park_dist":1206,"pass_trees":false,"pass_canopy":false,"pass_dist":false,"score":0,"mock":true}},{"type":"Feature","id":1819,"geometry":{"type":"Polygon","coordinates":[[[71.54,51.12182],[71.546,51.12182],[71.546,51.1256],[71.54,51.1256],[71.54,51.12182]]]},"properties":{"id":1819,"trees":1,"canopy":3,"park_dist":1208,"pass_trees":false,"pass_canopy":false,"pass_dist":false,"score":0,"mock":true}},{"type":"Feature","id":1820,"geometry":{"type":"Polygon","coordinates":[[[71.54,51.1256],[71.546,51.1256],[71.546,51.12938],[71.54,51.12938],[71.54,51.1256]]]},"properties":{"id":1820,"trees":0,"canopy":1,"park_dist":1161,"pass_trees":false,"pass_canopy":false,"pass_dist":false,"score":0,"mock":true}},{"type":"Feature","id":1821,"geometry":{"type":"Polygon","coordinates":[[[71.54,51.12938],[71.546,51.12938],[71.546,51.13316],[71.54,51.13316],[71.54,51.12938]]]},"properties":{"id":1821,"trees":1,"canopy":1,"park_dist":1192,"pass_trees":false,"pass_canopy":false,"pass_dist":false,"score":0,"mock":true}},{"type":"Feature","id":1822,"geometry":{"type":"Polygon","coordinates":[[[71.54,51.13316],[71.546,51.13316],[71.546,51.13694],[71.54,51.13694],[71.54,51.13316]]]},"properties":{"id":1822,"trees":0,"canopy":1,"park_dist":1224,"pass_trees":false,"pass_canopy":false,"pass_dist":false,"score":0,"mock":true}},{"type":"Feature","id":1823,"geometry":{"type":"Polygon","coordinates":[[[71.54,51.13694],[71.546,51.13694],[71.546,51.14072],[71.54,51.14072],[71.54,51.13694]]]},"properties":{"id":1823,"trees":0,"canopy":1,"park_dist":1212,"pass_trees":false,"pass_canopy":false,"pass_dist":false,"score":0,"mock":true}},{"type":"Feature","id":1824,"geometry":{"type":"Polygon","coordinates":[[[71.54,51.14072],[71.546,51.14072],[71.546,51.1445],[71.54,51.1445],[71.54,51.14072]]]},"properties":{"id":1824,"trees":0,"canopy":1,"park_dist":1200,"pass_trees":false,"pass_canopy":false,"pass_dist":false,"score":0,"mock":true}},{"type":"Feature","id":1825,"geometry":{"type":"Polygon","coordinates":[[[71.54,51.1445],[71.546,51.1445],[71.546,51.14828],[71.54,51.14828],[71.54,51.1445]]]},"properties":{"id":1825,"trees":0,"canopy":1,"park_dist":1213,"pass_trees":false,"pass_canopy":false,"pass_dist":false,"score":0,"mock":true}},{"type":"Feature","id":1826,"geometry":{"type":"Polygon","coordinates":[[[71.54,51.14828],[71.546,51.14828],[71.546,51.15206],[71.54,51.15206],[71.54,51.14828]]]},"properties":{"id":1826,"trees":0,"canopy":1,"park_dist":1142,"pass_trees":false,"pass_canopy":false,"pass_dist":false,"score":0,"mock":true}},{"type":"Feature","id":1827,"geometry":{"type":"Polygon","coordinates":[[[71.54,51.15206],[71.546,51.15206],[71.546,51.15584],[71.54,51.15584],[71.54,51.15206]]]},"properties":{"id":1827,"trees":0,"canopy":1,"park_dist":1220,"pass_trees":false,"pass_canopy":false,"pass_dist":false,"score":0,"mock":true}},{"type":"Feature","id":1828,"geometry":{"type":"Polygon","coordinates":[[[71.54,51.15584],[71.546,51.15584],[71.546,51.15962],[71.54,51.15962],[71.54,51.15584]]]},"properties":{"id":1828,"trees":0,"canopy":1,"park_dist":1250,"pass_trees":false,"pass_canopy":false,"pass_dist":false,"score":0,"mock":true}},{"type":"Feature","id":1829,"geometry":{"type":"Polygon","coordinates":[[[71.54,51.15962],[71.546,51.15962],[71.546,51.1634],[71.54,51.1634],[71.54,51.15962]]]},"properties":{"id":1829,"trees":0,"canopy":1,"park_dist":1287,"pass_trees":false,"pass_canopy":false,"pass_dist":false,"score":0,"mock":true}},{"type":"Feature","id":1830,"geometry":{"type":"Polygon","coordinates":[[[71.54,51.1634],[71.546,51.1634],[71.546,51.16718],[71.54,51.16718],[71.54,51.1634]]]},"properties":{"id":1830,"trees":0,"canopy":1,"park_dist":1122,"pass_trees":false,"pass_canopy":false,"pass_dist":false,"score":0,"mock":true}},{"type":"Feature","id":1831,"geometry":{"type":"Polygon","coordinates":[[[71.54,51.16718],[71.546,51.16718],[71.546,51.17096],[71.54,51.17096],[71.54,51.16718]]]},"properties":{"id":1831,"trees":0,"canopy":1,"park_dist":1118,"pass_trees":false,"pass_canopy":false,"pass_dist":false,"score":0,"mock":true}},{"type":"Feature","id":1832,"geometry":{"type":"Polygon","coordinates":[[[71.54,51.17096],[71.546,51.17096],[71.546,51.17474],[71.54,51.17474],[71.54,51.17096]]]},"properties":{"id":1832,"trees":0,"canopy":1,"park_dist":1210,"pass_trees":false,"pass_canopy":false,"pass_dist":false,"score":0,"mock":true}},{"type":"Feature","id":1833,"geometry":{"type":"Polygon","coordinates":[[[71.54,51.17474],[71.546,51.17474],[71.546,51.17852],[71.54,51.17852],[71.54,51.17474]]]},"properties":{"id":1833,"trees":0,"canopy":7,"park_dist":1064,"pass_trees":false,"pass_canopy":false,"pass_dist":false,"score":0,"mock":true}},{"type":"Feature","id":1834,"geometry":{"type":"Polygon","coordinates":[[[71.54,51.17852],[71.546,51.17852],[71.546,51.1823],[71.54,51.1823],[71.54,51.17852]]]},"properties":{"id":1834,"trees":0,"canopy":8,"park_dist":1118,"pass_trees":false,"pass_canopy":false,"pass_dist":false,"score":0,"mock":true}},{"type":"Feature","id":1835,"geometry":{"type":"Polygon","coordinates":[[[71.54,51.1823],[71.546,51.1823],[71.546,51.18608],[71.54,51.18608],[71.54,51.1823]]]},"properties":{"id":1835,"trees":0,"canopy":3,"park_dist":1126,"pass_trees":false,"pass_canopy":false,"pass_dist":false,"score":0,"mock":true}},{"type":"Feature","id":1836,"geometry":{"type":"Polygon","coordinates":[[[71.54,51.18608],[71.546,51.18608],[71.546,51.18986],[71.54,51.18986],[71.54,51.18608]]]},"properties":{"id":1836,"trees":1,"canopy":10,"park_dist":963,"pass_trees":false,"pass_canopy":false,"pass_dist":false,"score":0,"mock":true}},{"type":"Feature","id":1837,"geometry":{"type":"Polygon","coordinates":[[[71.54,51.18986],[71.546,51.18986],[71.546,51.19364],[71.54,51.19364],[71.54,51.18986]]]},"properties":{"id":1837,"trees":2,"canopy":6,"park_dist":999,"pass_trees":false,"pass_canopy":false,"pass_dist":false,"score":0,"mock":true}},{"type":"Feature","id":1838,"geometry":{"type":"Polygon","coordinates":[[[71.54,51.19364],[71.546,51.19364],[71.546,51.19742],[71.54,51.19742],[71.54,51.19364]]]},"properties":{"id":1838,"trees":2,"canopy":10,"park_dist":893,"pass_trees":false,"pass_canopy":false,"pass_dist":false,"score":0,"mock":true}},{"type":"Feature","id":1839,"geometry":{"type":"Polygon","coordinates":[[[71.54,51.19742],[71.546,51.19742],[71.546,51.2012],[71.54,51.2012],[71.54,51.19742]]]},"properties":{"id":1839,"trees":1,"canopy":8,"park_dist":1009,"pass_trees":false,"pass_canopy":false,"pass_dist":false,"score":0,"mock":true}},{"type":"Feature","id":1840,"geometry":{"type":"Polygon","coordinates":[[[71.54,51.2012],[71.546,51.2012],[71.546,51.20498],[71.54,51.20498],[71.54,51.2012]]]},"properties":{"id":1840,"trees":2,"canopy":11,"park_dist":960,"pass_trees":false,"pass_canopy":false,"pass_dist":false,"score":0,"mock":true}},{"type":"Feature","id":1841,"geometry":{"type":"Polygon","coordinates":[[[71.54,51.20498],[71.546,51.20498],[71.546,51.20876],[71.54,51.20876],[71.54,51.20498]]]},"properties":{"id":1841,"trees":2,"canopy":11,"park_dist":816,"pass_trees":false,"pass_canopy":false,"pass_dist":false,"score":0,"mock":true}},{"type":"Feature","id":1842,"geometry":{"type":"Polygon","coordinates":[[[71.54,51.20876],[71.546,51.20876],[71.546,51.21254],[71.54,51.21254],[71.54,51.20876]]]},"properties":{"id":1842,"trees":3,"canopy":15,"park_dist":875,"pass_trees":true,"pass_canopy":false,"pass_dist":false,"score":1,"mock":true}},{"type":"Feature","id":1843,"geometry":{"type":"Polygon","coordinates":[[[71.54,51.21254],[71.546,51.21254],[71.546,51.21632],[71.54,51.21632],[71.54,51.21254]]]},"properties":{"id":1843,"trees":2,"canopy":11,"park_dist":966,"pass_trees":false,"pass_canopy":false,"pass_dist":false,"score":0,"mock":true}},{"type":"Feature","id":1844,"geometry":{"type":"Polygon","coordinates":[[[71.54,51.21632],[71.546,51.21632],[71.546,51.2201],[71.54,51.2201],[71.54,51.21632]]]},"properties":{"id":1844,"trees":3,"canopy":18,"park_dist":884,"pass_trees":true,"pass_canopy":false,"pass_dist":false,"score":1,"mock":true}},{"type":"Feature","id":1845,"geometry":{"type":"Polygon","coordinates":[[[71.546,51.05],[71.552,51.05],[71.552,51.05378],[71.546,51.05378],[71.546,51.05]]]},"properties":{"id":1845,"trees":3,"canopy":15,"park_dist":717,"pass_trees":true,"pass_canopy":false,"pass_dist":false,"score":1,"mock":true}},{"type":"Feature","id":1846,"geometry":{"type":"Polygon","coordinates":[[[71.546,51.05378],[71.552,51.05378],[71.552,51.05756],[71.546,51.05756],[71.546,51.05378]]]},"properties":{"id":1846,"trees":4,"canopy":18,"park_dist":891,"pass_trees":true,"pass_canopy":false,"pass_dist":false,"score":1,"mock":true}},{"type":"Feature","id":1847,"geometry":{"type":"Polygon","coordinates":[[[71.546,51.05756],[71.552,51.05756],[71.552,51.06134],[71.546,51.06134],[71.546,51.05756]]]},"properties":{"id":1847,"trees":2,"canopy":17,"park_dist":890,"pass_trees":false,"pass_canopy":false,"pass_dist":false,"score":0,"mock":true}},{"type":"Feature","id":1848,"geometry":{"type":"Polygon","coordinates":[[[71.546,51.06134],[71.552,51.06134],[71.552,51.06512],[71.546,51.06512],[71.546,51.06134]]]},"properties":{"id":1848,"trees":3,"canopy":10,"park_dist":880,"pass_trees":true,"pass_canopy":false,"pass_dist":false,"score":1,"mock":true}},{"type":"Feature","id":1849,"geometry":{"type":"Polygon","coordinates":[[[71.546,51.06512],[71.552,51.06512],[71.552,51.0689],[71.546,51.0689],[71.546,51.06512]]]},"properties":{"id":1849,"trees":3,"canopy":19,"park_dist":780,"pass_trees":true,"pass_canopy":false,"pass_dist":false,"score":1,"mock":true}},{"type":"Feature","id":1850,"geometry":{"type":"Polygon","coordinates":[[[71.546,51.0689],[71.552,51.0689],[71.552,51.07268],[71.546,51.07268],[71.546,51.0689]]]},"properties":{"id":1850,"trees":2,"canopy":12,"park_dist":883,"pass_trees":false,"pass_canopy":false,"pass_dist":false,"score":0,"mock":true}},{"type":"Feature","id":1851,"geometry":{"type":"Polygon","coordinates":[[[71.546,51.07268],[71.552,51.07268],[71.552,51.07646],[71.546,51.07646],[71.546,51.07268]]]},"properties":{"id":1851,"trees":3,"canopy":11,"park_dist":866,"pass_trees":true,"pass_canopy":false,"pass_dist":false,"score":1,"mock":true}},{"type":"Feature","id":1852,"geometry":{"type":"Polygon","coordinates":[[[71.546,51.07646],[71.552,51.07646],[71.552,51.08024],[71.546,51.08024],[71.546,51.07646]]]},"properties":{"id":1852,"trees":3,"canopy":11,"park_dist":800,"pass_trees":true,"pass_canopy":false,"pass_dist":false,"score":1,"mock":true}},{"type":"Feature","id":1853,"geometry":{"type":"Polygon","coordinates":[[[71.546,51.08024],[71.552,51.08024],[71.552,51.08402],[71.546,51.08402],[71.546,51.08024]]]},"properties":{"id":1853,"trees":1,"canopy":8,"park_dist":1089,"pass_trees":false,"pass_canopy":false,"pass_dist":false,"score":0,"mock":true}},{"type":"Feature","id":1854,"geometry":{"type":"Polygon","coordinates":[[[71.546,51.08402],[71.552,51.08402],[71.552,51.0878],[71.546,51.0878],[71.546,51.08402]]]},"properties":{"id":1854,"trees":3,"canopy":11,"park_dist":915,"pass_trees":true,"pass_canopy":false,"pass_dist":false,"score":1,"mock":true}},{"type":"Feature","id":1855,"geometry":{"type":"Polygon","coordinates":[[[71.546,51.0878],[71.552,51.0878],[71.552,51.09158],[71.546,51.09158],[71.546,51.0878]]]},"properties":{"id":1855,"trees":2,"canopy":10,"park_dist":949,"pass_trees":false,"pass_canopy":false,"pass_dist":false,"score":0,"mock":true}},{"type":"Feature","id":1856,"geometry":{"type":"Polygon","coordinates":[[[71.546,51.09158],[71.552,51.09158],[71.552,51.09536],[71.546,51.09536],[71.546,51.09158]]]},"properties":{"id":1856,"trees":1,"canopy":3,"park_dist":1084,"pass_trees":false,"pass_canopy":false,"pass_dist":false,"score":0,"mock":true}},{"type":"Feature","id":1857,"geometry":{"type":"Polygon","coordinates":[[[71.546,51.09536],[71.552,51.09536],[71.552,51.09914],[71.546,51.09914],[71.546,51.09536]]]},"properties":{"id":1857,"trees":1,"canopy":14,"park_dist":1000,"pass_trees":false,"pass_canopy":false,"pass_dist":false,"score":0,"mock":true}},{"type":"Feature","id":1858,"geometry":{"type":"Polygon","coordinates":[[[71.546,51.09914],[71.552,51.09914],[71.552,51.10292],[71.546,51.10292],[71.546,51.09914]]]},"properties":{"id":1858,"trees":0,"canopy":3,"park_dist":1116,"pass_trees":false,"pass_canopy":false,"pass_dist":false,"score":0,"mock":true}},{"type":"Feature","id":1859,"geometry":{"type":"Polygon","coordinates":[[[71.546,51.10292],[71.552,51.10292],[71.552,51.1067],[71.546,51.1067],[71.546,51.10292]]]},"properties":{"id":1859,"trees":0,"canopy":2,"park_dist":1112,"pass_trees":false,"pass_canopy":false,"pass_dist":false,"score":0,"mock":true}},{"type":"Feature","id":1860,"geometry":{"type":"Polygon","coordinates":[[[71.546,51.1067],[71.552,51.1067],[71.552,51.11048],[71.546,51.11048],[71.546,51.1067]]]},"properties":{"id":1860,"trees":0,"canopy":1,"park_dist":1248,"pass_trees":false,"pass_canopy":false,"pass_dist":false,"score":0,"mock":true}},{"type":"Feature","id":1861,"geometry":{"type":"Polygon","coordinates":[[[71.546,51.11048],[71.552,51.11048],[71.552,51.11426],[71.546,51.11426],[71.546,51.11048]]]},"properties":{"id":1861,"trees":0,"canopy":1,"park_dist":1224,"pass_trees":false,"pass_canopy":false,"pass_dist":false,"score":0,"mock":true}},{"type":"Feature","id":1862,"geometry":{"type":"Polygon","coordinates":[[[71.546,51.11426],[71.552,51.11426],[71.552,51.11804],[71.546,51.11804],[71.546,51.11426]]]},"properties":{"id":1862,"trees":0,"canopy":1,"park_dist":1203,"pass_trees":false,"pass_canopy":false,"pass_dist":false,"score":0,"mock":true}},{"type":"Feature","id":1863,"geometry":{"type":"Polygon","coordinates":[[[71.546,51.11804],[71.552,51.11804],[71.552,51.12182],[71.546,51.12182],[71.546,51.11804]]]},"properties":{"id":1863,"trees":0,"canopy":2,"park_dist":1222,"pass_trees":false,"pass_canopy":false,"pass_dist":false,"score":0,"mock":true}},{"type":"Feature","id":1864,"geometry":{"type":"Polygon","coordinates":[[[71.546,51.12182],[71.552,51.12182],[71.552,51.1256],[71.546,51.1256],[71.546,51.12182]]]},"properties":{"id":1864,"trees":0,"canopy":1,"park_dist":1134,"pass_trees":false,"pass_canopy":false,"pass_dist":false,"score":0,"mock":true}},{"type":"Feature","id":1865,"geometry":{"type":"Polygon","coordinates":[[[71.546,51.1256],[71.552,51.1256],[71.552,51.12938],[71.546,51.12938],[71.546,51.1256]]]},"properties":{"id":1865,"trees":0,"canopy":1,"park_dist":1255,"pass_trees":false,"pass_canopy":false,"pass_dist":false,"score":0,"mock":true}},{"type":"Feature","id":1866,"geometry":{"type":"Polygon","coordinates":[[[71.546,51.12938],[71.552,51.12938],[71.552,51.13316],[71.546,51.13316],[71.546,51.12938]]]},"properties":{"id":1866,"trees":0,"canopy":1,"park_dist":1271,"pass_trees":false,"pass_canopy":false,"pass_dist":false,"score":0,"mock":true}},{"type":"Feature","id":1867,"geometry":{"type":"Polygon","coordinates":[[[71.546,51.13316],[71.552,51.13316],[71.552,51.13694],[71.546,51.13694],[71.546,51.13316]]]},"properties":{"id":1867,"trees":0,"canopy":1,"park_dist":1243,"pass_trees":false,"pass_canopy":false,"pass_dist":false,"score":0,"mock":true}},{"type":"Feature","id":1868,"geometry":{"type":"Polygon","coordinates":[[[71.546,51.13694],[71.552,51.13694],[71.552,51.14072],[71.546,51.14072],[71.546,51.13694]]]},"properties":{"id":1868,"trees":0,"canopy":2,"park_dist":1226,"pass_trees":false,"pass_canopy":false,"pass_dist":false,"score":0,"mock":true}},{"type":"Feature","id":1869,"geometry":{"type":"Polygon","coordinates":[[[71.546,51.14072],[71.552,51.14072],[71.552,51.1445],[71.546,51.1445],[71.546,51.14072]]]},"properties":{"id":1869,"trees":0,"canopy":1,"park_dist":1243,"pass_trees":false,"pass_canopy":false,"pass_dist":false,"score":0,"mock":true}},{"type":"Feature","id":1870,"geometry":{"type":"Polygon","coordinates":[[[71.546,51.1445],[71.552,51.1445],[71.552,51.14828],[71.546,51.14828],[71.546,51.1445]]]},"properties":{"id":1870,"trees":0,"canopy":1,"park_dist":1212,"pass_trees":false,"pass_canopy":false,"pass_dist":false,"score":0,"mock":true}},{"type":"Feature","id":1871,"geometry":{"type":"Polygon","coordinates":[[[71.546,51.14828],[71.552,51.14828],[71.552,51.15206],[71.546,51.15206],[71.546,51.14828]]]},"properties":{"id":1871,"trees":0,"canopy":1,"park_dist":1239,"pass_trees":false,"pass_canopy":false,"pass_dist":false,"score":0,"mock":true}},{"type":"Feature","id":1872,"geometry":{"type":"Polygon","coordinates":[[[71.546,51.15206],[71.552,51.15206],[71.552,51.15584],[71.546,51.15584],[71.546,51.15206]]]},"properties":{"id":1872,"trees":0,"canopy":3,"park_dist":1199,"pass_trees":false,"pass_canopy":false,"pass_dist":false,"score":0,"mock":true}},{"type":"Feature","id":1873,"geometry":{"type":"Polygon","coordinates":[[[71.546,51.15584],[71.552,51.15584],[71.552,51.15962],[71.546,51.15962],[71.546,51.15584]]]},"properties":{"id":1873,"trees":0,"canopy":2,"park_dist":1201,"pass_trees":false,"pass_canopy":false,"pass_dist":false,"score":0,"mock":true}},{"type":"Feature","id":1874,"geometry":{"type":"Polygon","coordinates":[[[71.546,51.15962],[71.552,51.15962],[71.552,51.1634],[71.546,51.1634],[71.546,51.15962]]]},"properties":{"id":1874,"trees":0,"canopy":1,"park_dist":1184,"pass_trees":false,"pass_canopy":false,"pass_dist":false,"score":0,"mock":true}},{"type":"Feature","id":1875,"geometry":{"type":"Polygon","coordinates":[[[71.546,51.1634],[71.552,51.1634],[71.552,51.16718],[71.546,51.16718],[71.546,51.1634]]]},"properties":{"id":1875,"trees":0,"canopy":1,"park_dist":1194,"pass_trees":false,"pass_canopy":false,"pass_dist":false,"score":0,"mock":true}},{"type":"Feature","id":1876,"geometry":{"type":"Polygon","coordinates":[[[71.546,51.16718],[71.552,51.16718],[71.552,51.17096],[71.546,51.17096],[71.546,51.16718]]]},"properties":{"id":1876,"trees":0,"canopy":2,"park_dist":1254,"pass_trees":false,"pass_canopy":false,"pass_dist":false,"score":0,"mock":true}},{"type":"Feature","id":1877,"geometry":{"type":"Polygon","coordinates":[[[71.546,51.17096],[71.552,51.17096],[71.552,51.17474],[71.546,51.17474],[71.546,51.17096]]]},"properties":{"id":1877,"trees":1,"canopy":5,"park_dist":1093,"pass_trees":false,"pass_canopy":false,"pass_dist":false,"score":0,"mock":true}},{"type":"Feature","id":1878,"geometry":{"type":"Polygon","coordinates":[[[71.546,51.17474],[71.552,51.17474],[71.552,51.17852],[71.546,51.17852],[71.546,51.17474]]]},"properties":{"id":1878,"trees":1,"canopy":1,"park_dist":1176,"pass_trees":false,"pass_canopy":false,"pass_dist":false,"score":0,"mock":true}},{"type":"Feature","id":1879,"geometry":{"type":"Polygon","coordinates":[[[71.546,51.17852],[71.552,51.17852],[71.552,51.1823],[71.546,51.1823],[71.546,51.17852]]]},"properties":{"id":1879,"trees":1,"canopy":3,"park_dist":1114,"pass_trees":false,"pass_canopy":false,"pass_dist":false,"score":0,"mock":true}},{"type":"Feature","id":1880,"geometry":{"type":"Polygon","coordinates":[[[71.546,51.1823],[71.552,51.1823],[71.552,51.18608],[71.546,51.18608],[71.546,51.1823]]]},"properties":{"id":1880,"trees":1,"canopy":6,"park_dist":1028,"pass_trees":false,"pass_canopy":false,"pass_dist":false,"score":0,"mock":true}},{"type":"Feature","id":1881,"geometry":{"type":"Polygon","coordinates":[[[71.546,51.18608],[71.552,51.18608],[71.552,51.18986],[71.546,51.18986],[71.546,51.18608]]]},"properties":{"id":1881,"trees":1,"canopy":7,"park_dist":1056,"pass_trees":false,"pass_canopy":false,"pass_dist":false,"score":0,"mock":true}},{"type":"Feature","id":1882,"geometry":{"type":"Polygon","coordinates":[[[71.546,51.18986],[71.552,51.18986],[71.552,51.19364],[71.546,51.19364],[71.546,51.18986]]]},"properties":{"id":1882,"trees":1,"canopy":4,"park_dist":1072,"pass_trees":false,"pass_canopy":false,"pass_dist":false,"score":0,"mock":true}},{"type":"Feature","id":1883,"geometry":{"type":"Polygon","coordinates":[[[71.546,51.19364],[71.552,51.19364],[71.552,51.19742],[71.546,51.19742],[71.546,51.19364]]]},"properties":{"id":1883,"trees":1,"canopy":10,"park_dist":894,"pass_trees":false,"pass_canopy":false,"pass_dist":false,"score":0,"mock":true}},{"type":"Feature","id":1884,"geometry":{"type":"Polygon","coordinates":[[[71.546,51.19742],[71.552,51.19742],[71.552,51.2012],[71.546,51.2012],[71.546,51.19742]]]},"properties":{"id":1884,"trees":1,"canopy":11,"park_dist":1011,"pass_trees":false,"pass_canopy":false,"pass_dist":false,"score":0,"mock":true}},{"type":"Feature","id":1885,"geometry":{"type":"Polygon","coordinates":[[[71.546,51.2012],[71.552,51.2012],[71.552,51.20498],[71.546,51.20498],[71.546,51.2012]]]},"properties":{"id":1885,"trees":2,"canopy":15,"park_dist":801,"pass_trees":false,"pass_canopy":false,"pass_dist":false,"score":0,"mock":true}},{"type":"Feature","id":1886,"geometry":{"type":"Polygon","coordinates":[[[71.546,51.20498],[71.552,51.20498],[71.552,51.20876],[71.546,51.20876],[71.546,51.20498]]]},"properties":{"id":1886,"trees":3,"canopy":9,"park_dist":838,"pass_trees":true,"pass_canopy":false,"pass_dist":false,"score":1,"mock":true}},{"type":"Feature","id":1887,"geometry":{"type":"Polygon","coordinates":[[[71.546,51.20876],[71.552,51.20876],[71.552,51.21254],[71.546,51.21254],[71.546,51.20876]]]},"properties":{"id":1887,"trees":2,"canopy":11,"park_dist":900,"pass_trees":false,"pass_canopy":false,"pass_dist":false,"score":0,"mock":true}},{"type":"Feature","id":1888,"geometry":{"type":"Polygon","coordinates":[[[71.546,51.21254],[71.552,51.21254],[71.552,51.21632],[71.546,51.21632],[71.546,51.21254]]]},"properties":{"id":1888,"trees":3,"canopy":17,"park_dist":783,"pass_trees":true,"pass_canopy":false,"pass_dist":false,"score":1,"mock":true}},{"type":"Feature","id":1889,"geometry":{"type":"Polygon","coordinates":[[[71.546,51.21632],[71.552,51.21632],[71.552,51.2201],[71.546,51.2201],[71.546,51.21632]]]},"properties":{"id":1889,"trees":2,"canopy":11,"park_dist":887,"pass_trees":false,"pass_canopy":false,"pass_dist":false,"score":0,"mock":true}},{"type":"Feature","id":1890,"geometry":{"type":"Polygon","coordinates":[[[71.552,51.05],[71.558,51.05],[71.558,51.05378],[71.552,51.05378],[71.552,51.05]]]},"properties":{"id":1890,"trees":3,"canopy":14,"park_dist":821,"pass_trees":true,"pass_canopy":false,"pass_dist":false,"score":1,"mock":true}},{"type":"Feature","id":1891,"geometry":{"type":"Polygon","coordinates":[[[71.552,51.05378],[71.558,51.05378],[71.558,51.05756],[71.552,51.05756],[71.552,51.05378]]]},"properties":{"id":1891,"trees":2,"canopy":10,"park_dist":890,"pass_trees":false,"pass_canopy":false,"pass_dist":false,"score":0,"mock":true}},{"type":"Feature","id":1892,"geometry":{"type":"Polygon","coordinates":[[[71.552,51.05756],[71.558,51.05756],[71.558,51.06134],[71.552,51.06134],[71.552,51.05756]]]},"properties":{"id":1892,"trees":3,"canopy":18,"park_dist":784,"pass_trees":true,"pass_canopy":false,"pass_dist":false,"score":1,"mock":true}},{"type":"Feature","id":1893,"geometry":{"type":"Polygon","coordinates":[[[71.552,51.06134],[71.558,51.06134],[71.558,51.06512],[71.552,51.06512],[71.552,51.06134]]]},"properties":{"id":1893,"trees":3,"canopy":15,"park_dist":786,"pass_trees":true,"pass_canopy":false,"pass_dist":false,"score":1,"mock":true}},{"type":"Feature","id":1894,"geometry":{"type":"Polygon","coordinates":[[[71.552,51.06512],[71.558,51.06512],[71.558,51.0689],[71.552,51.0689],[71.552,51.06512]]]},"properties":{"id":1894,"trees":3,"canopy":12,"park_dist":824,"pass_trees":true,"pass_canopy":false,"pass_dist":false,"score":1,"mock":true}},{"type":"Feature","id":1895,"geometry":{"type":"Polygon","coordinates":[[[71.552,51.0689],[71.558,51.0689],[71.558,51.07268],[71.552,51.07268],[71.552,51.0689]]]},"properties":{"id":1895,"trees":2,"canopy":16,"park_dist":812,"pass_trees":false,"pass_canopy":false,"pass_dist":false,"score":0,"mock":true}},{"type":"Feature","id":1896,"geometry":{"type":"Polygon","coordinates":[[[71.552,51.07268],[71.558,51.07268],[71.558,51.07646],[71.552,51.07646],[71.552,51.07268]]]},"properties":{"id":1896,"trees":2,"canopy":15,"park_dist":853,"pass_trees":false,"pass_canopy":false,"pass_dist":false,"score":0,"mock":true}},{"type":"Feature","id":1897,"geometry":{"type":"Polygon","coordinates":[[[71.552,51.07646],[71.558,51.07646],[71.558,51.08024],[71.552,51.08024],[71.552,51.07646]]]},"properties":{"id":1897,"trees":2,"canopy":17,"park_dist":947,"pass_trees":false,"pass_canopy":false,"pass_dist":false,"score":0,"mock":true}},{"type":"Feature","id":1898,"geometry":{"type":"Polygon","coordinates":[[[71.552,51.08024],[71.558,51.08024],[71.558,51.08402],[71.552,51.08402],[71.552,51.08024]]]},"properties":{"id":1898,"trees":2,"canopy":14,"park_dist":905,"pass_trees":false,"pass_canopy":false,"pass_dist":false,"score":0,"mock":true}},{"type":"Feature","id":1899,"geometry":{"type":"Polygon","coordinates":[[[71.552,51.08402],[71.558,51.08402],[71.558,51.0878],[71.552,51.0878],[71.552,51.08402]]]},"properties":{"id":1899,"trees":2,"canopy":12,"park_dist":914,"pass_trees":false,"pass_canopy":false,"pass_dist":false,"score":0,"mock":true}},{"type":"Feature","id":1900,"geometry":{"type":"Polygon","coordinates":[[[71.552,51.0878],[71.558,51.0878],[71.558,51.09158],[71.552,51.09158],[71.552,51.0878]]]},"properties":{"id":1900,"trees":1,"canopy":8,"park_dist":1032,"pass_trees":false,"pass_canopy":false,"pass_dist":false,"score":0,"mock":true}},{"type":"Feature","id":1901,"geometry":{"type":"Polygon","coordinates":[[[71.552,51.09158],[71.558,51.09158],[71.558,51.09536],[71.552,51.09536],[71.552,51.09158]]]},"properties":{"id":1901,"trees":2,"canopy":8,"park_dist":1036,"pass_trees":false,"pass_canopy":false,"pass_dist":false,"score":0,"mock":true}},{"type":"Feature","id":1902,"geometry":{"type":"Polygon","coordinates":[[[71.552,51.09536],[71.558,51.09536],[71.558,51.09914],[71.552,51.09914],[71.552,51.09536]]]},"properties":{"id":1902,"trees":1,"canopy":5,"park_dist":1112,"pass_trees":false,"pass_canopy":false,"pass_dist":false,"score":0,"mock":true}},{"type":"Feature","id":1903,"geometry":{"type":"Polygon","coordinates":[[[71.552,51.09914],[71.558,51.09914],[71.558,51.10292],[71.552,51.10292],[71.552,51.09914]]]},"properties":{"id":1903,"trees":1,"canopy":10,"park_dist":982,"pass_trees":false,"pass_canopy":false,"pass_dist":false,"score":0,"mock":true}},{"type":"Feature","id":1904,"geometry":{"type":"Polygon","coordinates":[[[71.552,51.10292],[71.558,51.10292],[71.558,51.1067],[71.552,51.1067],[71.552,51.10292]]]},"properties":{"id":1904,"trees":1,"canopy":1,"park_dist":1188,"pass_trees":false,"pass_canopy":false,"pass_dist":false,"score":0,"mock":true}},{"type":"Feature","id":1905,"geometry":{"type":"Polygon","coordinates":[[[71.552,51.1067],[71.558,51.1067],[71.558,51.11048],[71.552,51.11048],[71.552,51.1067]]]},"properties":{"id":1905,"trees":0,"canopy":1,"park_dist":1246,"pass_trees":false,"pass_canopy":false,"pass_dist":false,"score":0,"mock":true}},{"type":"Feature","id":1906,"geometry":{"type":"Polygon","coordinates":[[[71.552,51.11048],[71.558,51.11048],[71.558,51.11426],[71.552,51.11426],[71.552,51.11048]]]},"properties":{"id":1906,"trees":0,"canopy":1,"park_dist":1276,"pass_trees":false,"pass_canopy":false,"pass_dist":false,"score":0,"mock":true}},{"type":"Feature","id":1907,"geometry":{"type":"Polygon","coordinates":[[[71.552,51.11426],[71.558,51.11426],[71.558,51.11804],[71.552,51.11804],[71.552,51.11426]]]},"properties":{"id":1907,"trees":0,"canopy":1,"park_dist":1160,"pass_trees":false,"pass_canopy":false,"pass_dist":false,"score":0,"mock":true}},{"type":"Feature","id":1908,"geometry":{"type":"Polygon","coordinates":[[[71.552,51.11804],[71.558,51.11804],[71.558,51.12182],[71.552,51.12182],[71.552,51.11804]]]},"properties":{"id":1908,"trees":0,"canopy":1,"park_dist":1213,"pass_trees":false,"pass_canopy":false,"pass_dist":false,"score":0,"mock":true}},{"type":"Feature","id":1909,"geometry":{"type":"Polygon","coordinates":[[[71.552,51.12182],[71.558,51.12182],[71.558,51.1256],[71.552,51.1256],[71.552,51.12182]]]},"properties":{"id":1909,"trees":0,"canopy":1,"park_dist":1224,"pass_trees":false,"pass_canopy":false,"pass_dist":false,"score":0,"mock":true}},{"type":"Feature","id":1910,"geometry":{"type":"Polygon","coordinates":[[[71.552,51.1256],[71.558,51.1256],[71.558,51.12938],[71.552,51.12938],[71.552,51.1256]]]},"properties":{"id":1910,"trees":0,"canopy":1,"park_dist":1242,"pass_trees":false,"pass_canopy":false,"pass_dist":false,"score":0,"mock":true}},{"type":"Feature","id":1911,"geometry":{"type":"Polygon","coordinates":[[[71.552,51.12938],[71.558,51.12938],[71.558,51.13316],[71.552,51.13316],[71.552,51.12938]]]},"properties":{"id":1911,"trees":0,"canopy":1,"park_dist":1191,"pass_trees":false,"pass_canopy":false,"pass_dist":false,"score":0,"mock":true}},{"type":"Feature","id":1912,"geometry":{"type":"Polygon","coordinates":[[[71.552,51.13316],[71.558,51.13316],[71.558,51.13694],[71.552,51.13694],[71.552,51.13316]]]},"properties":{"id":1912,"trees":0,"canopy":1,"park_dist":1176,"pass_trees":false,"pass_canopy":false,"pass_dist":false,"score":0,"mock":true}},{"type":"Feature","id":1913,"geometry":{"type":"Polygon","coordinates":[[[71.552,51.13694],[71.558,51.13694],[71.558,51.14072],[71.552,51.14072],[71.552,51.13694]]]},"properties":{"id":1913,"trees":0,"canopy":3,"park_dist":1190,"pass_trees":false,"pass_canopy":false,"pass_dist":false,"score":0,"mock":true}},{"type":"Feature","id":1914,"geometry":{"type":"Polygon","coordinates":[[[71.552,51.14072],[71.558,51.14072],[71.558,51.1445],[71.552,51.1445],[71.552,51.14072]]]},"properties":{"id":1914,"trees":0,"canopy":1,"park_dist":1213,"pass_trees":false,"pass_canopy":false,"pass_dist":false,"score":0,"mock":true}},{"type":"Feature","id":1915,"geometry":{"type":"Polygon","coordinates":[[[71.552,51.1445],[71.558,51.1445],[71.558,51.14828],[71.552,51.14828],[71.552,51.1445]]]},"properties":{"id":1915,"trees":0,"canopy":1,"park_dist":1208,"pass_trees":false,"pass_canopy":false,"pass_dist":false,"score":0,"mock":true}},{"type":"Feature","id":1916,"geometry":{"type":"Polygon","coordinates":[[[71.552,51.14828],[71.558,51.14828],[71.558,51.15206],[71.552,51.15206],[71.552,51.14828]]]},"properties":{"id":1916,"trees":0,"canopy":1,"park_dist":1176,"pass_trees":false,"pass_canopy":false,"pass_dist":false,"score":0,"mock":true}},{"type":"Feature","id":1917,"geometry":{"type":"Polygon","coordinates":[[[71.552,51.15206],[71.558,51.15206],[71.558,51.15584],[71.552,51.15584],[71.552,51.15206]]]},"properties":{"id":1917,"trees":0,"canopy":1,"park_dist":1259,"pass_trees":false,"pass_canopy":false,"pass_dist":false,"score":0,"mock":true}},{"type":"Feature","id":1918,"geometry":{"type":"Polygon","coordinates":[[[71.552,51.15584],[71.558,51.15584],[71.558,51.15962],[71.552,51.15962],[71.552,51.15584]]]},"properties":{"id":1918,"trees":0,"canopy":1,"park_dist":1206,"pass_trees":false,"pass_canopy":false,"pass_dist":false,"score":0,"mock":true}},{"type":"Feature","id":1919,"geometry":{"type":"Polygon","coordinates":[[[71.552,51.15962],[71.558,51.15962],[71.558,51.1634],[71.552,51.1634],[71.552,51.15962]]]},"properties":{"id":1919,"trees":0,"canopy":1,"park_dist":1199,"pass_trees":false,"pass_canopy":false,"pass_dist":false,"score":0,"mock":true}},{"type":"Feature","id":1920,"geometry":{"type":"Polygon","coordinates":[[[71.552,51.1634],[71.558,51.1634],[71.558,51.16718],[71.552,51.16718],[71.552,51.1634]]]},"properties":{"id":1920,"trees":0,"canopy":1,"park_dist":1120,"pass_trees":false,"pass_canopy":false,"pass_dist":false,"score":0,"mock":true}},{"type":"Feature","id":1921,"geometry":{"type":"Polygon","coordinates":[[[71.552,51.16718],[71.558,51.16718],[71.558,51.17096],[71.552,51.17096],[71.552,51.16718]]]},"properties":{"id":1921,"trees":0,"canopy":3,"park_dist":1163,"pass_trees":false,"pass_canopy":false,"pass_dist":false,"score":0,"mock":true}},{"type":"Feature","id":1922,"geometry":{"type":"Polygon","coordinates":[[[71.552,51.17096],[71.558,51.17096],[71.558,51.17474],[71.552,51.17474],[71.552,51.17096]]]},"properties":{"id":1922,"trees":1,"canopy":4,"park_dist":1101,"pass_trees":false,"pass_canopy":false,"pass_dist":false,"score":0,"mock":true}},{"type":"Feature","id":1923,"geometry":{"type":"Polygon","coordinates":[[[71.552,51.17474],[71.558,51.17474],[71.558,51.17852],[71.552,51.17852],[71.552,51.17474]]]},"properties":{"id":1923,"trees":2,"canopy":9,"park_dist":1027,"pass_trees":false,"pass_canopy":false,"pass_dist":false,"score":0,"mock":true}},{"type":"Feature","id":1924,"geometry":{"type":"Polygon","coordinates":[[[71.552,51.17852],[71.558,51.17852],[71.558,51.1823],[71.552,51.1823],[71.552,51.17852]]]},"properties":{"id":1924,"trees":1,"canopy":5,"park_dist":1065,"pass_trees":false,"pass_canopy":false,"pass_dist":false,"score":0,"mock":true}},{"type":"Feature","id":1925,"geometry":{"type":"Polygon","coordinates":[[[71.552,51.1823],[71.558,51.1823],[71.558,51.18608],[71.552,51.18608],[71.552,51.1823]]]},"properties":{"id":1925,"trees":2,"canopy":14,"park_dist":967,"pass_trees":false,"pass_canopy":false,"pass_dist":false,"score":0,"mock":true}},{"type":"Feature","id":1926,"geometry":{"type":"Polygon","coordinates":[[[71.552,51.18608],[71.558,51.18608],[71.558,51.18986],[71.552,51.18986],[71.552,51.18608]]]},"properties":{"id":1926,"trees":2,"canopy":9,"park_dist":926,"pass_trees":false,"pass_canopy":false,"pass_dist":false,"score":0,"mock":true}},{"type":"Feature","id":1927,"geometry":{"type":"Polygon","coordinates":[[[71.552,51.18986],[71.558,51.18986],[71.558,51.19364],[71.552,51.19364],[71.552,51.18986]]]},"properties":{"id":1927,"trees":2,"canopy":11,"park_dist":871,"pass_trees":false,"pass_canopy":false,"pass_dist":false,"score":0,"mock":true}},{"type":"Feature","id":1928,"geometry":{"type":"Polygon","coordinates":[[[71.552,51.19364],[71.558,51.19364],[71.558,51.19742],[71.552,51.19742],[71.552,51.19364]]]},"properties":{"id":1928,"trees":2,"canopy":10,"park_dist":848,"pass_trees":false,"pass_canopy":false,"pass_dist":false,"score":0,"mock":true}},{"type":"Feature","id":1929,"geometry":{"type":"Polygon","coordinates":[[[71.552,51.19742],[71.558,51.19742],[71.558,51.2012],[71.552,51.2012],[71.552,51.19742]]]},"properties":{"id":1929,"trees":2,"canopy":8,"park_dist":936,"pass_trees":false,"pass_canopy":false,"pass_dist":false,"score":0,"mock":true}},{"type":"Feature","id":1930,"geometry":{"type":"Polygon","coordinates":[[[71.552,51.2012],[71.558,51.2012],[71.558,51.20498],[71.552,51.20498],[71.552,51.2012]]]},"properties":{"id":1930,"trees":3,"canopy":11,"park_dist":847,"pass_trees":true,"pass_canopy":false,"pass_dist":false,"score":1,"mock":true}},{"type":"Feature","id":1931,"geometry":{"type":"Polygon","coordinates":[[[71.552,51.20498],[71.558,51.20498],[71.558,51.20876],[71.552,51.20876],[71.552,51.20498]]]},"properties":{"id":1931,"trees":2,"canopy":14,"park_dist":865,"pass_trees":false,"pass_canopy":false,"pass_dist":false,"score":0,"mock":true}},{"type":"Feature","id":1932,"geometry":{"type":"Polygon","coordinates":[[[71.552,51.20876],[71.558,51.20876],[71.558,51.21254],[71.552,51.21254],[71.552,51.20876]]]},"properties":{"id":1932,"trees":2,"canopy":11,"park_dist":925,"pass_trees":false,"pass_canopy":false,"pass_dist":false,"score":0,"mock":true}},{"type":"Feature","id":1933,"geometry":{"type":"Polygon","coordinates":[[[71.552,51.21254],[71.558,51.21254],[71.558,51.21632],[71.552,51.21632],[71.552,51.21254]]]},"properties":{"id":1933,"trees":2,"canopy":11,"park_dist":909,"pass_trees":false,"pass_canopy":false,"pass_dist":false,"score":0,"mock":true}},{"type":"Feature","id":1934,"geometry":{"type":"Polygon","coordinates":[[[71.552,51.21632],[71.558,51.21632],[71.558,51.2201],[71.552,51.2201],[71.552,51.21632]]]},"properties":{"id":1934,"trees":3,"canopy":19,"park_dist":766,"pass_trees":true,"pass_canopy":false,"pass_dist":false,"score":1,"mock":true}},{"type":"Feature","id":1935,"geometry":{"type":"Polygon","coordinates":[[[71.558,51.05],[71.564,51.05],[71.564,51.05378],[71.558,51.05378],[71.558,51.05]]]},"properties":{"id":1935,"trees":3,"canopy":18,"park_dist":694,"pass_trees":true,"pass_canopy":false,"pass_dist":false,"score":1,"mock":true}},{"type":"Feature","id":1936,"geometry":{"type":"Polygon","coordinates":[[[71.558,51.05378],[71.564,51.05378],[71.564,51.05756],[71.558,51.05756],[71.558,51.05378]]]},"properties":{"id":1936,"trees":3,"canopy":14,"park_dist":816,"pass_trees":true,"pass_canopy":false,"pass_dist":false,"score":1,"mock":true}},{"type":"Feature","id":1937,"geometry":{"type":"Polygon","coordinates":[[[71.558,51.05756],[71.564,51.05756],[71.564,51.06134],[71.558,51.06134],[71.558,51.05756]]]},"properties":{"id":1937,"trees":2,"canopy":18,"park_dist":883,"pass_trees":false,"pass_canopy":false,"pass_dist":false,"score":0,"mock":true}},{"type":"Feature","id":1938,"geometry":{"type":"Polygon","coordinates":[[[71.558,51.06134],[71.564,51.06134],[71.564,51.06512],[71.558,51.06512],[71.558,51.06134]]]},"properties":{"id":1938,"trees":2,"canopy":15,"park_dist":878,"pass_trees":false,"pass_canopy":false,"pass_dist":false,"score":0,"mock":true}},{"type":"Feature","id":1939,"geometry":{"type":"Polygon","coordinates":[[[71.558,51.06512],[71.564,51.06512],[71.564,51.0689],[71.558,51.0689],[71.558,51.06512]]]},"properties":{"id":1939,"trees":3,"canopy":10,"park_dist":890,"pass_trees":true,"pass_canopy":false,"pass_dist":false,"score":1,"mock":true}},{"type":"Feature","id":1940,"geometry":{"type":"Polygon","coordinates":[[[71.558,51.0689],[71.564,51.0689],[71.564,51.07268],[71.558,51.07268],[71.558,51.0689]]]},"properties":{"id":1940,"trees":2,"canopy":14,"park_dist":816,"pass_trees":false,"pass_canopy":false,"pass_dist":false,"score":0,"mock":true}},{"type":"Feature","id":1941,"geometry":{"type":"Polygon","coordinates":[[[71.558,51.07268],[71.564,51.07268],[71.564,51.07646],[71.558,51.07646],[71.558,51.07268]]]},"properties":{"id":1941,"trees":2,"canopy":11,"park_dist":897,"pass_trees":false,"pass_canopy":false,"pass_dist":false,"score":0,"mock":true}},{"type":"Feature","id":1942,"geometry":{"type":"Polygon","coordinates":[[[71.558,51.07646],[71.564,51.07646],[71.564,51.08024],[71.558,51.08024],[71.558,51.07646]]]},"properties":{"id":1942,"trees":1,"canopy":9,"park_dist":843,"pass_trees":false,"pass_canopy":false,"pass_dist":false,"score":0,"mock":true}},{"type":"Feature","id":1943,"geometry":{"type":"Polygon","coordinates":[[[71.558,51.08024],[71.564,51.08024],[71.564,51.08402],[71.558,51.08402],[71.558,51.08024]]]},"properties":{"id":1943,"trees":2,"canopy":11,"park_dist":974,"pass_trees":false,"pass_canopy":false,"pass_dist":false,"score":0,"mock":true}},{"type":"Feature","id":1944,"geometry":{"type":"Polygon","coordinates":[[[71.558,51.08402],[71.564,51.08402],[71.564,51.0878],[71.558,51.0878],[71.558,51.08402]]]},"properties":{"id":1944,"trees":2,"canopy":13,"park_dist":937,"pass_trees":false,"pass_canopy":false,"pass_dist":false,"score":0,"mock":true}},{"type":"Feature","id":1945,"geometry":{"type":"Polygon","coordinates":[[[71.558,51.0878],[71.564,51.0878],[71.564,51.09158],[71.558,51.09158],[71.558,51.0878]]]},"properties":{"id":1945,"trees":2,"canopy":11,"park_dist":953,"pass_trees":false,"pass_canopy":false,"pass_dist":false,"score":0,"mock":true}},{"type":"Feature","id":1946,"geometry":{"type":"Polygon","coordinates":[[[71.558,51.09158],[71.564,51.09158],[71.564,51.09536],[71.558,51.09536],[71.558,51.09158]]]},"properties":{"id":1946,"trees":2,"canopy":10,"park_dist":894,"pass_trees":false,"pass_canopy":false,"pass_dist":false,"score":0,"mock":true}},{"type":"Feature","id":1947,"geometry":{"type":"Polygon","coordinates":[[[71.558,51.09536],[71.564,51.09536],[71.564,51.09914],[71.558,51.09914],[71.558,51.09536]]]},"properties":{"id":1947,"trees":0,"canopy":6,"park_dist":1022,"pass_trees":false,"pass_canopy":false,"pass_dist":false,"score":0,"mock":true}},{"type":"Feature","id":1948,"geometry":{"type":"Polygon","coordinates":[[[71.558,51.09914],[71.564,51.09914],[71.564,51.10292],[71.558,51.10292],[71.558,51.09914]]]},"properties":{"id":1948,"trees":1,"canopy":6,"park_dist":1048,"pass_trees":false,"pass_canopy":false,"pass_dist":false,"score":0,"mock":true}},{"type":"Feature","id":1949,"geometry":{"type":"Polygon","coordinates":[[[71.558,51.10292],[71.564,51.10292],[71.564,51.1067],[71.558,51.1067],[71.558,51.10292]]]},"properties":{"id":1949,"trees":1,"canopy":4,"park_dist":1069,"pass_trees":false,"pass_canopy":false,"pass_dist":false,"score":0,"mock":true}},{"type":"Feature","id":1950,"geometry":{"type":"Polygon","coordinates":[[[71.558,51.1067],[71.564,51.1067],[71.564,51.11048],[71.558,51.11048],[71.558,51.1067]]]},"properties":{"id":1950,"trees":1,"canopy":4,"park_dist":1150,"pass_trees":false,"pass_canopy":false,"pass_dist":false,"score":0,"mock":true}},{"type":"Feature","id":1951,"geometry":{"type":"Polygon","coordinates":[[[71.558,51.11048],[71.564,51.11048],[71.564,51.11426],[71.558,51.11426],[71.558,51.11048]]]},"properties":{"id":1951,"trees":0,"canopy":2,"park_dist":1060,"pass_trees":false,"pass_canopy":false,"pass_dist":false,"score":0,"mock":true}},{"type":"Feature","id":1952,"geometry":{"type":"Polygon","coordinates":[[[71.558,51.11426],[71.564,51.11426],[71.564,51.11804],[71.558,51.11804],[71.558,51.11426]]]},"properties":{"id":1952,"trees":0,"canopy":1,"park_dist":1196,"pass_trees":false,"pass_canopy":false,"pass_dist":false,"score":0,"mock":true}},{"type":"Feature","id":1953,"geometry":{"type":"Polygon","coordinates":[[[71.558,51.11804],[71.564,51.11804],[71.564,51.12182],[71.558,51.12182],[71.558,51.11804]]]},"properties":{"id":1953,"trees":0,"canopy":3,"park_dist":1175,"pass_trees":false,"pass_canopy":false,"pass_dist":false,"score":0,"mock":true}},{"type":"Feature","id":1954,"geometry":{"type":"Polygon","coordinates":[[[71.558,51.12182],[71.564,51.12182],[71.564,51.1256],[71.558,51.1256],[71.558,51.12182]]]},"properties":{"id":1954,"trees":0,"canopy":2,"park_dist":1146,"pass_trees":false,"pass_canopy":false,"pass_dist":false,"score":0,"mock":true}},{"type":"Feature","id":1955,"geometry":{"type":"Polygon","coordinates":[[[71.558,51.1256],[71.564,51.1256],[71.564,51.12938],[71.558,51.12938],[71.558,51.1256]]]},"properties":{"id":1955,"trees":0,"canopy":1,"park_dist":1176,"pass_trees":false,"pass_canopy":false,"pass_dist":false,"score":0,"mock":true}},{"type":"Feature","id":1956,"geometry":{"type":"Polygon","coordinates":[[[71.558,51.12938],[71.564,51.12938],[71.564,51.13316],[71.558,51.13316],[71.558,51.12938]]]},"properties":{"id":1956,"trees":0,"canopy":1,"park_dist":1167,"pass_trees":false,"pass_canopy":false,"pass_dist":false,"score":0,"mock":true}},{"type":"Feature","id":1957,"geometry":{"type":"Polygon","coordinates":[[[71.558,51.13316],[71.564,51.13316],[71.564,51.13694],[71.558,51.13694],[71.558,51.13316]]]},"properties":{"id":1957,"trees":0,"canopy":1,"park_dist":1112,"pass_trees":false,"pass_canopy":false,"pass_dist":false,"score":0,"mock":true}},{"type":"Feature","id":1958,"geometry":{"type":"Polygon","coordinates":[[[71.558,51.13694],[71.564,51.13694],[71.564,51.14072],[71.558,51.14072],[71.558,51.13694]]]},"properties":{"id":1958,"trees":0,"canopy":1,"park_dist":1201,"pass_trees":false,"pass_canopy":false,"pass_dist":false,"score":0,"mock":true}},{"type":"Feature","id":1959,"geometry":{"type":"Polygon","coordinates":[[[71.558,51.14072],[71.564,51.14072],[71.564,51.1445],[71.558,51.1445],[71.558,51.14072]]]},"properties":{"id":1959,"trees":0,"canopy":1,"park_dist":1230,"pass_trees":false,"pass_canopy":false,"pass_dist":false,"score":0,"mock":true}},{"type":"Feature","id":1960,"geometry":{"type":"Polygon","coordinates":[[[71.558,51.1445],[71.564,51.1445],[71.564,51.14828],[71.558,51.14828],[71.558,51.1445]]]},"properties":{"id":1960,"trees":1,"canopy":1,"park_dist":1172,"pass_trees":false,"pass_canopy":false,"pass_dist":false,"score":0,"mock":true}},{"type":"Feature","id":1961,"geometry":{"type":"Polygon","coordinates":[[[71.558,51.14828],[71.564,51.14828],[71.564,51.15206],[71.558,51.15206],[71.558,51.14828]]]},"properties":{"id":1961,"trees":0,"canopy":1,"park_dist":1195,"pass_trees":false,"pass_canopy":false,"pass_dist":false,"score":0,"mock":true}},{"type":"Feature","id":1962,"geometry":{"type":"Polygon","coordinates":[[[71.558,51.15206],[71.564,51.15206],[71.564,51.15584],[71.558,51.15584],[71.558,51.15206]]]},"properties":{"id":1962,"trees":0,"canopy":1,"park_dist":1194,"pass_trees":false,"pass_canopy":false,"pass_dist":false,"score":0,"mock":true}},{"type":"Feature","id":1963,"geometry":{"type":"Polygon","coordinates":[[[71.558,51.15584],[71.564,51.15584],[71.564,51.15962],[71.558,51.15962],[71.558,51.15584]]]},"properties":{"id":1963,"trees":1,"canopy":3,"park_dist":1174,"pass_trees":false,"pass_canopy":false,"pass_dist":false,"score":0,"mock":true}},{"type":"Feature","id":1964,"geometry":{"type":"Polygon","coordinates":[[[71.558,51.15962],[71.564,51.15962],[71.564,51.1634],[71.558,51.1634],[71.558,51.15962]]]},"properties":{"id":1964,"trees":1,"canopy":4,"park_dist":1137,"pass_trees":false,"pass_canopy":false,"pass_dist":false,"score":0,"mock":true}},{"type":"Feature","id":1965,"geometry":{"type":"Polygon","coordinates":[[[71.558,51.1634],[71.564,51.1634],[71.564,51.16718],[71.558,51.16718],[71.558,51.1634]]]},"properties":{"id":1965,"trees":0,"canopy":2,"park_dist":1188,"pass_trees":false,"pass_canopy":false,"pass_dist":false,"score":0,"mock":true}},{"type":"Feature","id":1966,"geometry":{"type":"Polygon","coordinates":[[[71.558,51.16718],[71.564,51.16718],[71.564,51.17096],[71.558,51.17096],[71.558,51.16718]]]},"properties":{"id":1966,"trees":1,"canopy":4,"park_dist":1046,"pass_trees":false,"pass_canopy":false,"pass_dist":false,"score":0,"mock":true}},{"type":"Feature","id":1967,"geometry":{"type":"Polygon","coordinates":[[[71.558,51.17096],[71.564,51.17096],[71.564,51.17474],[71.558,51.17474],[71.558,51.17096]]]},"properties":{"id":1967,"trees":1,"canopy":7,"park_dist":1165,"pass_trees":false,"pass_canopy":false,"pass_dist":false,"score":0,"mock":true}},{"type":"Feature","id":1968,"geometry":{"type":"Polygon","coordinates":[[[71.558,51.17474],[71.564,51.17474],[71.564,51.17852],[71.558,51.17852],[71.558,51.17474]]]},"properties":{"id":1968,"trees":1,"canopy":3,"park_dist":1097,"pass_trees":false,"pass_canopy":false,"pass_dist":false,"score":0,"mock":true}},{"type":"Feature","id":1969,"geometry":{"type":"Polygon","coordinates":[[[71.558,51.17852],[71.564,51.17852],[71.564,51.1823],[71.558,51.1823],[71.558,51.17852]]]},"properties":{"id":1969,"trees":1,"canopy":7,"park_dist":1039,"pass_trees":false,"pass_canopy":false,"pass_dist":false,"score":0,"mock":true}},{"type":"Feature","id":1970,"geometry":{"type":"Polygon","coordinates":[[[71.558,51.1823],[71.564,51.1823],[71.564,51.18608],[71.558,51.18608],[71.558,51.1823]]]},"properties":{"id":1970,"trees":1,"canopy":7,"park_dist":1051,"pass_trees":false,"pass_canopy":false,"pass_dist":false,"score":0,"mock":true}},{"type":"Feature","id":1971,"geometry":{"type":"Polygon","coordinates":[[[71.558,51.18608],[71.564,51.18608],[71.564,51.18986],[71.558,51.18986],[71.558,51.18608]]]},"properties":{"id":1971,"trees":2,"canopy":9,"park_dist":1056,"pass_trees":false,"pass_canopy":false,"pass_dist":false,"score":0,"mock":true}},{"type":"Feature","id":1972,"geometry":{"type":"Polygon","coordinates":[[[71.558,51.18986],[71.564,51.18986],[71.564,51.19364],[71.558,51.19364],[71.558,51.18986]]]},"properties":{"id":1972,"trees":2,"canopy":6,"park_dist":1069,"pass_trees":false,"pass_canopy":false,"pass_dist":false,"score":0,"mock":true}},{"type":"Feature","id":1973,"geometry":{"type":"Polygon","coordinates":[[[71.558,51.19364],[71.564,51.19364],[71.564,51.19742],[71.558,51.19742],[71.558,51.19364]]]},"properties":{"id":1973,"trees":2,"canopy":10,"park_dist":824,"pass_trees":false,"pass_canopy":false,"pass_dist":false,"score":0,"mock":true}},{"type":"Feature","id":1974,"geometry":{"type":"Polygon","coordinates":[[[71.558,51.19742],[71.564,51.19742],[71.564,51.2012],[71.558,51.2012],[71.558,51.19742]]]},"properties":{"id":1974,"trees":2,"canopy":12,"park_dist":963,"pass_trees":false,"pass_canopy":false,"pass_dist":false,"score":0,"mock":true}},{"type":"Feature","id":1975,"geometry":{"type":"Polygon","coordinates":[[[71.558,51.2012],[71.564,51.2012],[71.564,51.20498],[71.558,51.20498],[71.558,51.2012]]]},"properties":{"id":1975,"trees":2,"canopy":12,"park_dist":903,"pass_trees":false,"pass_canopy":false,"pass_dist":false,"score":0,"mock":true}},{"type":"Feature","id":1976,"geometry":{"type":"Polygon","coordinates":[[[71.558,51.20498],[71.564,51.20498],[71.564,51.20876],[71.558,51.20876],[71.558,51.20498]]]},"properties":{"id":1976,"trees":2,"canopy":6,"park_dist":931,"pass_trees":false,"pass_canopy":false,"pass_dist":false,"score":0,"mock":true}},{"type":"Feature","id":1977,"geometry":{"type":"Polygon","coordinates":[[[71.558,51.20876],[71.564,51.20876],[71.564,51.21254],[71.558,51.21254],[71.558,51.20876]]]},"properties":{"id":1977,"trees":2,"canopy":19,"park_dist":782,"pass_trees":false,"pass_canopy":false,"pass_dist":false,"score":0,"mock":true}},{"type":"Feature","id":1978,"geometry":{"type":"Polygon","coordinates":[[[71.558,51.21254],[71.564,51.21254],[71.564,51.21632],[71.558,51.21632],[71.558,51.21254]]]},"properties":{"id":1978,"trees":3,"canopy":14,"park_dist":770,"pass_trees":true,"pass_canopy":false,"pass_dist":false,"score":1,"mock":true}},{"type":"Feature","id":1979,"geometry":{"type":"Polygon","coordinates":[[[71.558,51.21632],[71.564,51.21632],[71.564,51.2201],[71.558,51.2201],[71.558,51.21632]]]},"properties":{"id":1979,"trees":3,"canopy":11,"park_dist":801,"pass_trees":true,"pass_canopy":false,"pass_dist":false,"score":1,"mock":true}},{"type":"Feature","id":1980,"geometry":{"type":"Polygon","coordinates":[[[71.564,51.05],[71.57,51.05],[71.57,51.05378],[71.564,51.05378],[71.564,51.05]]]},"properties":{"id":1980,"trees":3,"canopy":15,"park_dist":714,"pass_trees":true,"pass_canopy":false,"pass_dist":false,"score":1,"mock":true}},{"type":"Feature","id":1981,"geometry":{"type":"Polygon","coordinates":[[[71.564,51.05378],[71.57,51.05378],[71.57,51.05756],[71.564,51.05756],[71.564,51.05378]]]},"properties":{"id":1981,"trees":3,"canopy":15,"park_dist":892,"pass_trees":true,"pass_canopy":false,"pass_dist":false,"score":1,"mock":true}},{"type":"Feature","id":1982,"geometry":{"type":"Polygon","coordinates":[[[71.564,51.05756],[71.57,51.05756],[71.57,51.06134],[71.564,51.06134],[71.564,51.05756]]]},"properties":{"id":1982,"trees":3,"canopy":14,"park_dist":878,"pass_trees":true,"pass_canopy":false,"pass_dist":false,"score":1,"mock":true}},{"type":"Feature","id":1983,"geometry":{"type":"Polygon","coordinates":[[[71.564,51.06134],[71.57,51.06134],[71.57,51.06512],[71.564,51.06512],[71.564,51.06134]]]},"properties":{"id":1983,"trees":2,"canopy":6,"park_dist":885,"pass_trees":false,"pass_canopy":false,"pass_dist":false,"score":0,"mock":true}},{"type":"Feature","id":1984,"geometry":{"type":"Polygon","coordinates":[[[71.564,51.06512],[71.57,51.06512],[71.57,51.0689],[71.564,51.0689],[71.564,51.06512]]]},"properties":{"id":1984,"trees":3,"canopy":15,"park_dist":757,"pass_trees":true,"pass_canopy":false,"pass_dist":false,"score":1,"mock":true}},{"type":"Feature","id":1985,"geometry":{"type":"Polygon","coordinates":[[[71.564,51.0689],[71.57,51.0689],[71.57,51.07268],[71.564,51.07268],[71.564,51.0689]]]},"properties":{"id":1985,"trees":2,"canopy":10,"park_dist":956,"pass_trees":false,"pass_canopy":false,"pass_dist":false,"score":0,"mock":true}},{"type":"Feature","id":1986,"geometry":{"type":"Polygon","coordinates":[[[71.564,51.07268],[71.57,51.07268],[71.57,51.07646],[71.564,51.07646],[71.564,51.07268]]]},"properties":{"id":1986,"trees":2,"canopy":15,"park_dist":840,"pass_trees":false,"pass_canopy":false,"pass_dist":false,"score":0,"mock":true}},{"type":"Feature","id":1987,"geometry":{"type":"Polygon","coordinates":[[[71.564,51.07646],[71.57,51.07646],[71.57,51.08024],[71.564,51.08024],[71.564,51.07646]]]},"properties":{"id":1987,"trees":2,"canopy":13,"park_dist":882,"pass_trees":false,"pass_canopy":false,"pass_dist":false,"score":0,"mock":true}},{"type":"Feature","id":1988,"geometry":{"type":"Polygon","coordinates":[[[71.564,51.08024],[71.57,51.08024],[71.57,51.08402],[71.564,51.08402],[71.564,51.08024]]]},"properties":{"id":1988,"trees":3,"canopy":14,"park_dist":877,"pass_trees":true,"pass_canopy":false,"pass_dist":false,"score":1,"mock":true}},{"type":"Feature","id":1989,"geometry":{"type":"Polygon","coordinates":[[[71.564,51.08402],[71.57,51.08402],[71.57,51.0878],[71.564,51.0878],[71.564,51.08402]]]},"properties":{"id":1989,"trees":2,"canopy":12,"park_dist":896,"pass_trees":false,"pass_canopy":false,"pass_dist":false,"score":0,"mock":true}},{"type":"Feature","id":1990,"geometry":{"type":"Polygon","coordinates":[[[71.564,51.0878],[71.57,51.0878],[71.57,51.09158],[71.564,51.09158],[71.564,51.0878]]]},"properties":{"id":1990,"trees":2,"canopy":10,"park_dist":919,"pass_trees":false,"pass_canopy":false,"pass_dist":false,"score":0,"mock":true}},{"type":"Feature","id":1991,"geometry":{"type":"Polygon","coordinates":[[[71.564,51.09158],[71.57,51.09158],[71.57,51.09536],[71.564,51.09536],[71.564,51.09158]]]},"properties":{"id":1991,"trees":2,"canopy":7,"park_dist":987,"pass_trees":false,"pass_canopy":false,"pass_dist":false,"score":0,"mock":true}},{"type":"Feature","id":1992,"geometry":{"type":"Polygon","coordinates":[[[71.564,51.09536],[71.57,51.09536],[71.57,51.09914],[71.564,51.09914],[71.564,51.09536]]]},"properties":{"id":1992,"trees":2,"canopy":9,"park_dist":985,"pass_trees":false,"pass_canopy":false,"pass_dist":false,"score":0,"mock":true}},{"type":"Feature","id":1993,"geometry":{"type":"Polygon","coordinates":[[[71.564,51.09914],[71.57,51.09914],[71.57,51.10292],[71.564,51.10292],[71.564,51.09914]]]},"properties":{"id":1993,"trees":2,"canopy":8,"park_dist":1105,"pass_trees":false,"pass_canopy":false,"pass_dist":false,"score":0,"mock":true}},{"type":"Feature","id":1994,"geometry":{"type":"Polygon","coordinates":[[[71.564,51.10292],[71.57,51.10292],[71.57,51.1067],[71.564,51.1067],[71.564,51.10292]]]},"properties":{"id":1994,"trees":1,"canopy":6,"park_dist":1027,"pass_trees":false,"pass_canopy":false,"pass_dist":false,"score":0,"mock":true}},{"type":"Feature","id":1995,"geometry":{"type":"Polygon","coordinates":[[[71.564,51.1067],[71.57,51.1067],[71.57,51.11048],[71.564,51.11048],[71.564,51.1067]]]},"properties":{"id":1995,"trees":2,"canopy":8,"park_dist":956,"pass_trees":false,"pass_canopy":false,"pass_dist":false,"score":0,"mock":true}},{"type":"Feature","id":1996,"geometry":{"type":"Polygon","coordinates":[[[71.564,51.11048],[71.57,51.11048],[71.57,51.11426],[71.564,51.11426],[71.564,51.11048]]]},"properties":{"id":1996,"trees":2,"canopy":7,"park_dist":1070,"pass_trees":false,"pass_canopy":false,"pass_dist":false,"score":0,"mock":true}},{"type":"Feature","id":1997,"geometry":{"type":"Polygon","coordinates":[[[71.564,51.11426],[71.57,51.11426],[71.57,51.11804],[71.564,51.11804],[71.564,51.11426]]]},"properties":{"id":1997,"trees":2,"canopy":5,"park_dist":1053,"pass_trees":false,"pass_canopy":false,"pass_dist":false,"score":0,"mock":true}},{"type":"Feature","id":1998,"geometry":{"type":"Polygon","coordinates":[[[71.564,51.11804],[71.57,51.11804],[71.57,51.12182],[71.564,51.12182],[71.564,51.11804]]]},"properties":{"id":1998,"trees":1,"canopy":2,"park_dist":1052,"pass_trees":false,"pass_canopy":false,"pass_dist":false,"score":0,"mock":true}},{"type":"Feature","id":1999,"geometry":{"type":"Polygon","coordinates":[[[71.564,51.12182],[71.57,51.12182],[71.57,51.1256],[71.564,51.1256],[71.564,51.12182]]]},"properties":{"id":1999,"trees":0,"canopy":5,"park_dist":1206,"pass_trees":false,"pass_canopy":false,"pass_dist":false,"score":0,"mock":true}},{"type":"Feature","id":2000,"geometry":{"type":"Polygon","coordinates":[[[71.564,51.1256],[71.57,51.1256],[71.57,51.12938],[71.564,51.12938],[71.564,51.1256]]]},"properties":{"id":2000,"trees":1,"canopy":5,"park_dist":1143,"pass_trees":false,"pass_canopy":false,"pass_dist":false,"score":0,"mock":true}},{"type":"Feature","id":2001,"geometry":{"type":"Polygon","coordinates":[[[71.564,51.12938],[71.57,51.12938],[71.57,51.13316],[71.564,51.13316],[71.564,51.12938]]]},"properties":{"id":2001,"trees":0,"canopy":1,"park_dist":1164,"pass_trees":false,"pass_canopy":false,"pass_dist":false,"score":0,"mock":true}},{"type":"Feature","id":2002,"geometry":{"type":"Polygon","coordinates":[[[71.564,51.13316],[71.57,51.13316],[71.57,51.13694],[71.564,51.13694],[71.564,51.13316]]]},"properties":{"id":2002,"trees":0,"canopy":3,"park_dist":1146,"pass_trees":false,"pass_canopy":false,"pass_dist":false,"score":0,"mock":true}},{"type":"Feature","id":2003,"geometry":{"type":"Polygon","coordinates":[[[71.564,51.13694],[71.57,51.13694],[71.57,51.14072],[71.564,51.14072],[71.564,51.13694]]]},"properties":{"id":2003,"trees":0,"canopy":3,"park_dist":1103,"pass_trees":false,"pass_canopy":false,"pass_dist":false,"score":0,"mock":true}},{"type":"Feature","id":2004,"geometry":{"type":"Polygon","coordinates":[[[71.564,51.14072],[71.57,51.14072],[71.57,51.1445],[71.564,51.1445],[71.564,51.14072]]]},"properties":{"id":2004,"trees":0,"canopy":1,"park_dist":1200,"pass_trees":false,"pass_canopy":false,"pass_dist":false,"score":0,"mock":true}},{"type":"Feature","id":2005,"geometry":{"type":"Polygon","coordinates":[[[71.564,51.1445],[71.57,51.1445],[71.57,51.14828],[71.564,51.14828],[71.564,51.1445]]]},"properties":{"id":2005,"trees":0,"canopy":1,"park_dist":1276,"pass_trees":false,"pass_canopy":false,"pass_dist":false,"score":0,"mock":true}},{"type":"Feature","id":2006,"geometry":{"type":"Polygon","coordinates":[[[71.564,51.14828],[71.57,51.14828],[71.57,51.15206],[71.564,51.15206],[71.564,51.14828]]]},"properties":{"id":2006,"trees":0,"canopy":2,"park_dist":1128,"pass_trees":false,"pass_canopy":false,"pass_dist":false,"score":0,"mock":true}},{"type":"Feature","id":2007,"geometry":{"type":"Polygon","coordinates":[[[71.564,51.15206],[71.57,51.15206],[71.57,51.15584],[71.564,51.15584],[71.564,51.15206]]]},"properties":{"id":2007,"trees":0,"canopy":6,"park_dist":1196,"pass_trees":false,"pass_canopy":false,"pass_dist":false,"score":0,"mock":true}},{"type":"Feature","id":2008,"geometry":{"type":"Polygon","coordinates":[[[71.564,51.15584],[71.57,51.15584],[71.57,51.15962],[71.564,51.15962],[71.564,51.15584]]]},"properties":{"id":2008,"trees":1,"canopy":4,"park_dist":1081,"pass_trees":false,"pass_canopy":false,"pass_dist":false,"score":0,"mock":true}},{"type":"Feature","id":2009,"geometry":{"type":"Polygon","coordinates":[[[71.564,51.15962],[71.57,51.15962],[71.57,51.1634],[71.564,51.1634],[71.564,51.15962]]]},"properties":{"id":2009,"trees":1,"canopy":4,"park_dist":1192,"pass_trees":false,"pass_canopy":false,"pass_dist":false,"score":0,"mock":true}},{"type":"Feature","id":2010,"geometry":{"type":"Polygon","coordinates":[[[71.564,51.1634],[71.57,51.1634],[71.57,51.16718],[71.564,51.16718],[71.564,51.1634]]]},"properties":{"id":2010,"trees":1,"canopy":8,"park_dist":1003,"pass_trees":false,"pass_canopy":false,"pass_dist":false,"score":0,"mock":true}},{"type":"Feature","id":2011,"geometry":{"type":"Polygon","coordinates":[[[71.564,51.16718],[71.57,51.16718],[71.57,51.17096],[71.564,51.17096],[71.564,51.16718]]]},"properties":{"id":2011,"trees":1,"canopy":4,"park_dist":1096,"pass_trees":false,"pass_canopy":false,"pass_dist":false,"score":0,"mock":true}},{"type":"Feature","id":2012,"geometry":{"type":"Polygon","coordinates":[[[71.564,51.17096],[71.57,51.17096],[71.57,51.17474],[71.564,51.17474],[71.564,51.17096]]]},"properties":{"id":2012,"trees":0,"canopy":2,"park_dist":1180,"pass_trees":false,"pass_canopy":false,"pass_dist":false,"score":0,"mock":true}},{"type":"Feature","id":2013,"geometry":{"type":"Polygon","coordinates":[[[71.564,51.17474],[71.57,51.17474],[71.57,51.17852],[71.564,51.17852],[71.564,51.17474]]]},"properties":{"id":2013,"trees":1,"canopy":7,"park_dist":1126,"pass_trees":false,"pass_canopy":false,"pass_dist":false,"score":0,"mock":true}},{"type":"Feature","id":2014,"geometry":{"type":"Polygon","coordinates":[[[71.564,51.17852],[71.57,51.17852],[71.57,51.1823],[71.564,51.1823],[71.564,51.17852]]]},"properties":{"id":2014,"trees":2,"canopy":8,"park_dist":988,"pass_trees":false,"pass_canopy":false,"pass_dist":false,"score":0,"mock":true}},{"type":"Feature","id":2015,"geometry":{"type":"Polygon","coordinates":[[[71.564,51.1823],[71.57,51.1823],[71.57,51.18608],[71.564,51.18608],[71.564,51.1823]]]},"properties":{"id":2015,"trees":2,"canopy":13,"park_dist":929,"pass_trees":false,"pass_canopy":false,"pass_dist":false,"score":0,"mock":true}},{"type":"Feature","id":2016,"geometry":{"type":"Polygon","coordinates":[[[71.564,51.18608],[71.57,51.18608],[71.57,51.18986],[71.564,51.18986],[71.564,51.18608]]]},"properties":{"id":2016,"trees":1,"canopy":8,"park_dist":1051,"pass_trees":false,"pass_canopy":false,"pass_dist":false,"score":0,"mock":true}},{"type":"Feature","id":2017,"geometry":{"type":"Polygon","coordinates":[[[71.564,51.18986],[71.57,51.18986],[71.57,51.19364],[71.564,51.19364],[71.564,51.18986]]]},"properties":{"id":2017,"trees":2,"canopy":11,"park_dist":940,"pass_trees":false,"pass_canopy":false,"pass_dist":false,"score":0,"mock":true}},{"type":"Feature","id":2018,"geometry":{"type":"Polygon","coordinates":[[[71.564,51.19364],[71.57,51.19364],[71.57,51.19742],[71.564,51.19742],[71.564,51.19364]]]},"properties":{"id":2018,"trees":2,"canopy":7,"park_dist":998,"pass_trees":false,"pass_canopy":false,"pass_dist":false,"score":0,"mock":true}},{"type":"Feature","id":2019,"geometry":{"type":"Polygon","coordinates":[[[71.564,51.19742],[71.57,51.19742],[71.57,51.2012],[71.564,51.2012],[71.564,51.19742]]]},"properties":{"id":2019,"trees":3,"canopy":18,"park_dist":810,"pass_trees":true,"pass_canopy":false,"pass_dist":false,"score":1,"mock":true}},{"type":"Feature","id":2020,"geometry":{"type":"Polygon","coordinates":[[[71.564,51.2012],[71.57,51.2012],[71.57,51.20498],[71.564,51.20498],[71.564,51.2012]]]},"properties":{"id":2020,"trees":2,"canopy":12,"park_dist":915,"pass_trees":false,"pass_canopy":false,"pass_dist":false,"score":0,"mock":true}},{"type":"Feature","id":2021,"geometry":{"type":"Polygon","coordinates":[[[71.564,51.20498],[71.57,51.20498],[71.57,51.20876],[71.564,51.20876],[71.564,51.20498]]]},"properties":{"id":2021,"trees":2,"canopy":13,"park_dist":913,"pass_trees":false,"pass_canopy":false,"pass_dist":false,"score":0,"mock":true}},{"type":"Feature","id":2022,"geometry":{"type":"Polygon","coordinates":[[[71.564,51.20876],[71.57,51.20876],[71.57,51.21254],[71.564,51.21254],[71.564,51.20876]]]},"properties":{"id":2022,"trees":2,"canopy":11,"park_dist":880,"pass_trees":false,"pass_canopy":false,"pass_dist":false,"score":0,"mock":true}},{"type":"Feature","id":2023,"geometry":{"type":"Polygon","coordinates":[[[71.564,51.21254],[71.57,51.21254],[71.57,51.21632],[71.564,51.21632],[71.564,51.21254]]]},"properties":{"id":2023,"trees":2,"canopy":13,"park_dist":759,"pass_trees":false,"pass_canopy":false,"pass_dist":false,"score":0,"mock":true}},{"type":"Feature","id":2024,"geometry":{"type":"Polygon","coordinates":[[[71.564,51.21632],[71.57,51.21632],[71.57,51.2201],[71.564,51.2201],[71.564,51.21632]]]},"properties":{"id":2024,"trees":2,"canopy":16,"park_dist":843,"pass_trees":false,"pass_canopy":false,"pass_dist":false,"score":0,"mock":true}},{"type":"Feature","id":2025,"geometry":{"type":"Polygon","coordinates":[[[71.57,51.05],[71.576,51.05],[71.576,51.05378],[71.57,51.05378],[71.57,51.05]]]},"properties":{"id":2025,"trees":2,"canopy":14,"park_dist":836,"pass_trees":false,"pass_canopy":false,"pass_dist":false,"score":0,"mock":true}},{"type":"Feature","id":2026,"geometry":{"type":"Polygon","coordinates":[[[71.57,51.05378],[71.576,51.05378],[71.576,51.05756],[71.57,51.05756],[71.57,51.05378]]]},"properties":{"id":2026,"trees":4,"canopy":20,"park_dist":723,"pass_trees":true,"pass_canopy":false,"pass_dist":false,"score":1,"mock":true}},{"type":"Feature","id":2027,"geometry":{"type":"Polygon","coordinates":[[[71.57,51.05756],[71.576,51.05756],[71.576,51.06134],[71.57,51.06134],[71.57,51.05756]]]},"properties":{"id":2027,"trees":2,"canopy":13,"park_dist":895,"pass_trees":false,"pass_canopy":false,"pass_dist":false,"score":0,"mock":true}},{"type":"Feature","id":2028,"geometry":{"type":"Polygon","coordinates":[[[71.57,51.06134],[71.576,51.06134],[71.576,51.06512],[71.57,51.06512],[71.57,51.06134]]]},"properties":{"id":2028,"trees":3,"canopy":15,"park_dist":785,"pass_trees":true,"pass_canopy":false,"pass_dist":false,"score":1,"mock":true}},{"type":"Feature","id":2029,"geometry":{"type":"Polygon","coordinates":[[[71.57,51.06512],[71.576,51.06512],[71.576,51.0689],[71.57,51.0689],[71.57,51.06512]]]},"properties":{"id":2029,"trees":3,"canopy":10,"park_dist":799,"pass_trees":true,"pass_canopy":false,"pass_dist":false,"score":1,"mock":true}},{"type":"Feature","id":2030,"geometry":{"type":"Polygon","coordinates":[[[71.57,51.0689],[71.576,51.0689],[71.576,51.07268],[71.57,51.07268],[71.57,51.0689]]]},"properties":{"id":2030,"trees":3,"canopy":11,"park_dist":833,"pass_trees":true,"pass_canopy":false,"pass_dist":false,"score":1,"mock":true}},{"type":"Feature","id":2031,"geometry":{"type":"Polygon","coordinates":[[[71.57,51.07268],[71.576,51.07268],[71.576,51.07646],[71.57,51.07646],[71.57,51.07268]]]},"properties":{"id":2031,"trees":2,"canopy":11,"park_dist":936,"pass_trees":false,"pass_canopy":false,"pass_dist":false,"score":0,"mock":true}},{"type":"Feature","id":2032,"geometry":{"type":"Polygon","coordinates":[[[71.57,51.07646],[71.576,51.07646],[71.576,51.08024],[71.57,51.08024],[71.57,51.07646]]]},"properties":{"id":2032,"trees":3,"canopy":17,"park_dist":878,"pass_trees":true,"pass_canopy":false,"pass_dist":false,"score":1,"mock":true}},{"type":"Feature","id":2033,"geometry":{"type":"Polygon","coordinates":[[[71.57,51.08024],[71.576,51.08024],[71.576,51.08402],[71.57,51.08402],[71.57,51.08024]]]},"properties":{"id":2033,"trees":2,"canopy":12,"park_dist":960,"pass_trees":false,"pass_canopy":false,"pass_dist":false,"score":0,"mock":true}},{"type":"Feature","id":2034,"geometry":{"type":"Polygon","coordinates":[[[71.57,51.08402],[71.576,51.08402],[71.576,51.0878],[71.57,51.0878],[71.57,51.08402]]]},"properties":{"id":2034,"trees":1,"canopy":7,"park_dist":930,"pass_trees":false,"pass_canopy":false,"pass_dist":false,"score":0,"mock":true}},{"type":"Feature","id":2035,"geometry":{"type":"Polygon","coordinates":[[[71.57,51.0878],[71.576,51.0878],[71.576,51.09158],[71.57,51.09158],[71.57,51.0878]]]},"properties":{"id":2035,"trees":2,"canopy":12,"park_dist":898,"pass_trees":false,"pass_canopy":false,"pass_dist":false,"score":0,"mock":true}},{"type":"Feature","id":2036,"geometry":{"type":"Polygon","coordinates":[[[71.57,51.09158],[71.576,51.09158],[71.576,51.09536],[71.57,51.09536],[71.57,51.09158]]]},"properties":{"id":2036,"trees":2,"canopy":11,"park_dist":941,"pass_trees":false,"pass_canopy":false,"pass_dist":false,"score":0,"mock":true}},{"type":"Feature","id":2037,"geometry":{"type":"Polygon","coordinates":[[[71.57,51.09536],[71.576,51.09536],[71.576,51.09914],[71.57,51.09914],[71.57,51.09536]]]},"properties":{"id":2037,"trees":2,"canopy":6,"park_dist":972,"pass_trees":false,"pass_canopy":false,"pass_dist":false,"score":0,"mock":true}},{"type":"Feature","id":2038,"geometry":{"type":"Polygon","coordinates":[[[71.57,51.09914],[71.576,51.09914],[71.576,51.10292],[71.57,51.10292],[71.57,51.09914]]]},"properties":{"id":2038,"trees":1,"canopy":9,"park_dist":881,"pass_trees":false,"pass_canopy":false,"pass_dist":false,"score":0,"mock":true}},{"type":"Feature","id":2039,"geometry":{"type":"Polygon","coordinates":[[[71.57,51.10292],[71.576,51.10292],[71.576,51.1067],[71.57,51.1067],[71.57,51.10292]]]},"properties":{"id":2039,"trees":1,"canopy":12,"park_dist":974,"pass_trees":false,"pass_canopy":false,"pass_dist":false,"score":0,"mock":true}},{"type":"Feature","id":2040,"geometry":{"type":"Polygon","coordinates":[[[71.57,51.1067],[71.576,51.1067],[71.576,51.11048],[71.57,51.11048],[71.57,51.1067]]]},"properties":{"id":2040,"trees":2,"canopy":13,"park_dist":870,"pass_trees":false,"pass_canopy":false,"pass_dist":false,"score":0,"mock":true}},{"type":"Feature","id":2041,"geometry":{"type":"Polygon","coordinates":[[[71.57,51.11048],[71.576,51.11048],[71.576,51.11426],[71.57,51.11426],[71.57,51.11048]]]},"properties":{"id":2041,"trees":1,"canopy":11,"park_dist":922,"pass_trees":false,"pass_canopy":false,"pass_dist":false,"score":0,"mock":true}},{"type":"Feature","id":2042,"geometry":{"type":"Polygon","coordinates":[[[71.57,51.11426],[71.576,51.11426],[71.576,51.11804],[71.57,51.11804],[71.57,51.11426]]]},"properties":{"id":2042,"trees":2,"canopy":5,"park_dist":1018,"pass_trees":false,"pass_canopy":false,"pass_dist":false,"score":0,"mock":true}},{"type":"Feature","id":2043,"geometry":{"type":"Polygon","coordinates":[[[71.57,51.11804],[71.576,51.11804],[71.576,51.12182],[71.57,51.12182],[71.57,51.11804]]]},"properties":{"id":2043,"trees":1,"canopy":7,"park_dist":1103,"pass_trees":false,"pass_canopy":false,"pass_dist":false,"score":0,"mock":true}},{"type":"Feature","id":2044,"geometry":{"type":"Polygon","coordinates":[[[71.57,51.12182],[71.576,51.12182],[71.576,51.1256],[71.57,51.1256],[71.57,51.12182]]]},"properties":{"id":2044,"trees":1,"canopy":5,"park_dist":1051,"pass_trees":false,"pass_canopy":false,"pass_dist":false,"score":0,"mock":true}},{"type":"Feature","id":2045,"geometry":{"type":"Polygon","coordinates":[[[71.57,51.1256],[71.576,51.1256],[71.576,51.12938],[71.57,51.12938],[71.57,51.1256]]]},"properties":{"id":2045,"trees":1,"canopy":3,"park_dist":1206,"pass_trees":false,"pass_canopy":false,"pass_dist":false,"score":0,"mock":true}},{"type":"Feature","id":2046,"geometry":{"type":"Polygon","coordinates":[[[71.57,51.12938],[71.576,51.12938],[71.576,51.13316],[71.57,51.13316],[71.57,51.12938]]]},"properties":{"id":2046,"trees":1,"canopy":2,"park_dist":1193,"pass_trees":false,"pass_canopy":false,"pass_dist":false,"score":0,"mock":true}},{"type":"Feature","id":2047,"geometry":{"type":"Polygon","coordinates":[[[71.57,51.13316],[71.576,51.13316],[71.576,51.13694],[71.57,51.13694],[71.57,51.13316]]]},"properties":{"id":2047,"trees":1,"canopy":1,"park_dist":1203,"pass_trees":false,"pass_canopy":false,"pass_dist":false,"score":0,"mock":true}},{"type":"Feature","id":2048,"geometry":{"type":"Polygon","coordinates":[[[71.57,51.13694],[71.576,51.13694],[71.576,51.14072],[71.57,51.14072],[71.57,51.13694]]]},"properties":{"id":2048,"trees":0,"canopy":6,"park_dist":1095,"pass_trees":false,"pass_canopy":false,"pass_dist":false,"score":0,"mock":true}},{"type":"Feature","id":2049,"geometry":{"type":"Polygon","coordinates":[[[71.57,51.14072],[71.576,51.14072],[71.576,51.1445],[71.57,51.1445],[71.57,51.14072]]]},"properties":{"id":2049,"trees":2,"canopy":3,"park_dist":1029,"pass_trees":false,"pass_canopy":false,"pass_dist":false,"score":0,"mock":true}},{"type":"Feature","id":2050,"geometry":{"type":"Polygon","coordinates":[[[71.57,51.1445],[71.576,51.1445],[71.576,51.14828],[71.57,51.14828],[71.57,51.1445]]]},"properties":{"id":2050,"trees":1,"canopy":1,"park_dist":1076,"pass_trees":false,"pass_canopy":false,"pass_dist":false,"score":0,"mock":true}},{"type":"Feature","id":2051,"geometry":{"type":"Polygon","coordinates":[[[71.57,51.14828],[71.576,51.14828],[71.576,51.15206],[71.57,51.15206],[71.57,51.14828]]]},"properties":{"id":2051,"trees":1,"canopy":6,"park_dist":1031,"pass_trees":false,"pass_canopy":false,"pass_dist":false,"score":0,"mock":true}},{"type":"Feature","id":2052,"geometry":{"type":"Polygon","coordinates":[[[71.57,51.15206],[71.576,51.15206],[71.576,51.15584],[71.57,51.15584],[71.57,51.15206]]]},"properties":{"id":2052,"trees":0,"canopy":1,"park_dist":1105,"pass_trees":false,"pass_canopy":false,"pass_dist":false,"score":0,"mock":true}},{"type":"Feature","id":2053,"geometry":{"type":"Polygon","coordinates":[[[71.57,51.15584],[71.576,51.15584],[71.576,51.15962],[71.57,51.15962],[71.57,51.15584]]]},"properties":{"id":2053,"trees":2,"canopy":6,"park_dist":978,"pass_trees":false,"pass_canopy":false,"pass_dist":false,"score":0,"mock":true}},{"type":"Feature","id":2054,"geometry":{"type":"Polygon","coordinates":[[[71.57,51.15962],[71.576,51.15962],[71.576,51.1634],[71.57,51.1634],[71.57,51.15962]]]},"properties":{"id":2054,"trees":2,"canopy":8,"park_dist":1053,"pass_trees":false,"pass_canopy":false,"pass_dist":false,"score":0,"mock":true}},{"type":"Feature","id":2055,"geometry":{"type":"Polygon","coordinates":[[[71.57,51.1634],[71.576,51.1634],[71.576,51.16718],[71.57,51.16718],[71.57,51.1634]]]},"properties":{"id":2055,"trees":1,"canopy":8,"park_dist":987,"pass_trees":false,"pass_canopy":false,"pass_dist":false,"score":0,"mock":true}},{"type":"Feature","id":2056,"geometry":{"type":"Polygon","coordinates":[[[71.57,51.16718],[71.576,51.16718],[71.576,51.17096],[71.57,51.17096],[71.57,51.16718]]]},"properties":{"id":2056,"trees":1,"canopy":6,"park_dist":967,"pass_trees":false,"pass_canopy":false,"pass_dist":false,"score":0,"mock":true}},{"type":"Feature","id":2057,"geometry":{"type":"Polygon","coordinates":[[[71.57,51.17096],[71.576,51.17096],[71.576,51.17474],[71.57,51.17474],[71.57,51.17096]]]},"properties":{"id":2057,"trees":1,"canopy":10,"park_dist":933,"pass_trees":false,"pass_canopy":false,"pass_dist":false,"score":0,"mock":true}},{"type":"Feature","id":2058,"geometry":{"type":"Polygon","coordinates":[[[71.57,51.17474],[71.576,51.17474],[71.576,51.17852],[71.57,51.17852],[71.57,51.17474]]]},"properties":{"id":2058,"trees":1,"canopy":7,"park_dist":1012,"pass_trees":false,"pass_canopy":false,"pass_dist":false,"score":0,"mock":true}},{"type":"Feature","id":2059,"geometry":{"type":"Polygon","coordinates":[[[71.57,51.17852],[71.576,51.17852],[71.576,51.1823],[71.57,51.1823],[71.57,51.17852]]]},"properties":{"id":2059,"trees":2,"canopy":14,"park_dist":982,"pass_trees":false,"pass_canopy":false,"pass_dist":false,"score":0,"mock":true}},{"type":"Feature","id":2060,"geometry":{"type":"Polygon","coordinates":[[[71.57,51.1823],[71.576,51.1823],[71.576,51.18608],[71.57,51.18608],[71.57,51.1823]]]},"properties":{"id":2060,"trees":2,"canopy":12,"park_dist":805,"pass_trees":false,"pass_canopy":false,"pass_dist":false,"score":0,"mock":true}},{"type":"Feature","id":2061,"geometry":{"type":"Polygon","coordinates":[[[71.57,51.18608],[71.576,51.18608],[71.576,51.18986],[71.57,51.18986],[71.57,51.18608]]]},"properties":{"id":2061,"trees":2,"canopy":16,"park_dist":937,"pass_trees":false,"pass_canopy":false,"pass_dist":false,"score":0,"mock":true}},{"type":"Feature","id":2062,"geometry":{"type":"Polygon","coordinates":[[[71.57,51.18986],[71.576,51.18986],[71.576,51.19364],[71.57,51.19364],[71.57,51.18986]]]},"properties":{"id":2062,"trees":2,"canopy":15,"park_dist":960,"pass_trees":false,"pass_canopy":false,"pass_dist":false,"score":0,"mock":true}},{"type":"Feature","id":2063,"geometry":{"type":"Polygon","coordinates":[[[71.57,51.19364],[71.576,51.19364],[71.576,51.19742],[71.57,51.19742],[71.57,51.19364]]]},"properties":{"id":2063,"trees":2,"canopy":10,"park_dist":854,"pass_trees":false,"pass_canopy":false,"pass_dist":false,"score":0,"mock":true}},{"type":"Feature","id":2064,"geometry":{"type":"Polygon","coordinates":[[[71.57,51.19742],[71.576,51.19742],[71.576,51.2012],[71.57,51.2012],[71.57,51.19742]]]},"properties":{"id":2064,"trees":3,"canopy":21,"park_dist":755,"pass_trees":true,"pass_canopy":false,"pass_dist":false,"score":1,"mock":true}},{"type":"Feature","id":2065,"geometry":{"type":"Polygon","coordinates":[[[71.57,51.2012],[71.576,51.2012],[71.576,51.20498],[71.57,51.20498],[71.57,51.2012]]]},"properties":{"id":2065,"trees":3,"canopy":11,"park_dist":839,"pass_trees":true,"pass_canopy":false,"pass_dist":false,"score":1,"mock":true}},{"type":"Feature","id":2066,"geometry":{"type":"Polygon","coordinates":[[[71.57,51.20498],[71.576,51.20498],[71.576,51.20876],[71.57,51.20876],[71.57,51.20498]]]},"properties":{"id":2066,"trees":2,"canopy":13,"park_dist":865,"pass_trees":false,"pass_canopy":false,"pass_dist":false,"score":0,"mock":true}},{"type":"Feature","id":2067,"geometry":{"type":"Polygon","coordinates":[[[71.57,51.20876],[71.576,51.20876],[71.576,51.21254],[71.57,51.21254],[71.57,51.20876]]]},"properties":{"id":2067,"trees":2,"canopy":15,"park_dist":771,"pass_trees":false,"pass_canopy":false,"pass_dist":false,"score":0,"mock":true}},{"type":"Feature","id":2068,"geometry":{"type":"Polygon","coordinates":[[[71.57,51.21254],[71.576,51.21254],[71.576,51.21632],[71.57,51.21632],[71.57,51.21254]]]},"properties":{"id":2068,"trees":2,"canopy":15,"park_dist":845,"pass_trees":false,"pass_canopy":false,"pass_dist":false,"score":0,"mock":true}},{"type":"Feature","id":2069,"geometry":{"type":"Polygon","coordinates":[[[71.57,51.21632],[71.576,51.21632],[71.576,51.2201],[71.57,51.2201],[71.57,51.21632]]]},"properties":{"id":2069,"trees":3,"canopy":13,"park_dist":787,"pass_trees":true,"pass_canopy":false,"pass_dist":false,"score":1,"mock":true}},{"type":"Feature","id":2070,"geometry":{"type":"Polygon","coordinates":[[[71.576,51.05],[71.582,51.05],[71.582,51.05378],[71.576,51.05378],[71.576,51.05]]]},"properties":{"id":2070,"trees":3,"canopy":13,"park_dist":768,"pass_trees":true,"pass_canopy":false,"pass_dist":false,"score":1,"mock":true}},{"type":"Feature","id":2071,"geometry":{"type":"Polygon","coordinates":[[[71.576,51.05378],[71.582,51.05378],[71.582,51.05756],[71.576,51.05756],[71.576,51.05378]]]},"properties":{"id":2071,"trees":3,"canopy":13,"park_dist":812,"pass_trees":true,"pass_canopy":false,"pass_dist":false,"score":1,"mock":true}},{"type":"Feature","id":2072,"geometry":{"type":"Polygon","coordinates":[[[71.576,51.05756],[71.582,51.05756],[71.582,51.06134],[71.576,51.06134],[71.576,51.05756]]]},"properties":{"id":2072,"trees":3,"canopy":15,"park_dist":785,"pass_trees":true,"pass_canopy":false,"pass_dist":false,"score":1,"mock":true}},{"type":"Feature","id":2073,"geometry":{"type":"Polygon","coordinates":[[[71.576,51.06134],[71.582,51.06134],[71.582,51.06512],[71.576,51.06512],[71.576,51.06134]]]},"properties":{"id":2073,"trees":2,"canopy":14,"park_dist":896,"pass_trees":false,"pass_canopy":false,"pass_dist":false,"score":0,"mock":true}},{"type":"Feature","id":2074,"geometry":{"type":"Polygon","coordinates":[[[71.576,51.06512],[71.582,51.06512],[71.582,51.0689],[71.576,51.0689],[71.576,51.06512]]]},"properties":{"id":2074,"trees":3,"canopy":14,"park_dist":843,"pass_trees":true,"pass_canopy":false,"pass_dist":false,"score":1,"mock":true}},{"type":"Feature","id":2075,"geometry":{"type":"Polygon","coordinates":[[[71.576,51.0689],[71.582,51.0689],[71.582,51.07268],[71.576,51.07268],[71.576,51.0689]]]},"properties":{"id":2075,"trees":3,"canopy":16,"park_dist":679,"pass_trees":true,"pass_canopy":false,"pass_dist":false,"score":1,"mock":true}},{"type":"Feature","id":2076,"geometry":{"type":"Polygon","coordinates":[[[71.576,51.07268],[71.582,51.07268],[71.582,51.07646],[71.576,51.07646],[71.576,51.07268]]]},"properties":{"id":2076,"trees":3,"canopy":11,"park_dist":763,"pass_trees":true,"pass_canopy":false,"pass_dist":false,"score":1,"mock":true}},{"type":"Feature","id":2077,"geometry":{"type":"Polygon","coordinates":[[[71.576,51.07646],[71.582,51.07646],[71.582,51.08024],[71.576,51.08024],[71.576,51.07646]]]},"properties":{"id":2077,"trees":2,"canopy":16,"park_dist":868,"pass_trees":false,"pass_canopy":false,"pass_dist":false,"score":0,"mock":true}},{"type":"Feature","id":2078,"geometry":{"type":"Polygon","coordinates":[[[71.576,51.08024],[71.582,51.08024],[71.582,51.08402],[71.576,51.08402],[71.576,51.08024]]]},"properties":{"id":2078,"trees":2,"canopy":12,"park_dist":899,"pass_trees":false,"pass_canopy":false,"pass_dist":false,"score":0,"mock":true}},{"type":"Feature","id":2079,"geometry":{"type":"Polygon","coordinates":[[[71.576,51.08402],[71.582,51.08402],[71.582,51.0878],[71.576,51.0878],[71.576,51.08402]]]},"properties":{"id":2079,"trees":2,"canopy":12,"park_dist":859,"pass_trees":false,"pass_canopy":false,"pass_dist":false,"score":0,"mock":true}},{"type":"Feature","id":2080,"geometry":{"type":"Polygon","coordinates":[[[71.576,51.0878],[71.582,51.0878],[71.582,51.09158],[71.576,51.09158],[71.576,51.0878]]]},"properties":{"id":2080,"trees":2,"canopy":10,"park_dist":797,"pass_trees":false,"pass_canopy":false,"pass_dist":false,"score":0,"mock":true}},{"type":"Feature","id":2081,"geometry":{"type":"Polygon","coordinates":[[[71.576,51.09158],[71.582,51.09158],[71.582,51.09536],[71.576,51.09536],[71.576,51.09158]]]},"properties":{"id":2081,"trees":2,"canopy":16,"park_dist":829,"pass_trees":false,"pass_canopy":false,"pass_dist":false,"score":0,"mock":true}},{"type":"Feature","id":2082,"geometry":{"type":"Polygon","coordinates":[[[71.576,51.09536],[71.582,51.09536],[71.582,51.09914],[71.576,51.09914],[71.576,51.09536]]]},"properties":{"id":2082,"trees":3,"canopy":13,"park_dist":855,"pass_trees":true,"pass_canopy":false,"pass_dist":false,"score":1,"mock":true}},{"type":"Feature","id":2083,"geometry":{"type":"Polygon","coordinates":[[[71.576,51.09914],[71.582,51.09914],[71.582,51.10292],[71.576,51.10292],[71.576,51.09914]]]},"properties":{"id":2083,"trees":2,"canopy":14,"park_dist":836,"pass_trees":false,"pass_canopy":false,"pass_dist":false,"score":0,"mock":true}},{"type":"Feature","id":2084,"geometry":{"type":"Polygon","coordinates":[[[71.576,51.10292],[71.582,51.10292],[71.582,51.1067],[71.576,51.1067],[71.576,51.10292]]]},"properties":{"id":2084,"trees":2,"canopy":9,"park_dist":880,"pass_trees":false,"pass_canopy":false,"pass_dist":false,"score":0,"mock":true}},{"type":"Feature","id":2085,"geometry":{"type":"Polygon","coordinates":[[[71.576,51.1067],[71.582,51.1067],[71.582,51.11048],[71.576,51.11048],[71.576,51.1067]]]},"properties":{"id":2085,"trees":2,"canopy":10,"park_dist":930,"pass_trees":false,"pass_canopy":false,"pass_dist":false,"score":0,"mock":true}},{"type":"Feature","id":2086,"geometry":{"type":"Polygon","coordinates":[[[71.576,51.11048],[71.582,51.11048],[71.582,51.11426],[71.576,51.11426],[71.576,51.11048]]]},"properties":{"id":2086,"trees":1,"canopy":10,"park_dist":915,"pass_trees":false,"pass_canopy":false,"pass_dist":false,"score":0,"mock":true}},{"type":"Feature","id":2087,"geometry":{"type":"Polygon","coordinates":[[[71.576,51.11426],[71.582,51.11426],[71.582,51.11804],[71.576,51.11804],[71.576,51.11426]]]},"properties":{"id":2087,"trees":1,"canopy":10,"park_dist":1008,"pass_trees":false,"pass_canopy":false,"pass_dist":false,"score":0,"mock":true}},{"type":"Feature","id":2088,"geometry":{"type":"Polygon","coordinates":[[[71.576,51.11804],[71.582,51.11804],[71.582,51.12182],[71.576,51.12182],[71.576,51.11804]]]},"properties":{"id":2088,"trees":2,"canopy":8,"park_dist":1066,"pass_trees":false,"pass_canopy":false,"pass_dist":false,"score":0,"mock":true}},{"type":"Feature","id":2089,"geometry":{"type":"Polygon","coordinates":[[[71.576,51.12182],[71.582,51.12182],[71.582,51.1256],[71.576,51.1256],[71.576,51.12182]]]},"properties":{"id":2089,"trees":2,"canopy":13,"park_dist":937,"pass_trees":false,"pass_canopy":false,"pass_dist":false,"score":0,"mock":true}},{"type":"Feature","id":2090,"geometry":{"type":"Polygon","coordinates":[[[71.576,51.1256],[71.582,51.1256],[71.582,51.12938],[71.576,51.12938],[71.576,51.1256]]]},"properties":{"id":2090,"trees":1,"canopy":4,"park_dist":1096,"pass_trees":false,"pass_canopy":false,"pass_dist":false,"score":0,"mock":true}},{"type":"Feature","id":2091,"geometry":{"type":"Polygon","coordinates":[[[71.576,51.12938],[71.582,51.12938],[71.582,51.13316],[71.576,51.13316],[71.576,51.12938]]]},"properties":{"id":2091,"trees":2,"canopy":11,"park_dist":937,"pass_trees":false,"pass_canopy":false,"pass_dist":false,"score":0,"mock":true}},{"type":"Feature","id":2092,"geometry":{"type":"Polygon","coordinates":[[[71.576,51.13316],[71.582,51.13316],[71.582,51.13694],[71.576,51.13694],[71.576,51.13316]]]},"properties":{"id":2092,"trees":2,"canopy":9,"park_dist":1072,"pass_trees":false,"pass_canopy":false,"pass_dist":false,"score":0,"mock":true}},{"type":"Feature","id":2093,"geometry":{"type":"Polygon","coordinates":[[[71.576,51.13694],[71.582,51.13694],[71.582,51.14072],[71.576,51.14072],[71.576,51.13694]]]},"properties":{"id":2093,"trees":2,"canopy":6,"park_dist":1005,"pass_trees":false,"pass_canopy":false,"pass_dist":false,"score":0,"mock":true}},{"type":"Feature","id":2094,"geometry":{"type":"Polygon","coordinates":[[[71.576,51.14072],[71.582,51.14072],[71.582,51.1445],[71.576,51.1445],[71.576,51.14072]]]},"properties":{"id":2094,"trees":0,"canopy":4,"park_dist":1088,"pass_trees":false,"pass_canopy":false,"pass_dist":false,"score":0,"mock":true}},{"type":"Feature","id":2095,"geometry":{"type":"Polygon","coordinates":[[[71.576,51.1445],[71.582,51.1445],[71.582,51.14828],[71.576,51.14828],[71.576,51.1445]]]},"properties":{"id":2095,"trees":1,"canopy":3,"park_dist":1012,"pass_trees":false,"pass_canopy":false,"pass_dist":false,"score":0,"mock":true}},{"type":"Feature","id":2096,"geometry":{"type":"Polygon","coordinates":[[[71.576,51.14828],[71.582,51.14828],[71.582,51.15206],[71.576,51.15206],[71.576,51.14828]]]},"properties":{"id":2096,"trees":1,"canopy":4,"park_dist":1142,"pass_trees":false,"pass_canopy":false,"pass_dist":false,"score":0,"mock":true}},{"type":"Feature","id":2097,"geometry":{"type":"Polygon","coordinates":[[[71.576,51.15206],[71.582,51.15206],[71.582,51.15584],[71.576,51.15584],[71.576,51.15206]]]},"properties":{"id":2097,"trees":1,"canopy":10,"park_dist":1048,"pass_trees":false,"pass_canopy":false,"pass_dist":false,"score":0,"mock":true}},{"type":"Feature","id":2098,"geometry":{"type":"Polygon","coordinates":[[[71.576,51.15584],[71.582,51.15584],[71.582,51.15962],[71.576,51.15962],[71.576,51.15584]]]},"properties":{"id":2098,"trees":1,"canopy":11,"park_dist":1026,"pass_trees":false,"pass_canopy":false,"pass_dist":false,"score":0,"mock":true}},{"type":"Feature","id":2099,"geometry":{"type":"Polygon","coordinates":[[[71.576,51.15962],[71.582,51.15962],[71.582,51.1634],[71.576,51.1634],[71.576,51.15962]]]},"properties":{"id":2099,"trees":1,"canopy":9,"park_dist":922,"pass_trees":false,"pass_canopy":false,"pass_dist":false,"score":0,"mock":true}},{"type":"Feature","id":2100,"geometry":{"type":"Polygon","coordinates":[[[71.576,51.1634],[71.582,51.1634],[71.582,51.16718],[71.576,51.16718],[71.576,51.1634]]]},"properties":{"id":2100,"trees":1,"canopy":7,"park_dist":981,"pass_trees":false,"pass_canopy":false,"pass_dist":false,"score":0,"mock":true}},{"type":"Feature","id":2101,"geometry":{"type":"Polygon","coordinates":[[[71.576,51.16718],[71.582,51.16718],[71.582,51.17096],[71.576,51.17096],[71.576,51.16718]]]},"properties":{"id":2101,"trees":2,"canopy":12,"park_dist":968,"pass_trees":false,"pass_canopy":false,"pass_dist":false,"score":0,"mock":true}},{"type":"Feature","id":2102,"geometry":{"type":"Polygon","coordinates":[[[71.576,51.17096],[71.582,51.17096],[71.582,51.17474],[71.576,51.17474],[71.576,51.17096]]]},"properties":{"id":2102,"trees":1,"canopy":13,"park_dist":1020,"pass_trees":false,"pass_canopy":false,"pass_dist":false,"score":0,"mock":true}},{"type":"Feature","id":2103,"geometry":{"type":"Polygon","coordinates":[[[71.576,51.17474],[71.582,51.17474],[71.582,51.17852],[71.576,51.17852],[71.576,51.17474]]]},"properties":{"id":2103,"trees":1,"canopy":13,"park_dist":912,"pass_trees":false,"pass_canopy":false,"pass_dist":false,"score":0,"mock":true}},{"type":"Feature","id":2104,"geometry":{"type":"Polygon","coordinates":[[[71.576,51.17852],[71.582,51.17852],[71.582,51.1823],[71.576,51.1823],[71.576,51.17852]]]},"properties":{"id":2104,"trees":2,"canopy":12,"park_dist":849,"pass_trees":false,"pass_canopy":false,"pass_dist":false,"score":0,"mock":true}},{"type":"Feature","id":2105,"geometry":{"type":"Polygon","coordinates":[[[71.576,51.1823],[71.582,51.1823],[71.582,51.18608],[71.576,51.18608],[71.576,51.1823]]]},"properties":{"id":2105,"trees":2,"canopy":12,"park_dist":996,"pass_trees":false,"pass_canopy":false,"pass_dist":false,"score":0,"mock":true}},{"type":"Feature","id":2106,"geometry":{"type":"Polygon","coordinates":[[[71.576,51.18608],[71.582,51.18608],[71.582,51.18986],[71.576,51.18986],[71.576,51.18608]]]},"properties":{"id":2106,"trees":3,"canopy":16,"park_dist":861,"pass_trees":true,"pass_canopy":false,"pass_dist":false,"score":1,"mock":true}},{"type":"Feature","id":2107,"geometry":{"type":"Polygon","coordinates":[[[71.576,51.18986],[71.582,51.18986],[71.582,51.19364],[71.576,51.19364],[71.576,51.18986]]]},"properties":{"id":2107,"trees":3,"canopy":13,"park_dist":890,"pass_trees":true,"pass_canopy":false,"pass_dist":false,"score":1,"mock":true}},{"type":"Feature","id":2108,"geometry":{"type":"Polygon","coordinates":[[[71.576,51.19364],[71.582,51.19364],[71.582,51.19742],[71.576,51.19742],[71.576,51.19364]]]},"properties":{"id":2108,"trees":3,"canopy":10,"park_dist":943,"pass_trees":true,"pass_canopy":false,"pass_dist":false,"score":1,"mock":true}},{"type":"Feature","id":2109,"geometry":{"type":"Polygon","coordinates":[[[71.576,51.19742],[71.582,51.19742],[71.582,51.2012],[71.576,51.2012],[71.576,51.19742]]]},"properties":{"id":2109,"trees":2,"canopy":16,"park_dist":795,"pass_trees":false,"pass_canopy":false,"pass_dist":false,"score":0,"mock":true}},{"type":"Feature","id":2110,"geometry":{"type":"Polygon","coordinates":[[[71.576,51.2012],[71.582,51.2012],[71.582,51.20498],[71.576,51.20498],[71.576,51.2012]]]},"properties":{"id":2110,"trees":2,"canopy":15,"park_dist":882,"pass_trees":false,"pass_canopy":false,"pass_dist":false,"score":0,"mock":true}},{"type":"Feature","id":2111,"geometry":{"type":"Polygon","coordinates":[[[71.576,51.20498],[71.582,51.20498],[71.582,51.20876],[71.576,51.20876],[71.576,51.20498]]]},"properties":{"id":2111,"trees":3,"canopy":16,"park_dist":934,"pass_trees":true,"pass_canopy":false,"pass_dist":false,"score":1,"mock":true}},{"type":"Feature","id":2112,"geometry":{"type":"Polygon","coordinates":[[[71.576,51.20876],[71.582,51.20876],[71.582,51.21254],[71.576,51.21254],[71.576,51.20876]]]},"properties":{"id":2112,"trees":3,"canopy":14,"park_dist":897,"pass_trees":true,"pass_canopy":false,"pass_dist":false,"score":1,"mock":true}},{"type":"Feature","id":2113,"geometry":{"type":"Polygon","coordinates":[[[71.576,51.21254],[71.582,51.21254],[71.582,51.21632],[71.576,51.21632],[71.576,51.21254]]]},"properties":{"id":2113,"trees":3,"canopy":15,"park_dist":828,"pass_trees":true,"pass_canopy":false,"pass_dist":false,"score":1,"mock":true}},{"type":"Feature","id":2114,"geometry":{"type":"Polygon","coordinates":[[[71.576,51.21632],[71.582,51.21632],[71.582,51.2201],[71.576,51.2201],[71.576,51.21632]]]},"properties":{"id":2114,"trees":2,"canopy":10,"park_dist":884,"pass_trees":false,"pass_canopy":false,"pass_dist":false,"score":0,"mock":true}}]}